material_id,cif_file,formula_norm,n_atoms,d0_A,motif_score,motif_percentile_vs_formula_clean_background,reserved_formula
mp-30952,GaCl3_mp-30952.cif,GaCl3,8,2.1170342098509485,1.0,100.0,True
mp-23288,AlBr3_mp-23288.cif,AlBr3,16,2.239574776007183,0.9974923729896545,100.0,True
mp-30930,AlI3_mp-30930.cif,AlI3,16,2.481020498262761,0.9886203408241272,100.0,False
mp-30953,GaBr3_mp-30953.cif,GaBr3,16,2.269210949455057,0.9877321124076843,99.85935302390999,False
mp-616204,Ga3Cl7_mp-616204.cif,Ga3Cl7,40,2.164708930836923,0.987721860408783,99.71870604781998,False
mp-30954,GaI3_mp-30954.cif,GaI3,16,2.4959546343818704,0.9864016175270081,99.57805907172997,False
mp-1205372,VCl4_mp-1205372.cif,VCl4,20,2.138097220095718,0.9855454564094543,99.43741209563994,False
mp-30092,TiCl4_mp-30092.cif,TiCl4,20,2.176001997701436,0.9840794801712036,99.29676511954993,False
mp-27634,TiBr4_mp-27634.cif,TiBr4,20,2.325109194735554,0.982652485370636,99.15611814345992,False
mp-570974,BeCl2_mp-570974.cif,BeCl2,48,2.018762109723574,0.9815946817398071,99.01547116736991,False
mp-570738,GaI2_mp-570738.cif,GaI2,36,2.564885646479649,0.9814225435256958,98.87482419127988,False
mp-28974,TiF4_mp-28974.cif,TiF4,60,1.7601250684276606,0.980520486831665,98.73417721518987,False
mp-680506,PtCl4_mp-680506.cif,PtCl4,40,2.2687972488104173,0.9802739024162292,98.59353023909986,False
mp-650841,GaBr2_mp-650841.cif,GaBr2,36,2.3453114377275917,0.9795151948928833,98.31223628691983,False
mp-30140,BeI2_mp-30140.cif,BeI2,48,2.410660966320905,0.979053258895874,98.17158931082982,False
mp-30139,BeBr2_mp-30139.cif,BeBr2,6,2.193732985828345,0.9786692261695862,98.0309423347398,False
mp-568848,GaCl2_mp-568848.cif,GaCl2,24,2.1899644377399055,0.9762017726898193,97.74964838255977,False
mp-1193047,CrCl3_mp-1193047.cif,CrCl3,24,2.2811082417519657,0.9760244488716125,97.60900140646976,False
mp-29866,SnCl4_mp-29866.cif,SnCl4,20,2.296593738895483,0.9756870865821838,97.46835443037975,False
mp-554855,CrF4_mp-554855.cif,CrF4,40,1.7440464863852136,0.974211573600769,97.18706047819971,False
mp-27647,AuCl3_mp-27647.cif,AuCl3,16,2.2620291435497575,0.9733622074127197,96.90576652601969,False
mp-15951,BeF2_mp-15951.cif,BeF2,9,1.5496899103074118,0.9717408418655396,96.76511954992968,False
mp-23216,SnBr4_mp-23216.cif,SnBr4,20,2.4564695792173925,0.9717015624046326,96.62447257383965,False
mp-567789,InI3_mp-567789.cif,InI3,16,2.671536971116759,0.9704287648200989,96.48382559774966,True
mp-27161,ZnI2_mp-27161.cif,ZnI2,48,2.611958474963523,0.9697166085243225,96.34317862165963,False
mp-1018888,PdCl2_mp-1018888.cif,PdCl2,6,2.3308664395289806,0.9694920182228088,96.20253164556962,False
mp-27213,AuBr3_mp-27213.cif,AuBr3,32,2.423168479238674,0.969243049621582,96.0618846694796,False
mp-23173,HgI2_mp-23173.cif,HgI2,6,2.6522154422888855,0.9686780571937561,95.9212376933896,False
mp-541656,AuCl2_mp-541656.cif,AuCl2,12,2.296840932176774,0.9683986306190491,95.78059071729957,False
mp-647579,ZnBr2_mp-647579.cif,ZnBr2,48,2.412840173669511,0.9681465029716492,95.63994374120956,False
mp-573815,ReI3_mp-573815.cif,ReI3,24,2.6454175357057452,0.9679379463195801,95.49929676511954,False
mp-571540,ZnCl2_mp-571540.cif,ZnCl2,36,2.272894160637091,0.9676806330680847,95.35864978902954,True
mp-27340,ReCl4_mp-27340.cif,ReCl4,20,2.2812815763981367,0.9670761823654175,95.21800281293952,False
mp-2360071,CuBr2_mp-2360071.cif,CuBr2,3,2.416787680505861,0.9670758843421936,95.0773558368495,False
mp-23292,HgBr2_mp-23292.cif,HgBr2,6,2.4866636292438944,0.9665284752845764,94.9367088607595,False
mp-22855,HgCl2_mp-22855.cif,HgCl2,12,2.3125146057315416,0.9660963416099548,94.79606188466948,False
mp-554799,VF4_mp-554799.cif,VF4,10,1.7401417123302503,0.9643712043762207,94.65541490857946,False
mp-567273,HfI4_mp-567273.cif,HfI4,40,2.6508097505473387,0.9642056822776794,94.51476793248945,False
mp-29422,HfCl4_mp-29422.cif,HfCl4,10,2.301907751561549,0.9637612700462341,94.37412095639944,False
mp-541112,ZrI4_mp-541112.cif,ZrI4,20,2.7128352098163964,0.9630309343338013,94.23347398030943,False
mp-568108,InBr2_mp-568108.cif,InBr2,24,2.5312629827581086,0.962858259677887,94.09282700421942,False
mp-1204035,W15I47_mp-1204035.cif,W15I47,62,2.801522661050794,0.9624566435813904,93.95218002812939,False
mp-571436,SnI4_mp-571436.cif,SnI4,5,2.6869739649305036,0.9615957140922546,93.81153305203938,False
mp-569175,ZrCl4_mp-569175.cif,ZrCl4,10,2.3254400471382675,0.9607681035995483,93.67088607594937,True
mp-28320,Pt3I8_mp-28320.cif,Pt3I8,44,2.6231106110454645,0.9605512022972107,93.67088607594937,False
mp-27780,TcCl4_mp-27780.cif,TcCl4,40,2.2425214510474127,0.960292637348175,93.38959212376933,False
mp-571627,CaCl2_mp-571627.cif,CaCl2,12,2.612652154736221,0.9600956439971924,93.24894514767934,False
mp-29312,InI2_mp-29312.cif,InI2,24,2.7452117349533656,0.9595760107040405,93.10829817158931,False
mp-1194880,W5I16_mp-1194880.cif,W5I16,84,2.7988055872009894,0.9592333436012268,92.9676511954993,False
mp-23290,PtCl2_mp-23290.cif,PtCl2,18,2.3186966141095935,0.9588643312454224,92.82700421940928,False
mp-1196387,W3I8_mp-1196387.cif,W3I8,88,2.784293298249384,0.9587695598602295,92.68635724331928,False
mp-28880,W3Br7_mp-28880.cif,W3Br7,80,2.5458491413807582,0.9587616920471191,92.54571026722925,False
mp-541013,TiI4_mp-541013.cif,TiI4,10,2.5887689368341986,0.9585390686988831,92.40506329113924,False
mp-541103,MnF4_mp-541103.cif,MnF4,40,1.7121103255751784,0.9584380388259888,92.26441631504923,False
mp-27857,PdBr2_mp-27857.cif,PdBr2,24,2.4489677654363593,0.958070695400238,92.12376933895922,False
mp-27309,VF5_mp-27309.cif,VF5,48,1.7272077347331316,0.9577855467796326,91.9831223628692,False
mp-17407,Au3F8_mp-17407.cif,Au3F8,22,1.9251448589835374,0.9577100872993469,91.84247538677918,False
mp-27645,ReCl5_mp-27645.cif,ReCl5,48,2.271819012438164,0.9568960666656494,91.70182841068917,False
mp-1195045,WI4_mp-1195045.cif,WI4,120,2.7844276491559605,0.9567844271659851,91.56118143459916,False
mp-1196036,WI3_mp-1196036.cif,WI3,96,2.7880433480563624,0.9563875198364258,91.42053445850914,False
mp-731800,TlBr3_mp-731800.cif,TlBr3,16,2.5176862910973408,0.9562481641769409,91.13924050632912,False
mp-27398,TlBr2_mp-27398.cif,TlBr2,24,2.604994216965169,0.9559600353240967,90.9985935302391,False
mp-28319,PtI2_mp-28319.cif,PtI2,12,2.6015449238446715,0.9553399085998535,90.85794655414908,False
mp-27205,TlCl2_mp-27205.cif,TlCl2,12,2.463702911905946,0.9553278684616089,90.71729957805907,False
mp-639662,CrF5_mp-639662.cif,CrF5,24,1.711834915502712,0.9550864100456238,90.43600562587905,False
mp-569005,MoCl4_mp-569005.cif,MoCl4,30,2.25103548083242,0.9548870325088501,90.29535864978902,False
mp-569017,PdI2_mp-569017.cif,PdI2,6,2.632558776183612,0.9545339345932007,90.15471167369901,False
mp-556560,MnF3_mp-556560.cif,MnF3,8,1.8631531368370102,0.9535309672355652,90.014064697609,False
mp-570480,TcBr4_mp-570480.cif,TcBr4,40,2.4062679240158977,0.9532263278961182,89.73277074542897,False
mp-22876,CsI3_mp-22876.cif,CsI3,16,2.9541593647419395,0.9526463747024536,89.59212376933895,False
mp-23174,ReCl3_mp-23174.cif,ReCl3,24,2.320044664748599,0.952498197555542,89.45147679324894,False
mp-542298,Ag2F5_mp-542298.cif,Ag2F5,28,1.9534164036994421,0.9521898031234741,89.31082981715893,False
mp-1190915,TcCl3_mp-1190915.cif,TcCl3,24,2.3050366631931745,0.9519480466842651,89.17018284106891,False
mp-30999,CuCl2_mp-30999.cif,CuCl2,3,2.2787663273624883,0.951802670955658,89.0295358649789,False
mp-28328,RbI3_mp-28328.cif,RbI3,16,2.9540476249835166,0.9508435130119324,88.74824191279887,False
mp-562412,Ag3F8_mp-562412.cif,Ag3F8,22,1.9252970836527195,0.9506640434265137,88.46694796061885,False
mp-567687,CrI2_mp-567687.cif,CrI2,6,2.7332675728806026,0.9504624009132385,88.32630098452883,False
mp-1197907,W2Br5_mp-1197907.cif,W2Br5,56,2.5854634802879515,0.9502890110015869,88.18565400843882,False
mp-1101909,VCl5_mp-1101909.cif,VCl5,12,2.1771868003004844,0.9493171572685242,87.9043600562588,False
mp-8289,SnF3_mp-8289.cif,SnF3,8,1.9847904439450423,0.9492841958999634,87.76371308016878,False
mp-31134,PtCl3_mp-31134.cif,PtCl3,48,2.319106192053702,0.949165403842926,87.62306610407876,False
mp-567537,TaI4_mp-567537.cif,TaI4,20,2.735943667889412,0.9491105675697327,87.48241912798875,False
mp-648774,Zr2Cl5_mp-648774.cif,Zr2Cl5,168,2.54446440797222,0.9485293030738831,87.20112517580873,False
mp-1544557,KF3_mp-1544557.cif,KF3,32,1.9404078768857043,0.9484558701515198,87.0604781997187,False
mp-1323,AlF3_mp-1323.cif,AlF3,64,1.812901697296624,0.9483926296234131,86.91983122362869,False
mp-1095094,SnI3_mp-1095094.cif,SnI3,8,3.016422648241041,0.9483267068862915,86.77918424753868,False
mp-28301,OsBr4_mp-28301.cif,OsBr4,40,2.4095233930272473,0.9483022689819336,86.63853727144867,False
mp-23165,PtBr3_mp-23165.cif,PtBr3,48,2.4567307872729964,0.9473065137863159,86.49789029535864,False
mp-28268,PtI3_mp-28268.cif,PtI3,16,2.6307627213357163,0.947303295135498,86.35724331926863,False
mp-28329,TlI3_mp-28329.cif,TlI3,16,2.946819162063656,0.9472593069076538,86.21659634317862,False
mp-568483,NbCl5_mp-568483.cif,NbCl5,24,2.301492946903129,0.9472129344940186,86.07594936708861,False
mp-23274,Ta2Cl5_mp-23274.cif,Ta2Cl5,168,2.445580252696434,0.9464685320854187,85.65400843881856,False
mp-29554,WBr5_mp-29554.cif,WBr5,36,2.4438266975103797,0.9463666677474976,85.51336146272855,False
mp-27765,W3Br8_mp-27765.cif,W3Br8,44,2.5913722928964384,0.9462193846702576,85.37271448663853,False
mp-27641,CsBr3_mp-27641.cif,CsBr3,16,2.5778305221930715,0.9461073875427246,85.23206751054853,False
mp-14112,PdF3_mp-14112.cif,PdF3,12,1.9487562049746945,0.9459213614463806,85.0914205344585,False
mp-558380,Cr2F5_mp-558380.cif,Cr2F5,14,1.9209373147746298,0.9455665946006775,84.9507735583685,False
mp-570355,PbCl4_mp-570355.cif,PbCl4,10,2.3992555394716684,0.9452614188194275,84.81012658227847,False
mp-22857,CrCl2_mp-22857.cif,CrCl2,6,2.382741903890504,0.9448570013046265,84.66947960618847,False
mp-1443,Sn3F8_mp-1443.cif,Sn3F8,22,2.0012715106753833,0.9442562460899353,84.52883263009845,False
mp-27160,WCl5_mp-27160.cif,WCl5,36,2.2658464799810507,0.9440174102783203,84.38818565400844,False
mp-1760,UF5_mp-1760.cif,UF5,24,2.021334495785285,0.9436900615692139,84.24753867791843,False
mp-29831,TaCl5_mp-29831.cif,TaCl5,36,2.28807559398059,0.9436516761779785,84.10689170182842,True
mp-569855,MoCl5_mp-569855.cif,MoCl5,48,2.260186703821083,0.9429882764816284,83.82559774964838,False
mp-680077,Ta2Br5_mp-680077.cif,Ta2Br5,168,2.5932789187246224,0.9427036643028259,83.40365682137833,False
mp-571011,CsI4_mp-571011.cif,CsI4,20,2.8767965558246082,0.9424776434898376,83.12236286919831,False
mp-726693,TlCl3_mp-726693.cif,TlCl3,16,2.389031585276796,0.9424436688423157,82.9817158931083,False
mp-23204,FeCl3_mp-23204.cif,FeCl3,8,2.267155033446047,0.9420815110206604,82.70042194092827,True
mp-567624,CrBr2_mp-567624.cif,CrBr2,3,2.5450842056077563,0.9420354962348938,82.70042194092827,False
mp-680760,In4Br7_mp-680760.cif,In4Br7,44,2.6869480726763713,0.9416055083274841,82.55977496483825,False
mp-22853,MoCl3_mp-22853.cif,MoCl3,8,2.431597323505879,0.9410301446914673,82.27848101265823,False
mp-571035,OsCl4_mp-571035.cif,OsCl4,5,2.2654059130492743,0.9408911466598511,81.99718706047821,False
mp-23264,TiI3_mp-23264.cif,TiI3,16,2.7437887871335027,0.9404608607292175,81.85654008438819,False
mp-558836,MoF6_mp-558836.cif,MoF6,7,1.832807049411936,0.9404109120368958,81.71589310829818,False
mp-571377,TiCl3_mp-571377.cif,TiCl3,24,2.409500472915264,0.9402021765708923,81.43459915611815,False
mp-27771,Nb3Br8_mp-27771.cif,Nb3Br8,22,2.5858747823457975,0.9401676654815674,81.29395218002813,False
mp-1416,NbF4_mp-1416.cif,NbF4,5,1.906251725730682,0.939849853515625,81.15330520393812,False
mp-504759,MoF5_mp-504759.cif,MoF5,24,1.829302799155636,0.9396057724952698,81.0126582278481,False
mp-27772,Nb3I8_mp-27772.cif,Nb3I8,22,2.7650682321932907,0.9393802881240845,80.8720112517581,False
mp-23269,WCl3_mp-23269.cif,WCl3,24,2.389276714827583,0.9389119148254395,80.59071729957806,False
mp-29465,TaCl4_mp-29465.cif,TaCl4,10,2.3052113020812417,0.9387925267219543,80.45007032348805,False
mp-540671,Ti7Cl16_mp-540671.cif,Ti7Cl16,46,2.3651603875839253,0.9387156367301941,80.30942334739804,False
mp-31040,NbCl4_mp-31040.cif,NbCl4,10,2.3196078448647626,0.9380585551261902,80.16877637130801,False
mp-25469,AlCl3_mp-25469.cif,AlCl3,8,2.324805624893167,0.9380550980567932,80.028129395218,True
mp-7456,SnF2_mp-7456.cif,SnF2,12,2.096287703946258,0.9379478096961975,80.028129395218,False
mp-620029,MoCl2_mp-620029.cif,MoCl2,36,2.4796224218160274,0.9379381537437439,79.88748241912799,False
mp-568245,NbBr5_mp-568245.cif,NbBr5,12,2.4594627802843423,0.9375147223472595,79.46554149085794,False
mp-570997,RuCl3_mp-570997.cif,RuCl3,24,2.3768968409844335,0.937308132648468,79.18424753867792,False
mp-29950,Nb3Cl8_mp-29950.cif,Nb3Cl8,22,2.4468702265719298,0.9370983242988586,79.0436005625879,False
mp-610430,BiBr3_mp-610430.cif,BiBr3,16,2.7445677834538085,0.9369823932647705,78.76230661040788,False
mp-540672,Ti7Br16_mp-540672.cif,Ti7Br16,46,2.5193821564817274,0.9367249608039856,78.62165963431787,False
mp-1203015,TaBr5_mp-1203015.cif,TaBr5,36,2.4484594450246284,0.9365845918655396,78.48101265822784,False
mp-974434,RuF4_mp-974434.cif,RuF4,10,1.8374457360486696,0.936505913734436,78.34036568213783,False
mp-980949,WCl4_mp-980949.cif,WCl4,10,2.292652868483823,0.9363673329353333,78.19971870604782,False
mp-28214,TiBr3_mp-28214.cif,TiBr3,8,2.536421632368391,0.9362980127334595,77.91842475386778,False
mp-29555,MoBr2_mp-29555.cif,MoBr2,36,2.6148909127081392,0.9361516237258911,77.77777777777779,False
mp-554340,CrF2_mp-554340.cif,CrF2,6,1.9787751482771665,0.9361003637313843,77.63713080168776,False
mp-669496,PtI4_mp-669496.cif,PtI4,40,2.669015274418829,0.9351766705513,77.35583684950772,False
mp-29498,WBr2_mp-29498.cif,WBr2,36,2.6391602650320465,0.9351312518119812,77.21518987341773,False
mp-570989,UCl5_mp-570989.cif,UCl5,24,2.466156082122259,0.9351205825805664,77.0745428973277,False
mp-1198690,MoI2_mp-1198690.cif,MoI2,36,2.7919367398397013,0.9351144433021545,76.93389592123769,False
mp-1080821,BaF3_mp-1080821.cif,BaF3,8,2.325077200031214,0.9349014163017273,76.79324894514767,False
mp-21208,RhF3_mp-21208.cif,RhF3,12,1.9786261988624725,0.9346311688423157,76.65260196905767,False
mp-23238,Ta3I7_mp-23238.cif,Ta3I7,40,2.813263653883056,0.9343751072883606,76.37130801687763,False
mp-27455,YCl3_mp-27455.cif,YCl3,8,2.647831495067037,0.9343647956848145,76.23066104078762,False
mp-561197,TaF5_mp-561197.cif,TaF5,24,1.8571068686578112,0.9342220425605774,76.09001406469761,False
mp-7715,AgF2_mp-7715.cif,AgF2,6,2.077862408197327,0.9341296553611755,75.9493670886076,False
mp-568208,IrCl3_mp-568208.cif,IrCl3,16,2.3608766368289293,0.9337815642356873,75.66807313642757,False
mp-1078300,ScF3_mp-1078300.cif,ScF3,8,2.020239204845687,0.9337050318717957,75.52742616033755,False
mp-540829,RuF5_mp-540829.cif,RuF5,48,1.8290876634330495,0.9336533546447754,75.38677918424754,False
mp-29412,Ta3Br7_mp-29412.cif,Ta3Br7,40,2.593469586344334,0.9335913062095642,75.10548523206751,False
mp-27770,RhCl3_mp-27770.cif,RhCl3,8,2.349187583286021,0.9333897829055786,74.82419127988749,False
mp-27397,IrBr3_mp-27397.cif,IrBr3,8,2.501217718790966,0.9331570863723755,74.68354430379746,False
mp-246,TiF3_mp-246.cif,TiF3,8,1.9598356279549212,0.9330968856811523,74.54289732770746,False
mp-554201,MoF3_mp-554201.cif,MoF3,4,2.051998475,0.9330609440803528,74.40225035161744,False
mp-1795,NbF3_mp-1795.cif,NbF3,4,2.097514,0.9330608248710632,74.26160337552743,False
mp-8338,TaF3_mp-8338.cif,TaF3,4,2.083323,0.9330608248710632,74.26160337552743,False
mp-18687,NbF5_mp-18687.cif,NbF5,24,1.8698733853443614,0.9329534769058228,73.9803094233474,False
mp-27871,RhBr3_mp-27871.cif,RhBr3,8,2.4922542439260824,0.9328259229660034,73.83966244725738,False
mp-1080428,NbBr4_mp-1080428.cif,NbBr4,10,2.4786956015616735,0.9328186511993408,73.69901547116737,False
mp-655360,UI4_mp-655360.cif,UI4,10,2.8810681199995747,0.9321509003639221,73.55836849507736,False
mp-28112,In5Cl9_mp-28112.cif,In5Cl9,28,2.433475958059975,0.9318826198577881,73.27707454289732,False
mp-29862,SnBr2_mp-29862.cif,SnBr2,12,2.7565674297212475,0.9317581653594971,73.13642756680731,False
mp-1229,CuF2_mp-1229.cif,CuF2,6,1.9064600277614812,0.9316931962966919,72.9957805907173,False
mp-22892,RuBr3_mp-22892.cif,RuBr3,8,2.5013351165341375,0.931481122970581,72.85513361462729,False
mp-614777,NiF3_mp-614777.cif,NiF3,8,1.8089907711012145,0.9310709834098816,72.57383966244726,False
mp-636675,Ga2I3_mp-636675.cif,Ga2I3,20,2.6139793146601127,0.9309746623039246,72.43319268635724,False
mp-29179,SnCl2_mp-29179.cif,SnCl2,24,2.6078708302164753,0.9305614233016968,72.29254571026723,True
mp-540622,RhF5_mp-540622.cif,RhF5,48,1.8296073015317709,0.9305263757705688,72.29254571026723,False
mp-569578,NbI5_mp-569578.cif,NbI5,12,2.6898090319502272,0.929912805557251,71.72995780590718,False
mp-559931,VF3_mp-559931.cif,VF3,8,1.9196838628362949,0.9298202395439148,71.58931082981715,False
mp-1196526,Nb6I11_mp-1196526.cif,Nb6I11,68,2.8731493763880813,0.9293707609176636,71.44866385372714,False
mp-1192044,ZrCl3_mp-1192044.cif,ZrCl3,24,2.536196100712342,0.9291518926620483,71.30801687763713,False
mp-570722,NbI3_mp-570722.cif,NbI3,8,2.829482626626573,0.9289603233337402,71.0267229254571,False
mp-1078239,WBr4_mp-1078239.cif,WBr4,10,2.458811701264619,0.9288497567176819,70.88607594936708,False
mp-27734,CrBr3_mp-27734.cif,CrBr3,24,2.511848222140812,0.9288336634635925,70.74542897327707,False
mp-27182,GdBr3_mp-27182.cif,GdBr3,8,2.8358795554866756,0.9287912249565125,70.60478199718706,False
mp-540830,OsF5_mp-540830.cif,OsF5,48,1.8577912500537006,0.9285401701927185,70.46413502109705,False
mp-13868,PdF4_mp-13868.cif,PdF4,10,1.8511753967753726,0.9279513359069824,70.32348804500702,False
mp-570679,TaI5_mp-570679.cif,TaI5,48,2.6836566764981447,0.9279412627220154,70.18284106891703,False
mp-28117,VCl3_mp-28117.cif,VCl3,8,2.3861701528494157,0.9278726577758789,70.042194092827,False
mp-570219,InBr3_mp-570219.cif,InBr3,8,2.6981755616531586,0.9278712272644043,69.90154711673699,True
mp-559473,CoF3_mp-559473.cif,CoF3,8,1.8477428442812616,0.9278144240379333,69.90154711673699,False
mp-22908,BiCl3_mp-22908.cif,BiCl3,16,2.5512587862864913,0.9275529980659485,69.62025316455697,False
mp-27436,PaCl5_mp-27436.cif,PaCl5,12,2.492037605587087,0.9274743795394897,69.47960618846695,False
mp-23232,FeBr3_mp-23232.cif,FeBr3,8,2.5464610008268185,0.9274578094482422,69.33895921237693,False
mp-727311,SrF3_mp-727311.cif,SrF3,8,2.199755382349526,0.9273704886436462,69.19831223628692,False
mp-27642,PaBr5_mp-27642.cif,PaBr5,24,2.650285451886544,0.9271734356880188,69.05766526019691,False
mp-23309,ScCl3_mp-23309.cif,ScCl3,8,2.4969891294725937,0.9271600246429443,68.91701828410689,False
mp-22854,Pr2I5_mp-22854.cif,Pr2I5,14,3.232514546494402,0.9267478585243225,68.77637130801688,False
mp-27880,Nb3Cl7_mp-27880.cif,Nb3Cl7,40,2.448866812812234,0.9266849756240845,68.63572433192687,False
mp-22070,CeF3_mp-22070.cif,CeF3,24,2.3700532199406243,0.9264277815818787,68.35443037974683,False
mp-1191157,NdF3_mp-1191157.cif,NdF3,24,2.360723343711779,0.9262503981590271,68.21378340365682,False
mp-13841,IrF4_mp-13841.cif,IrF4,10,1.8733358360310008,0.9258707165718079,68.07313642756681,False
mp-22398,FeF3_mp-22398.cif,FeF3,8,1.9366717655300196,0.9257711172103882,67.9324894514768,False
mp-570044,NbI4_mp-570044.cif,NbI4,20,2.7195407344710514,0.9256324172019958,67.79184247538677,False
mp-568002,HfI3_mp-568002.cif,HfI3,8,2.886658420955154,0.9253360033035278,67.65119549929676,False
mp-588,GaF3_mp-588.cif,GaF3,8,1.895784811286287,0.9245362877845764,67.51054852320675,True
mp-30282,La2I5_mp-30282.cif,La2I5,14,3.2703041916140956,0.9244257211685181,67.51054852320675,False
mp-669497,Dy5Cl11_mp-669497.cif,Dy5Cl11,64,2.6816815711156057,0.9243801236152649,67.36990154711674,False
mp-570506,ZrI2_mp-570506.cif,ZrI2,12,2.9144667075716715,0.9243090152740479,67.22925457102671,False
mp-1080124,CdCl4_mp-1080124.cif,CdCl4,10,2.4311306710289324,0.9236413240432739,66.66666666666666,False
mp-556911,FeF2_mp-556911.cif,FeF2,6,1.9825520390100162,0.923595666885376,66.52601969057666,False
mp-2706,SnF4_mp-2706.cif,SnF4,5,1.89874973554523,0.9235144257545471,66.38537271448664,False
mp-29263,UBr5_mp-29263.cif,UBr5,12,2.6276648807648026,0.9229172468185425,66.24472573839662,False
mp-8943,PtF4_mp-8943.cif,PtF4,10,1.8865107694618306,0.9227989315986633,66.1040787623066,False
mp-560338,CrF3_mp-560338.cif,CrF3,8,1.9117752000751937,0.9226706027984619,65.9634317862166,False
mp-341,PbF4_mp-341.cif,PbF4,5,1.9810395283569326,0.9218807816505432,65.40084388185655,False
mp-557466,BiF3_mp-557466.cif,BiF3,16,2.472111226488793,0.9216936230659485,65.26019690576652,False
mp-571635,CdI2_mp-571635.cif,CdI2,36,3.037506546905121,0.9214901924133301,64.9789029535865,False
mp-23247,ZrBr3_mp-23247.cif,ZrBr3,8,2.701573518144736,0.9212217926979065,64.83825597749649,False
mp-1104603,Ce2Br5_mp-1104603.cif,Ce2Br5,14,3.0337404089673807,0.9211376905441284,64.69760900140648,False
mp-540904,ThI3_mp-540904.cif,ThI3,32,3.2518066616925587,0.9210157990455627,64.55696202531645,False
mp-684193,Sm11Br24_mp-684193.cif,Sm11Br24,140,2.9316556743517554,0.9209408164024353,64.41631504922644,False
mp-28571,La2Br5_mp-28571.cif,La2Br5,14,3.0539955852982263,0.9208163022994995,64.27566807313643,False
mp-1102240,SrF2_mp-1102240.cif,SrF2,12,2.442396169102544,0.9207877516746521,64.13502109704642,False
mp-23169,Pr2Br5_mp-23169.cif,Pr2Br5,14,3.025533112258318,0.9207605719566345,63.9943741209564,False
mp-555003,WF6_mp-555003.cif,WF6,28,1.8512002276162194,0.9207420945167542,63.85372714486639,False
mp-28116,TiCl2_mp-28116.cif,TiCl2,3,2.527955671336784,0.9201827645301819,63.71308016877637,False
mp-570232,TbCl3_mp-570232.cif,TbCl3,16,2.6473431931173534,0.9197519421577454,63.57243319268636,False
mp-571537,ZrCl2_mp-571537.cif,ZrCl2,18,2.530763426740715,0.9194520115852356,63.43178621659634,False
mp-23178,WCl6_mp-23178.cif,WCl6,21,2.2938560089906033,0.919421911239624,63.150492264416314,False
mp-1095521,KF5_mp-1095521.cif,KF5,12,2.0219343365926035,0.9194151759147644,63.009845288326304,False
mp-27637,NiBr2_mp-27637.cif,NiBr2,3,2.54649348230029,0.9193533062934875,62.869198312236286,False
mp-672351,Sm6Br13_mp-672351.cif,Sm6Br13,38,2.95402374228351,0.919050395488739,62.728551336146275,False
mp-680292,Tm7Cl15_mp-680292.cif,Tm7Cl15,88,2.662670648327276,0.9190333485603333,62.58790436005626,False
mp-1105223,ZrF4_mp-1105223.cif,ZrF4,20,2.042483658587952,0.9187265038490295,62.447257383966246,False
mp-27153,UBr4_mp-27153.cif,UBr4,10,2.820568435793211,0.9186921715736389,62.30661040787623,False
mp-27638,NiI2_mp-27638.cif,NiI2,3,2.7497671093248672,0.9186311960220337,62.16596343178622,False
mp-571442,YI3_mp-571442.cif,YI3,8,3.0374534006564082,0.918445348739624,61.88466947960619,False
mp-727406,TaCl3_mp-727406.cif,TaCl3,48,2.42015303865084,0.9182553291320801,61.60337552742617,False
mp-28077,PbBr2_mp-28077.cif,PbBr2,12,2.9425975870886205,0.9176353216171265,61.04078762306611,False
mp-27396,NiCl2_mp-27396.cif,NiCl2,3,2.3960686580710244,0.9176275730133057,60.900140646976084,False
mp-6949,InF3_mp-6949.cif,InF3,8,2.082620521847839,0.9172828197479248,60.75949367088608,False
mp-22626,OsF6_mp-22626.cif,OsF6,28,1.8506872372650256,0.9172285795211792,60.47819971870605,False
mp-30033,CoBr2_mp-30033.cif,CoBr2,3,2.587781074194787,0.9171242713928223,60.337552742616026,False
mp-22880,FeBr2_mp-22880.cif,FeBr2,3,2.6101778008475836,0.9169434309005737,60.056258790436004,False
mp-22877,VCl2_mp-22877.cif,VCl2,3,2.4972987010509695,0.9169064164161682,59.91561181434599,False
mp-1018138,VI2_mp-1018138.cif,VI2,3,2.858505972582379,0.916870653629303,59.774964838255976,False
mp-569610,CoI2_mp-569610.cif,CoI2,3,2.6895703431816527,0.9167481064796448,59.353023909985936,False
mp-23240,CoCl2_mp-23240.cif,CoCl2,3,2.4358070581668145,0.9165969491004944,59.07172995780591,False
mp-541341,PtF5_mp-541341.cif,PtF5,48,1.877741397631869,0.9165862798690796,58.93108298171589,False
mp-30103,AuF5_mp-30103.cif,AuF5,48,1.8957094515663142,0.9165653586387634,58.79043600562588,False
mp-1078558,NaCl3_mp-1078558.cif,NaCl3,8,2.7635024999999995,0.9165454506874084,58.50914205344585,False
mp-560553,IrF6_mp-560553.cif,IrF6,28,1.8581551958263112,0.916389524936676,58.368495077355846,False
mp-571096,FeCl2_mp-571096.cif,FeCl2,3,2.46488950260613,0.9163109064102173,58.22784810126582,False
mp-684890,Tb4F15_mp-684890.cif,Tb4F15,38,2.250445344965274,0.9159886837005615,57.80590717299579,False
mp-7570,RuF3_mp-7570.cif,RuF3,8,1.977193384701754,0.9159448146820068,57.66526019690576,False
mp-28495,ZrBr2_mp-28495.cif,ZrBr2,18,2.660426666255103,0.9159031510353088,57.52461322081576,False
mp-555908,CoF2_mp-555908.cif,CoF2,6,1.998557497913831,0.9158616065979004,57.383966244725734,False
mp-8033,PuF3_mp-8033.cif,PuF3,8,2.3576238487382373,0.9157576560974121,57.24331926863573,False
mp-571122,FeI2_mp-571122.cif,FeI2,3,2.826984324152292,0.9155604839324951,56.82137834036568,False
mp-14107,NpF3_mp-14107.cif,NpF3,8,2.3929852120953488,0.9154218435287476,56.68073136427567,False
mp-680266,Sm5Br11_mp-680266.cif,Sm5Br11,64,2.9659860394992035,0.915408730506897,56.540084388185655,False
mp-23210,MgCl2_mp-23210.cif,MgCl2,9,2.5071380376911963,0.9153829216957092,56.399437412095644,False
mp-8354,LaF3_mp-8354.cif,LaF3,8,2.4067275190764894,0.9153324365615845,56.258790436005626,False
mp-570534,Nd4Br9_mp-570534.cif,Nd4Br9,52,2.9986436834710415,0.9152497053146362,55.9774964838256,False
mp-569843,MnBr2_mp-569843.cif,MnBr2,3,2.6957558350871635,0.9148738384246826,55.55555555555556,False
mp-8644,BaF2_mp-8644.cif,BaF2,6,2.5723207940419908,0.9148349761962891,55.41490857946554,False
mp-971787,VBr2_mp-971787.cif,VBr2,3,2.6498762349487333,0.9144210815429688,55.13361462728551,False
mp-556585,MnF2_mp-556585.cif,MnF2,12,2.08043931584152,0.9143654704093933,54.9929676511955,False
mp-28233,MnCl2_mp-28233.cif,MnCl2,3,2.542131331698746,0.9142864942550659,54.71167369901547,False
mp-7709,ZnF2_mp-7709.cif,ZnF2,12,1.9929629945360476,0.9139156341552734,54.14908579465541,False
mp-23291,PbCl2_mp-23291.cif,PbCl2,12,2.8296780469423566,0.9138861894607544,54.008438818565395,False
mp-28013,MnI2_mp-28013.cif,MnI2,3,2.9179959781027,0.9138731956481934,53.867791842475384,False
mp-287,UF4_mp-287.cif,UF4,30,2.236519002356628,0.9138107299804688,53.44585091420534,False
mp-22849,BiI3_mp-22849.cif,BiI3,8,3.0941788608750502,0.9137210845947266,53.16455696202531,False
mp-1058,PdF2_mp-1058.cif,PdF2,6,2.1637516693130796,0.913598895072937,53.023909985935305,False
mp-19908,EuF3_mp-19908.cif,EuF3,16,2.298718124105651,0.9133603572845459,52.742616033755276,False
mp-555934,VF2_mp-555934.cif,VF2,6,2.069473631003967,0.9132766127586365,52.601969057665265,False
mp-504787,NpF4_mp-504787.cif,NpF4,30,2.242511399210735,0.9131321907043457,52.320675105485236,False
mp-556242,YF3_mp-556242.cif,YF3,12,2.3562349397911566,0.9129411578178406,52.03938115330521,False
mp-27194,SnI2_mp-27194.cif,SnI2,9,3.163202970333864,0.9128916263580322,51.89873417721519,False
mp-28572,LaBr2_mp-28572.cif,LaBr2,6,3.064418997737521,0.9128485321998596,51.61744022503516,False
mp-703595,Cd13I28_mp-703595.cif,Cd13I28,41,3.0413165565085785,0.9127756953239441,51.47679324894515,False
mp-27697,ThI4_mp-27697.cif,ThI4,20,3.1536145330567305,0.9127464890480042,51.33614627285513,False
mp-28044,TmCl3_mp-28044.cif,TmCl3,8,2.6021810419600664,0.9125857949256897,51.19549929676512,False
mp-30025,DyBr2_mp-30025.cif,DyBr2,24,2.8952556059432846,0.9124414324760437,50.07032348804501,False
mp-23205,MgI2_mp-23205.cif,MgI2,3,2.938442069897257,0.9124264717102051,49.929676511954995,False
mp-30034,MgBr2_mp-30034.cif,MgBr2,3,2.6821899065589916,0.9123660922050476,49.36708860759494,False
mp-31034,ThF4_mp-31034.cif,ThF4,30,2.3155341803402507,0.912299633026123,48.66385372714487,False
mp-542001,CeF4_mp-542001.cif,CeF4,30,2.240701531892019,0.9122810363769531,48.38255977496484,False
mp-559798,NiF2_mp-559798.cif,NiF2,6,1.9896828754744798,0.9122311472892761,47.53867791842475,False
mp-31033,HfF4_mp-31033.cif,HfF4,30,2.0536941154537245,0.9121120572090149,46.554149085794656,False
mp-1249,MgF2_mp-1249.cif,MgF2,6,1.9771214764519396,0.9120869636535645,46.27285513361463,False
mp-28448,DyCl3_mp-28448.cif,DyCl3,8,2.7098929861030747,0.9119859933853149,45.14767932489451,False
mp-23255,UBr3_mp-23255.cif,UBr3,8,3.062137988062604,0.9118186831474304,44.163150492264414,False
mp-27785,TiBr2_mp-27785.cif,TiBr2,3,2.701493290371239,0.9118038415908813,43.88185654008439,False
mp-23265,GdCl3_mp-23265.cif,GdCl3,8,2.8164129687153086,0.9116427898406982,42.47538677918425,False
mp-23166,NpBr3_mp-23166.cif,NpBr3,8,3.0397491155957743,0.9115260243415833,42.33473980309424,False
mp-2511,PbF2_mp-2511.cif,PbF2,12,2.433638566910924,0.9115256071090698,42.19409282700422,False
mp-27302,TmCl2_mp-27302.cif,TmCl2,24,2.7224018748880994,0.911376416683197,41.63150492264416,False
mp-22881,CdCl2_mp-22881.cif,CdCl2,3,2.652888883213819,0.9113349318504333,41.20956399437412,False
mp-569850,CeBr3_mp-569850.cif,CeBr3,8,3.062188397476981,0.9112914800643921,40.92827004219409,False
mp-567744,SrBr2_mp-567744.cif,SrBr2,12,3.0795076860481383,0.9112646579742432,40.787623066104075,False
mp-581941,SmI2_mp-581941.cif,SmI2,24,3.1339298518563403,0.9112405776977539,40.50632911392405,False
mp-569895,EuCl3_mp-569895.cif,EuCl3,8,2.8849854957564287,0.9112138748168945,40.365682137834035,False
mp-568284,SrI2_mp-568284.cif,SrI2,12,3.333898821381581,0.9110808372497559,39.66244725738397,False
mp-27974,PuBr3_mp-27974.cif,PuBr3,8,2.9568269926861226,0.9109945893287659,38.95921237693389,False
mp-23208,UCl3_mp-23208.cif,UCl3,8,2.911392202780558,0.9109524488449097,38.81856540084388,False
mp-27976,SmBr3_mp-27976.cif,SmBr3,8,2.935136799418369,0.910938024520874,38.67791842475386,False
mp-23221,PrBr3_mp-23221.cif,PrBr3,8,3.072608497091231,0.9108670949935913,38.25597749648382,False
mp-18299,UF3_mp-18299.cif,UF3,24,2.4344026477473415,0.9107637405395508,37.83403656821378,False
mp-504781,NpI3_mp-504781.cif,NpI3,8,3.2023056979510893,0.9107559323310852,37.69338959212377,False
mp-23263,LaBr3_mp-23263.cif,LaBr3,8,3.1046760818410712,0.9106456637382507,37.27144866385373,False
mp-1102093,EuI2_mp-1102093.cif,EuI2,12,3.2879478922922187,0.9106367230415344,36.849507735583686,False
mp-23183,NdCl3_mp-23183.cif,NdCl3,8,2.8968202918739445,0.9106366634368896,36.708860759493675,False
mp-27978,PuI3_mp-27978.cif,PuI3,8,3.190793730938356,0.910627543926239,36.56821378340366,False
mp-570418,YbI2_mp-570418.cif,YbI2,3,3.015104324603826,0.9106201529502869,36.427566807313646,False
mp-27971,AcCl3_mp-27971.cif,AcCl3,8,3.0323017416742957,0.9105700850486755,36.14627285513362,False
mp-27975,NdBr3_mp-27975.cif,NdBr3,8,2.9758286578288238,0.9105390906333923,35.72433192686357,False
mp-7384,SmF3_mp-7384.cif,SmF3,16,2.3466576619421016,0.9104321599006653,34.88045007032349,False
mp-23211,PrCl3_mp-23211.cif,PrCl3,8,2.9218774308915565,0.9104105830192566,34.458509142053444,False
mp-27979,LaI3_mp-27979.cif,LaI3,8,3.2566152548236644,0.9103924036026001,34.177215189873415,False
mp-582011,CeCl3_mp-582011.cif,CeCl3,8,2.9240927008042994,0.9103365540504456,33.755274261603375,False
mp-22896,LaCl3_mp-22896.cif,LaCl3,8,2.9540119764586974,0.910291314125061,32.91139240506329,False
mp-23278,NpCl3_mp-23278.cif,NpCl3,8,2.909452767121972,0.9102734923362732,32.77074542897328,False
mp-22918,PuCl3_mp-22918.cif,PuCl3,8,2.8883332670891995,0.9102174043655396,32.48945147679325,False
mp-466,Nb2F5_mp-466.cif,Nb2F5,21,2.0859231477895435,0.9101331233978271,32.06751054852321,False
mp-23244,UI3_mp-23244.cif,UI3,8,3.2151234260595185,0.9101325869560242,31.926863572433195,False
mp-27972,AcBr3_mp-27972.cif,AcBr3,8,3.209458394280257,0.9098178148269653,29.957805907172997,False
mp-11347,TbF3_mp-11347.cif,TbF3,16,2.299939143911831,0.9096325635910034,29.817158931082982,False
mp-1191061,Th2Br5_mp-1191061.cif,Th2Br5,21,2.927744260781409,0.9094793796539307,29.39521800281294,False
mp-568690,CdBr2_mp-568690.cif,CdBr2,3,2.798884845122372,0.9094666242599487,29.254571026722925,False
mp-22888,CaBr2_mp-22888.cif,CaBr2,6,2.90130591783267,0.9093949794769287,29.11392405063291,False
mp-2632,TlF3_mp-2632.cif,TlF3,16,2.194170431059009,0.9092463254928589,28.270042194092827,False
mp-561877,HoF3_mp-561877.cif,HoF3,16,2.273790666749475,0.909238874912262,28.129395218002813,False
mp-2651,PrF3_mp-2651.cif,PrF3,24,2.4309572941478343,0.9091877937316895,27.9887482419128,False
mp-22072,YbF3_mp-22072.cif,YbF3,16,2.2040374551814725,0.9091874957084656,27.848101265822784,False
mp-680345,Tl2Br3_mp-680345.cif,Tl2Br3,160,2.8350582514371414,0.9091017842292786,27.70745428973277,False
mp-1078114,ReCl6_mp-1078114.cif,ReCl6,7,2.28620143530741,0.9090954065322876,27.566807313642755,False
mp-9371,ErF3_mp-9371.cif,ErF3,16,2.257683401568401,0.9090643525123596,27.42616033755274,False
mp-29671,TmI2_mp-29671.cif,TmI2,3,3.028760759753663,0.9090300798416138,27.285513361462726,False
mp-643265,ReF7_mp-643265.cif,ReF7,16,1.8733471933435648,0.9088630676269531,27.004219409282697,False
mp-667324,In2Cl3_mp-667324.cif,In2Cl3,160,2.580603263924104,0.9086761474609375,26.72292545710267,False
mp-2437,IrF3_mp-2437.cif,IrF3,8,2.01827305603318,0.9086558222770691,26.582278481012654,False
mp-28483,WBr6_mp-28483.cif,WBr6,7,2.4614948709798266,0.9086458086967468,26.441631504922647,False
mp-23250,UCl6_mp-23250.cif,UCl6,21,2.4594385623693356,0.9084365963935852,26.160337552742618,False
mp-22882,YbBr2_mp-22882.cif,YbBr2,6,2.8182703019520523,0.9084319472312927,26.019690576652604,False
mp-30031,CaI2_mp-30031.cif,CaI2,3,3.1527177377755136,0.9080908298492432,25.738396624472575,False
mp-28313,NdCl2_mp-28313.cif,NdCl2,12,2.8309654807673477,0.9080395698547363,25.59774964838256,False
mp-567680,BaCl2_mp-567680.cif,BaCl2,9,3.0782176969171156,0.9076863527297974,25.17580872011252,False
mp-568536,BaI2_mp-568536.cif,BaI2,9,3.4885021115994506,0.9076582789421082,25.035161744022506,False
mp-29453,SmCl2_mp-29453.cif,SmCl2,12,2.8159266541620944,0.9075685739517212,24.894514767932492,False
mp-23311,EuBr2_mp-23311.cif,EuBr2,30,3.1003261703245597,0.9074621200561523,24.753867791842477,False
mp-504731,EuF2_mp-504731.cif,EuF2,3,2.5118981245494845,0.9073084592819214,24.613220815752463,False
mp-8177,HgF2_mp-8177.cif,HgF2,3,2.4059747259417987,0.9073084592819214,24.613220815752463,False
mp-282,TiF2_mp-282.cif,TiF2,3,2.2486990489461975,0.9073083996772766,23.769338959212376,False
mp-23209,SrCl2_mp-23209.cif,SrCl2,3,3.0308696204295593,0.9073083996772766,23.769338959212376,False
mp-241,CdF2_mp-241.cif,CdF2,3,2.3387175396931283,0.9073083996772766,23.769338959212376,False
mp-2741,CaF2_mp-2741.cif,CaF2,3,2.3885205012094457,0.9073083996772766,23.769338959212376,False
mp-568546,In5Br7_mp-568546.cif,In5Br7,96,2.6386331919866324,0.9071510434150696,23.20675105485232,False
mp-680294,Tl2Cl3_mp-680294.cif,Tl2Cl3,160,2.665105985999057,0.9071260690689087,23.066104078762308,False
mp-580202,PbI2_mp-580202.cif,PbI2,30,3.279459545942437,0.9068554639816284,22.78481012658228,False
mp-542449,Sc5Cl8_mp-542449.cif,Sc5Cl8,13,2.52599779130877,0.9067243933677673,22.50351617440225,False
mp-22887,EuCl2_mp-22887.cif,EuCl2,12,2.921995532558612,0.9066504240036011,22.22222222222222,False
mp-27456,BaBr2_mp-27456.cif,BaBr2,12,3.2531765602159473,0.9064191579818726,21.37834036568214,False
mp-505319,PtF6_mp-505319.cif,PtF6,28,1.8715703036462572,0.9058569669723511,21.09704641350211,False
mp-27513,Sc7Cl10_mp-27513.cif,Sc7Cl10,17,2.5070808927925365,0.9052666425704956,20.675105485232066,False
mp-27652,ThI2_mp-27652.cif,ThI2,12,3.2319375545516724,0.9045596122741699,19.549929676511955,False
mp-569673,PrI2_mp-569673.cif,PrI2,12,3.1681352068736808,0.9042343497276306,19.12798874824191,False
mp-23235,UCl4_mp-23235.cif,UCl4,10,2.641283871483394,0.9035318493843079,18.846694796061886,False
mp-27743,BiF5_mp-27743.cif,BiF5,6,1.988872028176249,0.9022044539451599,18.565400843881857,False
mp-27291,PaCl4_mp-27291.cif,PaCl4,10,2.6801905583826606,0.9020548462867737,18.424753867791843,False
mp-27474,PaBr4_mp-27474.cif,PaBr4,10,2.831920423587642,0.9020217061042786,18.28410689170183,False
mp-20276,U2F9_mp-20276.cif,U2F9,22,2.1672657895755143,0.9016311168670654,18.143459915611814,False
mp-23160,ThBr4_mp-23160.cif,ThBr4,10,2.8820049591019004,0.9004160165786743,18.0028129395218,False
mp-23215,ThCl4_mp-23215.cif,ThCl4,10,2.7287177893213945,0.9004032015800476,17.862165963431785,False
mp-28753,NdI2_mp-28753.cif,NdI2,3,3.3333273633879643,0.9000211358070374,17.72151898734177,False
mp-23194,LaI2_mp-23194.cif,LaI2,3,3.38249740291552,0.8993441462516785,17.580872011251756,False
mp-23186,Sc7Cl12_mp-23186.cif,Sc7Cl12,19,2.5533250966953758,0.8989428281784058,17.440225035161745,False
mp-2275,UF6_mp-2275.cif,UF6,28,2.010358064311436,0.8950434923171997,17.018284106891702,False
mp-31007,Tb5Br8_mp-31007.cif,Tb5Br8,13,2.8757685966582196,0.8894476294517517,16.877637130801688,False
mp-618813,Gd2Br3_mp-618813.cif,Gd2Br3,10,2.912143398578828,0.8747329115867615,16.736990154711673,False
mp-27678,Y2Cl3_mp-27678.cif,Y2Cl3,10,2.730390766883219,0.8746274709701538,16.59634317862166,False
mp-1078829,Gd2Cl3_mp-1078829.cif,Gd2Cl3,10,2.7736953463556295,0.8742085099220276,16.455696202531644,False
mp-28730,In7Cl9_mp-28730.cif,In7Cl9,64,2.8736666678663214,0.8578217625617981,16.17440225035162,False
mp-28988,In7Br9_mp-28988.cif,In7Br9,64,3.076853300396695,0.8566048741340637,16.033755274261605,False
mp-541637,Er4I5_mp-541637.cif,Er4I5,9,3.082819749875903,0.8232555985450745,15.89310829817159,False
mp-582968,Bi6Cl7_mp-582968.cif,Bi6Cl7,104,2.815860818755422,0.8222550749778748,15.752461322081576,False
mp-27709,Bi6Br7_mp-27709.cif,Bi6Br7,104,2.98544790707525,0.8184224963188171,15.611814345991561,False
mp-571258,Er6I7_mp-571258.cif,Er6I7,13,3.0354913612228116,0.8155443072319031,15.471167369901547,False
mp-30985,Tb6Br7_mp-30985.cif,Tb6Br7,13,2.8886641440112877,0.8140420913696289,15.330520393811534,False
mp-22859,HgI_mp-22859.cif,HgI,4,2.692053450913033,0.8028334379196167,15.18987341772152,False
mp-1007922,CuI_mp-1007922.cif,CuI,4,2.5161026636820605,0.8015496134757996,15.049226441631506,False
mp-32780,AuCl_mp-32780.cif,AuCl,8,2.305847741372249,0.8010563850402832,14.908579465541491,False
mp-23177,HgBr_mp-23177.cif,HgBr,4,2.5784811548935394,0.8002824187278748,14.767932489451477,False
mp-570140,AuBr_mp-570140.cif,AuBr,8,2.4218786887381665,0.7995241284370422,14.627285513361462,False
mp-22897,HgCl_mp-22897.cif,HgCl,4,2.4490435429156197,0.798535943031311,14.486638537271448,False
mp-23227,CuBr_mp-23227.cif,CuBr,4,2.369695404626291,0.7954419851303101,14.20534458509142,False
mp-22914,CuCl_mp-22914.cif,CuCl,2,2.312434584500238,0.7865327596664429,13.924050632911392,False
mp-10634,CuF_mp-10634.cif,CuF,2,2.098651482475317,0.7856345176696777,13.220815752461323,False
mp-22925,AgI_mp-22925.cif,AgI,2,2.842377918476279,0.7856345176696777,13.220815752461323,False
mp-27725,AuI_mp-27725.cif,AuI,8,2.61785719887083,0.7852611541748047,12.939521800281295,False
mp-570935,LiI_mp-570935.cif,LiI,4,2.7625668884583106,0.7842574119567871,12.658227848101266,False
mp-723629,NaI_mp-723629.cif,NaI,4,3.1317950257583105,0.7806882262229919,12.517580872011253,False
mp-1059765,CoBr_mp-1059765.cif,CoBr,2,2.2510129999999995,0.7799600958824158,12.236286919831224,False
mp-568758,BiBr_mp-568758.cif,BiBr,16,2.927427213519693,0.7743790149688721,11.673699015471167,False
mp-23276,InCl_mp-23276.cif,InCl,64,2.8746128058669576,0.7724436521530151,11.39240506329114,False
mp-27929,LaCl_mp-27929.cif,LaCl,4,2.9253646670972397,0.7714177370071411,11.11111111111111,False
mp-27708,BiI_mp-27708.cif,BiI,16,3.0950068139545235,0.7711865305900574,10.970464135021098,False
mp-27507,ScCl_mp-27507.cif,ScCl,4,2.5973920112547813,0.7701663374900818,10.829817158931084,False
mp-22860,LaI_mp-22860.cif,LaI,4,3.353916749350079,0.767604410648346,10.548523206751055,False
mp-1079694,CsI_mp-1079694.cif,CsI,8,3.8146961238763772,0.7668675780296326,10.267229254571026,False
mp-22870,InBr_mp-22870.cif,InBr,4,2.9833845953218083,0.7668011784553528,10.126582278481013,False
mp-23202,InI_mp-23202.cif,InI,4,3.224510553022941,0.7648696899414062,9.845288326300984,False
mp-571079,TlCl_mp-571079.cif,TlCl,4,2.9743342211382107,0.7641649842262268,9.70464135021097,False
mp-568949,TlBr_mp-568949.cif,TlBr,4,3.1383934301101384,0.762607216835022,9.563994374120956,False
mp-22858,TlI_mp-22858.cif,TlI,4,3.34442102059475,0.7617896199226379,9.423347398030943,False
mp-570858,AgCl_mp-570858.cif,AgCl,4,2.7330053374172745,0.7591891288757324,9.282700421940929,False
mp-463,KF_mp-463.cif,KF,2,2.654413078539533,0.7555547952651978,8.860759493670885,False
mp-1784,CsF_mp-1784.cif,CsF,2,3.0061393994709316,0.755554735660553,8.579465541490858,False
mp-23259,LiBr_mp-23259.cif,LiBr,2,2.7226904523375905,0.755554735660553,8.579465541490858,False
mp-1138,LiF_mp-1138.cif,LiF,2,2.041713516538252,0.755554735660553,8.579465541490858,False
mp-571222,CsBr_mp-571222.cif,CsBr,2,3.661034985037035,0.755554735660553,8.579465541490858,False
mp-23295,RbCl_mp-23295.cif,RbCl,2,3.3087071753268864,0.755554735660553,8.579465541490858,False
mp-22898,KI_mp-22898.cif,KI,2,3.542435455453471,0.755554735660553,8.579465541490858,False
mp-682,NaF_mp-682.cif,NaF,2,2.2858935124778617,0.755554735660553,8.579465541490858,False
mp-23231,AgBr_mp-23231.cif,AgBr,2,2.892169411066729,0.755554735660553,8.579465541490858,False
mp-7592,AgF_mp-7592.cif,AgF,2,2.460886202754704,0.7555546760559082,7.032348804500703,False
mp-23251,KBr_mp-23251.cif,KBr,2,3.2945409439431486,0.7555546760559082,7.032348804500703,False
mp-22862,NaCl_mp-22862.cif,NaCl,2,2.794063076547408,0.7555546760559082,7.032348804500703,False
mp-22916,NaBr_mp-22916.cif,NaBr,2,2.961542041072385,0.7555546760559082,7.032348804500703,False
mp-23193,KCl_mp-23193.cif,KCl,2,3.141871247978967,0.7555546760559082,7.032348804500703,False
mp-22867,RbBr_mp-22867.cif,RbBr,2,3.4559497092135825,0.7555546760559082,7.032348804500703,False
mp-573697,CsCl_mp-573697.cif,CsCl,2,3.506550778735821,0.7555546760559082,7.032348804500703,False
mp-22903,RbI_mp-22903.cif,RbI,2,3.691166965459163,0.7555546164512634,5.20393811533052,False
mp-22905,LiCl_mp-22905.cif,LiCl,8,2.5421223399999997,0.7555545568466187,5.063291139240507,False
mp-2064,RbF_mp-2064.cif,RbF,2,2.9188928799936225,0.7548818588256836,4.922644163150492,False
mp-706,HgF_mp-706.cif,HgF,4,2.1689400374160046,0.7541046142578125,2.5316455696202533,False
mp-1067974,ZrCl_mp-1067974.cif,ZrCl,4,2.6396592996784953,0.7526766061782837,2.390998593530239,False
mp-1066783,ZrBr_mp-1066783.cif,ZrBr,4,2.7803477891783834,0.7514641880989075,2.250351617440225,False
mp-720,TlF_mp-720.cif,TlF,8,2.4422258524331424,0.7507647275924683,2.109704641350211,False
mp-1065933,YI_mp-1065933.cif,YI,4,3.1306270153818154,0.7484769225120544,1.969057665260197,False
mp-27679,LaBr_mp-27679.cif,LaBr,4,3.071764650872118,0.7478304505348206,1.8284106891701828,False
mp-27923,TbCl_mp-27923.cif,TbCl,4,2.786569509573181,0.7446640729904175,1.5471167369901548,False
mp-27924,TbBr_mp-27924.cif,TbBr,4,2.912353828977187,0.7438251376152039,1.2658227848101267,False
mp-540884,YCl_mp-540884.cif,YCl,4,2.7605651923993353,0.7397117018699646,0.8438818565400843,False
mp-1064427,GdBr_mp-1064427.cif,GdBr,4,2.9478561147527493,0.7375732064247131,0.7032348804500703,False
mp-1391,Ag2F_mp-1391.cif,Ag2F,3,2.464110489583754,0.44994232058525085,0.5625879043600562,False
mp-583234,Bi4I_mp-583234.cif,Bi4I,20,3.0533818701484887,0.298135370016098,0.2812939521800281,False
mp-28149,Bi9I2_mp-28149.cif,Bi9I2,22,3.0553572253463384,0.2960481345653534,0.14064697609001406,False
