formula,local_median_pct,local_min_pct,local_max_pct,local_mean_pct,local_top20_count,local_top10_count,n_configs,reserved_formula
TiF4,97.79582366589327,90.02320185614849,97.91183294663574,96.24903325599382,6,6,6,False
CrF4,96.17169373549885,96.05568445475639,97.21577726218096,96.36504253673627,6,6,6,False
HfI4,95.70765661252901,91.64733178654292,99.76798143851508,95.3982985305491,6,6,6,False
ZrI4,95.59164733178655,91.87935034802784,99.53596287703016,95.28228924980665,6,6,6,False
VF4,92.5754060324826,91.415313225058,97.6798143851508,93.50348027842227,6,6,6,False
HfCl4,91.9953596287703,90.95127610208816,100.0,93.38747099767981,6,6,6,False
VCl4,99.07192575406032,81.20649651972158,99.53596287703016,96.13302397525136,6,5,6,False
TiCl4,98.83990719257541,82.36658932714617,99.07192575406032,96.01701469450889,6,5,6,False
TiBr4,98.37587006960557,83.52668213457076,98.60788863109049,95.86233565351894,6,5,6,False
AuCl3,96.51972157772622,81.67053364269141,98.37587006960557,94.50889404485692,6,5,6,False
SnCl4,96.40371229698376,86.07888631090486,97.91183294663574,95.05027068832173,6,5,6,False
CrCl3,96.2877030162413,82.830626450116,96.98375870069606,93.73549883990718,6,5,6,False
SnBr4,95.35962877030161,84.68677494199535,97.4477958236659,94.0061871616396,6,5,6,False
ReCl4,94.19953596287704,80.51044083526682,96.2877030162413,92.38205723124516,6,5,6,False
SnI4,92.92343387470999,88.16705336426914,96.75174013921114,92.92343387470997,6,5,6,False
MnF4,92.11136890951276,88.8631090487239,97.91183294663574,92.26604795050271,6,5,6,False
TcCl4,90.71925754060325,88.16705336426914,98.83990719257541,91.7246713070379,6,5,6,False
ZrCl4,90.48723897911833,87.93503480278422,100.0,91.7246713070379,6,4,6,True
VF5,91.29930394431554,87.93503480278422,94.89559164733178,91.37664346481051,6,3,6,False
TiI4,90.37122969837587,87.93503480278422,99.30394431554525,91.53132250580046,6,3,6,False
MoCl4,90.25522041763341,86.07888631090486,98.14385150812065,90.64191802010828,6,3,6,False
CrF5,89.79118329466357,86.3109048723898,94.43155452436194,89.79118329466358,6,3,6,False
ReCl5,88.2830626450116,87.47099767981439,92.34338747099768,89.05645784996132,6,2,6,False
VCl5,86.77494199535963,83.06264501160094,90.25522041763341,86.34957463263727,6,1,6,False
TcBr4,85.96287703016242,82.5986078886311,99.07192575406032,87.54833720030935,6,1,6,False
NbCl5,81.20649651972158,80.04640371229699,93.96751740139212,83.7200309358082,6,1,6,False
GaCl3,100.0,66.5893271461717,100.0,94.43155452436196,5,5,6,True
AlBr3,100.0,64.96519721577727,100.0,94.16086620262955,5,5,6,True
AlI3,100.0,55.91647331786543,100.0,92.61407579273009,5,5,6,False
GaBr3,99.76798143851508,57.076566125290014,99.76798143851508,92.57540603248259,5,5,6,False
GaI3,99.18793503480279,57.540603248259856,99.53596287703016,92.3047177107502,5,5,6,False
Ga3Cl7,98.95591647331787,51.972157772621806,100.0,91.29930394431555,5,5,6,False
PtCl4,98.14385150812065,78.19025522041764,99.30394431554525,95.08894044856923,5,5,6,False
BeCl2,97.4477958236659,39.21113689095127,99.07192575406032,87.78035576179428,5,5,6,False
BeI2,96.40371229698376,39.675174013921115,97.91183294663574,86.92962103634959,5,5,6,False
BeBr2,96.05568445475637,18.561484918793504,97.4477958236659,82.5599381283836,5,5,6,False
InI3,95.70765661252901,61.94895591647332,97.6798143851508,90.52590873936582,5,5,6,True
AuBr3,95.01160092807424,71.46171693735499,97.4477958236659,91.68600154679041,5,5,6,False
GaBr2,95.01160092807424,44.08352668213457,97.6798143851508,87.0843000773395,5,5,6,False
GaCl2,94.89559164733177,43.38747099767982,96.75174013921114,86.65893271461717,5,5,6,False
ReI3,93.85150812064965,53.596287703016245,96.2877030162413,87.50966744006188,5,5,6,False
GaI2,93.38747099767981,42.69141531322506,98.37587006960557,85.34416086620263,5,4,6,False
ZnI2,91.9953596287703,38.97911832946635,95.1276102088167,83.60402165506574,5,4,6,False
ZnBr2,90.83526682134571,38.74709976798144,93.96751740139212,82.67594740912607,5,4,6,False
HgI2,91.1832946635731,40.37122969837587,94.43155452436194,83.17865429234338,5,3,6,False
PdCl2,91.06728538283062,42.22737819025522,95.1276102088167,83.52668213457076,5,3,6,False
AuCl2,90.71925754060325,40.835266821345705,94.89559164733178,83.4106728538283,5,3,6,False
CuBr2,90.25522041763341,37.58700696055685,93.27146171693735,81.59319412219644,5,3,6,False
HgBr2,89.79118329466357,39.90719257540603,93.27146171693735,81.47718484145399,5,3,6,False
HgCl2,89.32714617169373,29.930394431554525,92.80742459396751,79.4276875483372,5,3,6,False
ZnCl2,89.0951276102088,40.60324825986079,93.96751740139212,81.7092034029389,5,3,6,True
ReCl3,87.47099767981439,54.75638051044084,93.7354988399072,83.52668213457076,5,3,6,False
Au3F8,88.2830626450116,55.22041763341067,93.27146171693735,83.75870069605568,5,2,6,False
Pt3I8,87.47099767981439,62.18097447795824,90.95127610208816,84.06805877803556,5,2,6,False
InBr2,87.35498839907193,43.851508120649655,92.34338747099768,81.1678267594741,5,2,6,False
TcCl3,87.12296983758701,77.9582366589327,93.96751740139212,87.27764887857695,5,2,6,False
W15I47,85.61484918793505,51.74013921113689,91.415313225058,81.12915699922661,5,2,6,False
W2Br5,85.1508120649652,47.33178654292343,92.34338747099768,80.62645011600928,5,2,6,False
InI2,84.57076566125289,44.31554524361949,90.71925754060325,79.11832946635731,5,2,6,False
W3Br7,88.8631090487239,30.39443155452436,90.95127610208816,78.65429234338747,5,1,6,False
TlBr3,87.81902552204176,51.04408352668214,91.1832946635731,82.48259860788863,5,1,6,False
CsI3,85.26682134570765,47.09976798143852,93.50348027842227,80.00773395204949,5,1,6,False
WBr5,84.80278422273781,79.81438515081206,96.05568445475639,85.80819798917247,5,1,6,False
MnF3,84.80278422273781,74.70997679814386,90.25522041763341,83.75870069605568,5,1,6,False
TaI4,83.9907192575406,77.49419953596288,92.5754060324826,84.8414539829853,5,1,6,False
OsBr4,81.67053364269142,79.58236658932715,98.60788863109049,84.18406805877804,5,1,6,False
WI4,88.39907192575406,77.03016241299304,89.79118329466357,86.81361175560711,5,0,6,False
W3I8,87.47099767981439,51.508120649651964,89.55916473317865,81.94122196442382,5,0,6,False
WI3,86.07888631090486,65.4292343387471,87.47099767981439,82.48259860788863,5,0,6,False
AlF3,81.67053364269141,77.7262180974478,83.9907192575406,81.32250580046404,5,0,6,False
BeF2,89.55916473317865,30.162412993039446,98.83990719257541,79.58236658932715,4,3,6,False
CaCl2,85.1508120649652,43.1554524361949,91.1832946635731,78.80897138437741,4,2,6,False
KF3,82.36658932714616,45.707656612529,94.66357308584686,79.1569992266048,4,2,6,False
W5I16,86.07888631090488,52.43619489559165,90.02320185614849,80.20108275328693,4,1,6,False
MoF6,84.57076566125289,75.1740139211137,93.96751740139212,83.25599381283835,4,1,6,False
RbI3,84.10672853828305,50.81206496519721,90.02320185614849,78.11291569992265,4,1,6,False
OsCl4,81.4385150812065,75.87006960556845,98.37587006960557,82.94663573085847,4,1,6,False
CsBr3,80.97447795823666,44.5475638051044,95.35962877030161,78.15158546017015,4,1,6,False
TaCl4,80.8584686774942,73.78190255220419,92.11136890951276,81.05181747873164,4,1,6,False
WCl5,80.16241299303945,77.7262180974478,93.27146171693735,82.67594740912607,4,1,6,False
Ag2F5,83.29466357308584,53.1322505800464,84.68677494199535,77.9582366589327,4,0,6,False
Ag3F8,82.36658932714617,55.4524361948956,84.45475638051045,77.1461716937355,4,0,6,False
TlBr2,82.25058004640371,43.619489559164734,87.70301624129931,76.8754833720031,4,0,6,False
SnI3,81.67053364269142,67.51740139211137,82.830626450116,78.15158546017015,4,0,6,False
Zr2Cl5,81.67053364269142,52.204176334106734,87.23897911832947,75.56071152358855,4,0,6,False
PtCl3,81.20649651972158,77.49419953596288,82.5986078886311,80.74245939675174,4,0,6,False
TlI3,80.74245939675174,52.90023201856149,85.1508120649652,74.63263727764888,4,0,6,False
NbCl4,80.16241299303944,73.31786542923435,93.50348027842227,80.70378963650425,3,1,6,False
TaCl5,79.93039443155453,77.49419953596288,91.87935034802784,82.2892498066512,3,1,6,True
SnF3,79.11832946635731,66.8213457076566,93.7354988399072,79.4276875483372,3,1,6,False
PbCl4,82.36658932714616,77.9582366589327,89.55916473317865,82.94663573085846,3,0,6,False
PdBr2,81.78654292343387,37.35498839907193,88.63109048723898,75.94740912606342,3,0,6,False
PtI2,80.97447795823666,33.17865429234338,86.77494199535964,72.73781902552204,3,0,6,False
PtCl2,80.51044083526682,42.92343387470998,89.79118329466357,76.5661252900232,3,0,6,False
W3Br8,80.04640371229698,47.56380510440835,83.29466357308584,75.13534416086621,3,0,6,False
TlCl2,79.81438515081206,41.29930394431555,86.77494199535964,74.20726991492653,3,0,6,False
PdI2,79.69837587006961,40.13921113689095,85.84686774941996,72.31245166279969,3,0,6,False
Ta2Cl5,79.58236658932715,48.72389791183295,84.22273781902551,73.08584686774942,3,0,6,False
CuCl2,78.77030162412993,33.64269141531322,84.22273781902551,70.88167053364269,3,0,6,False
CsI4,77.03016241299304,47.79582366589327,91.87935034802784,76.41144624903326,2,2,6,False
MoCl5,78.88631090487239,77.26218097447796,96.98375870069606,82.48259860788863,2,1,6,False
WCl4,78.88631090487239,70.99767981438515,90.48723897911833,78.42227378190255,2,1,6,False
MoF5,78.30626450116009,74.24593967517401,90.71925754060325,79.77571539056459,2,1,6,False
TaBr5,75.40603248259862,71.46171693735499,95.1276102088167,78.5769528228925,2,1,6,False
CrI2,77.84222737819026,32.71461716937355,83.52668213457076,70.14694508894046,2,0,6,False
UF5,77.61020881670534,68.21345707656613,88.8631090487239,78.73163186388244,2,0,6,False
TlCl3,77.61020881670532,20.185614849187935,81.90255220417633,66.20262954369683,2,0,6,False
NbF4,77.1461716937355,74.70997679814386,88.63109048723898,79.62103634957462,2,0,6,False
NbBr5,76.21809744779583,72.62180974477958,96.75174013921114,79.04098994586234,1,1,6,False
NbBr4,76.21809744779583,64.96519721577727,93.03944315545245,75.90873936581593,1,1,6,False
RuF4,73.31786542923435,71.22969837587007,95.59164733178655,77.1461716937355,1,1,6,False
WBr4,72.2737819025522,61.7169373549884,91.87935034802784,72.2737819025522,1,1,6,False
RuF5,71.80974477958236,67.28538283062645,94.89559164733178,75.44470224284609,1,1,6,False
UCl5,71.11368909512761,68.90951276102089,95.35962877030161,75.48337200309358,1,1,6,False
PtI4,70.76566125290023,69.60556844547564,97.4477958236659,75.67672080433101,1,1,6,False
UI4,70.53364269141531,64.73317865429235,97.21577726218096,73.9752513534416,1,1,6,False
NbI5,69.95359628770302,62.87703016241299,95.82366589327145,72.50580046403712,1,1,6,False
TaI5,69.60556844547564,60.556844547563806,96.51972157772622,72.11910286156225,1,1,6,False
RhF5,69.48955916473318,63.10904872389791,94.43155452436194,72.42846094354215,1,1,6,False
PaCl5,67.40139211136892,59.62877030162414,92.34338747099768,69.83758700696056,1,1,6,False
OsF5,66.24129930394432,61.02088167053365,93.7354988399072,70.53364269141532,1,1,6,False
PdF4,63.45707656612528,60.32482598607889,94.66357308584686,69.1415313225058,1,1,6,False
IrF4,61.1368909512761,57.540603248259856,94.19953596287704,67.05336426914154,1,1,6,False
PaBr5,60.324825986078885,55.91647331786543,91.415313225058,65.77726218097447,1,1,6,False
UBr5,59.51276102088167,55.22041763341067,92.80742459396751,65.66125290023201,1,1,6,False
PtF4,56.84454756380511,53.36426914153132,91.1832946635731,63.225058004640374,1,1,6,False
AuF5,52.204176334106734,46.403712296983755,91.64733178654292,59.97679814385151,1,1,6,False
UBr4,49.88399071925754,45.011600928074245,90.95127610208816,56.99922660479505,1,1,6,False
PdF3,79.23433874709977,76.33410672853829,81.20649651972158,78.92498066511988,1,0,6,False
PtBr3,78.65429234338748,75.87006960556845,80.97447795823666,78.61562258314,1,0,6,False
PtI3,78.30626450116009,77.03016241299304,80.74245939675174,78.53828306264501,1,0,6,False
FeCl3,77.03016241299304,74.0139211136891,81.90255220417633,77.64887857695282,1,0,6,True
Sn3F8,77.03016241299304,53.82830626450116,83.75870069605568,73.85924207269915,1,0,6,False
TaF5,72.15777262180976,67.74941995359629,89.32714617169374,74.47795823665894,1,0,6,False
NbF5,71.22969837587007,65.19721577726219,89.0951276102088,73.00850734725445,1,0,6,False
NbI4,70.41763341067286,57.076566125290014,89.55916473317865,69.37354988399072,1,0,6,False
ZrCl3,65.08120649651971,59.164733178654295,81.20649651972158,67.55607115235885,1,0,6,False
WCl6,57.77262180974478,51.27610208816705,84.91879350348029,63.03170920340295,1,0,6,False
SnF4,56.380510440835266,52.90023201856149,83.06264501160094,61.63959783449343,1,0,6,False
CdCl4,56.380510440835266,20.649651972157773,87.23897911832947,55.33642691415313,1,0,6,False
WF6,55.800464037122964,52.204176334106734,85.84686774941996,62.60634184068059,1,0,6,False
PbF4,55.220417633410676,51.27610208816705,81.4385150812065,60.092807424593964,1,0,6,False
ZrF4,53.59628770301624,39.90719257540603,82.5986078886311,56.264501160092806,1,0,6,False
Tb4F15,51.50812064965197,41.9953596287703,81.90255220417633,55.18174787316318,1,0,6,False
PtF5,50.812064965197216,44.31554524361949,89.79118329466357,57.927300850734724,1,0,6,False
OsF6,50.696055684454755,45.707656612529,87.23897911832947,58.31399845320959,1,0,6,False
IrF6,48.95591647331786,44.779582366589324,86.77494199535964,57.037896365042535,1,0,6,False
UF4,48.37587006960557,40.37122969837587,80.74245939675174,53.17092034029389,1,0,6,False
ThI4,46.75174013921114,37.58700696055685,88.39907192575406,52.12683681361176,1,0,6,False
HfF4,45.70765661252901,36.65893271461717,80.2784222737819,50.42536736272236,1,0,6,False
CeF4,44.66357308584686,37.12296983758701,80.04640371229699,49.80665119876257,1,0,6,False
ReCl6,42.34338747099768,25.986078886310903,86.5429234338747,48.453209590100535,1,0,6,False
WBr6,41.9953596287703,24.593967517401392,86.3109048723898,47.79582366589327,1,0,6,False
UCl6,41.29930394431554,24.361948955916475,87.00696055684455,47.409126063418405,1,0,6,False
UCl4,38.74709976798144,18.793503480278424,85.38283062645012,40.448569218870844,1,0,6,False
PaBr4,36.774941995359626,18.097447795823665,84.22273781902551,38.824439288476405,1,0,6,False
PaCl4,36.31090487238979,18.329466357308586,83.75870069605568,38.70843000773395,1,0,6,False
BiF5,35.84686774941996,18.097447795823665,83.29466357308584,40.98994586233565,1,0,6,False
PtF6,35.614849187935036,19.721577726218097,85.61484918793504,42.11136890951276,1,0,6,False
ThBr4,35.382830626450115,17.633410672853827,83.9907192575406,37.97370456303171,1,0,6,False
ThCl4,35.150812064965194,17.40139211136891,84.45475638051045,37.93503480278422,1,0,6,False
UF6,31.90255220417633,16.473317865429234,82.13457076566125,38.2830626450116,1,0,6,False
Ta2Br5,76.91415313225058,48.027842227378194,79.35034802784223,69.56689868522814,0,0,6,False
MoCl3,75.1740139211137,68.67749419953596,78.88631090487239,74.40061871616396,0,0,6,False
TiCl3,74.70997679814386,72.8538283062645,78.42227378190255,74.90332559938129,0,0,6,False
TiI3,74.36194895591647,56.380510440835266,75.63805104408353,71.6937354988399,0,0,6,False
RuCl3,74.12993039443155,71.92575406032483,77.7262180974478,74.32327919566899,0,0,6,False
Cr2F5,74.12993039443155,52.66821345707656,78.88631090487239,71.9644238205723,0,0,6,False
BiBr3,73.66589327146173,66.5893271461717,79.35034802784223,73.47254447022429,0,0,6,False
AlCl3,72.73781902552204,67.74941995359629,77.49419953596288,72.42846094354215,0,0,6,True
CrCl2,71.46171693735499,39.443155452436194,78.65429234338747,65.27455529775715,0,0,6,False
TiBr3,70.99767981438515,70.53364269141531,75.63805104408353,71.84841453982985,0,0,6,False
RhF3,70.64965197215777,58.70069605568445,73.31786542923435,69.21887084300077,0,0,6,False
WCl3,70.64965197215777,54.988399071925755,74.0139211136891,67.24671307037896,0,0,6,False
BaF3,69.02552204176334,51.972157772621806,79.35034802784223,66.89868522815159,0,0,6,False
ScF3,68.5614849187935,60.78886310904872,70.76566125290023,67.67208043310131,0,0,6,False
YCl3,67.98143851508121,61.02088167053365,73.31786542923435,67.51740139211137,0,0,6,False
TiF3,67.74941995359629,58.23665893271461,70.06960556844548,66.5506573859242,0,0,6,False
MoF3,67.74941995359629,58.0046403712297,70.53364269141531,66.62799690641918,0,0,6,False
CrBr2,67.74941995359629,30.62645011600928,76.5661252900232,62.103634957463264,0,0,6,False
IrCl3,67.4013921113689,64.50116009280742,75.1740139211137,68.09744779582367,0,0,6,False
NbF3,67.28538283062645,57.772621809744784,69.37354988399072,66.04795050270688,0,0,6,False
TaF3,67.28538283062645,57.772621809744784,69.37354988399072,66.04795050270688,0,0,6,False
RhCl3,66.8213457076566,64.73317865429235,76.10208816705337,67.94276875483372,0,0,6,False
IrBr3,66.35730858468678,63.10904872389791,74.94199535962876,67.16937354988399,0,0,6,False
Nb3Br8,65.54524361948955,54.524361948955914,75.4060324825986,66.66666666666667,0,0,6,False
RhBr3,65.42923433874711,62.64501160092807,75.4060324825986,66.66666666666667,0,0,6,False
NiF3,65.08120649651973,63.341067285382834,76.5661252900232,66.78267594740912,0,0,6,False
RuBr3,64.84918793503479,56.8445475638051,67.51740139211137,63.9984532095901,0,0,6,False
Nb3I8,64.03712296983758,54.060324825986086,74.47795823665894,65.6999226604795,0,0,6,False
Ta3I7,63.92111368909514,44.779582366589324,69.37354988399072,60.78886310904873,0,0,6,False
BiCl3,63.92111368909513,53.82830626450116,70.30162412993039,63.57308584686775,0,0,6,False
VF3,63.80510440835267,60.32482598607889,72.8538283062645,64.8491879350348,0,0,6,False
CrBr3,63.341067285382834,61.25290023201856,74.47795823665894,64.77184841453983,0,0,6,False
Nb3Cl8,62.99303944315545,54.292343387471,72.15777262180974,64.34648105181748,0,0,6,False
Ta3Br7,62.99303944315545,45.011600928074245,68.21345707656613,60.208816705336424,0,0,6,False
Ti7Cl16,62.87703016241299,48.49187935034803,73.54988399071925,63.34106728538283,0,0,6,False
VCl3,62.41299303944315,59.86078886310905,74.24593967517401,63.88244392884764,0,0,6,False
NbI3,61.83294663573086,57.772621809744784,64.73317865429235,61.87161639597835,0,0,6,False
MoCl2,61.7169373549884,19.953596287703014,73.08584686774941,58.31399845320959,0,0,6,False
FeBr3,61.1368909512761,59.39675174013921,74.0139211136891,62.91569992266048,0,0,6,False
CoF3,61.1368909512761,57.772621809744784,73.54988399071925,62.99303944315545,0,0,6,False
GdBr3,61.02088167053364,54.524361948955914,71.6937354988399,61.48491879350348,0,0,6,False
Ti7Br16,60.556844547563806,48.25986078886311,71.6937354988399,61.63959783449343,0,0,6,False
ScCl3,60.20881670533643,58.70069605568445,73.08584686774941,62.21964423820572,0,0,6,False
FeF3,59.97679814385151,57.30858468677494,71.92575406032483,62.2969837587007,0,0,6,False
SnF2,59.62877030162413,41.9953596287703,73.78190255220419,59.280742459396755,0,0,6,False
InBr3,59.51276102088167,55.22041763341067,72.15777262180974,60.711523588553746,0,0,6,True
SrF3,59.51276102088167,47.09976798143852,71.92575406032483,60.556844547563806,0,0,6,False
CeF3,59.164733178654295,27.842227378190255,72.8538283062645,56.38051044083527,0,0,6,False
NdF3,59.164733178654295,27.37819025522042,73.08584686774941,56.071152358855365,0,0,6,False
MoBr2,58.23665893271462,19.489559164733176,70.76566125290023,55.1430781129157,0,0,6,False
MoI2,57.540603248259856,19.02552204176334,70.06960556844548,53.63495746326373,0,0,6,False
KF5,56.96055684454756,51.04408352668214,71.22969837587007,59.74477958236659,0,0,6,False
CrF2,56.96055684454756,41.76334106728538,70.99767981438515,57.540603248259856,0,0,6,False
WBr2,56.96055684454756,19.25754060324826,69.83758700696056,53.78963650425368,0,0,6,False
In4Br7,56.84454756380511,18.793503480278424,76.33410672853829,53.480278422273784,0,0,6,False
HfI3,56.72853828306265,55.91647331786543,60.78886310904872,57.61794276875483,0,0,6,False
ThI3,56.61252900232019,38.97911832946635,73.78190255220419,57.656612529002324,0,0,6,False
Pr2I5,56.61252900232019,38.05104408352668,64.50116009280742,54.02165506573859,0,0,6,False
GaF3,56.49651972157773,54.060324825986086,71.46171693735499,58.816705336426914,0,0,6,True
Nb3Cl7,55.800464037122964,44.5475638051044,59.62877030162414,53.44160866202629,0,0,6,False
CrF3,54.75638051044084,53.1322505800464,71.22969837587007,57.656612529002324,0,0,6,False
La2I5,54.524361948955914,35.03480278422274,61.7169373549884,51.97215777262181,0,0,6,False
AgF2,54.292343387471,41.53132250580047,68.67749419953596,55.027068832173235,0,0,6,False
BiF3,53.944315545243626,24.361948955916475,68.44547563805105,52.204176334106734,0,0,6,False
ZrBr3,53.82830626450116,50.34802784222738,57.30858468677494,54.215003866976026,0,0,6,False
CdI2,53.24825986078886,43.851508120649655,58.0046403712297,51.93348801237433,0,0,6,False
TbCl3,52.5522041763341,51.27610208816705,72.38979118329466,56.10982211910286,0,0,6,False
Ce2Br5,51.972157772621806,32.94663573085847,56.8445475638051,49.651972157772626,0,0,6,False
La2Br5,51.62412993039443,31.322505800464036,55.68445475638051,48.8785769528229,0,0,6,False
Pr2Br5,51.27610208816705,30.162412993039446,56.148491879350345,48.49187935034803,0,0,6,False
YI3,50.92807424593968,43.619489559164734,70.99767981438515,53.36426914153133,0,0,6,False
CuF2,49.76798143851508,36.42691415313225,64.03712296983758,50.812064965197216,0,0,6,False
InF3,49.53596287703016,41.53132250580047,70.76566125290023,52.24284609435421,0,0,6,False
SnBr2,49.303944315545245,40.835266821345705,64.2691415313225,51.7014694508894,0,0,6,False
Cd13I28,49.30394431554524,38.74709976798144,56.8445475638051,48.29853054911059,0,0,6,False
TaCl3,49.187935034802784,20.417633410672853,55.22041763341067,40.719257540603245,0,0,6,False
NaCl3,48.25986078886311,22.2737819025522,63.80510440835266,48.414539829853055,0,0,6,False
RuF3,47.67981438515081,40.60324825986079,70.06960556844548,50.65738592420727,0,0,6,False
PuF3,46.98375870069606,22.505800464037122,62.64501160092807,47.293116782675945,0,0,6,False
NpF3,46.519721577726216,21.11368909512761,61.94895591647332,46.67440061871616,0,0,6,False
SnCl2,46.287703016241295,37.58700696055685,63.10904872389791,49.303944315545245,0,0,6,True
LaF3,46.17169373549884,20.88167053364269,61.48491879350348,46.2877030162413,0,0,6,False
FeF2,46.055684454756374,34.5707656612529,55.68445475638051,45.514307811291566,0,0,6,False
NpF4,45.243619489559165,37.81902552204176,79.58236658932715,50.42536736272235,0,0,6,False
Nb6I11,45.011600928074245,18.329466357308586,62.41299303944315,44.43155452436195,0,0,6,False
ThF4,44.5475638051044,36.89095127610209,79.81438515081206,49.7293116782676,0,0,6,False
EuF3,44.43155452436195,24.129930394431554,61.02088167053365,44.93426140757927,0,0,6,False
BiI3,44.19953596287703,39.443155452436194,69.60556844547564,47.98917246713071,0,0,6,False
Dy5Cl11,44.19953596287703,37.58700696055685,56.380510440835266,46.36504253673627,0,0,6,False
In5Cl9,43.735498839907194,19.721577726218097,65.66125290023201,45.011600928074245,0,0,6,False
Ga2I3,43.38747099767981,16.70533642691415,64.50116009280742,41.569992266047954,0,0,6,False
TmCl3,42.69141531322505,38.51508120649652,69.37354988399072,46.86774941995359,0,0,6,False
ReF7,42.459396751740144,25.290023201856147,76.79814385150812,45.243619489559165,0,0,6,False
Sm11Br24,42.343387470997676,35.498839907192576,53.36426914153132,43.92884764114462,0,0,6,False
Tm7Cl15,42.22737819025522,37.58700696055685,50.580046403712295,43.54215003866975,0,0,6,False
TiCl2,41.87935034802784,29.466357308584683,51.972157772621806,41.724671307037895,0,0,6,False
NiBr2,41.87935034802784,27.842227378190255,51.04408352668214,41.02861562258314,0,0,6,False
NpBr3,41.415313225058,30.39443155452436,67.51740139211137,44.624903325599384,0,0,6,False
CoF2,41.183294663573086,30.162412993039446,45.243619489559165,39.056457849961326,0,0,6,False
NiI2,40.95127610208817,27.610208816705335,50.34802784222738,40.2938901778809,0,0,6,False
UBr3,40.951276102088165,25.754060324825982,65.19721577726219,43.464810518174794,0,0,6,False
Sm6Br13,40.83526682134571,34.80278422273782,50.580046403712295,42.072699149265276,0,0,6,False
MnF2,40.37122969837587,26.218097447795824,43.1554524361949,36.92962103634957,0,0,6,False
GdCl3,40.25522041763341,26.218097447795824,65.89327146171694,43.348801237432326,0,0,6,False
ZnF2,40.02320185614849,24.825986078886313,43.851508120649655,36.42691415313225,0,0,6,False
DyCl3,39.907192575406036,33.17865429234338,69.83758700696056,44.50889404485692,0,0,6,False
Nd4Br9,39.791183294663576,29.930394431554525,46.8677494199536,39.17246713070379,0,0,6,False
NiCl2,39.675174013921115,26.91415313225058,49.88399071925754,39.28847641144625,0,0,6,False
IrF3,39.675174013921115,24.129930394431554,66.12529002320186,40.40989945862336,0,0,6,False
YF3,39.675174013921115,19.953596287703014,61.25290023201856,41.26063418406806,0,0,6,False
ZrCl2,39.55916473317865,28.074245939675173,51.508120649651964,40.25522041763341,0,0,6,False
FeBr2,39.443155452436194,25.290023201856147,47.79582366589327,38.36040216550657,0,0,6,False
CoBr2,39.32714617169374,26.68213457076566,48.95591647331787,38.70843000773396,0,0,6,False
CeBr3,39.327146171693734,25.52204176334107,65.66125290023201,42.614075792730084,0,0,6,False
Sm5Br11,39.21113689095128,32.71461716937355,46.17169373549884,39.21113689095127,0,0,6,False
ZrI2,39.09512761020882,29.698375870069604,56.380510440835266,42.38205723124516,0,0,6,False
VI2,38.97911832946636,25.986078886310903,48.027842227378194,38.167053364269144,0,0,6,False
EuCl3,38.8631090487239,25.290023201856147,64.96519721577727,42.111368909512755,0,0,6,False
PdF2,38.74709976798144,25.986078886310903,41.067285382830626,35.65351894818252,0,0,6,False
VF2,38.63109048723898,25.290023201856147,41.53132250580047,35.46017014694509,0,0,6,False
PuBr3,38.16705336426914,29.466357308584683,67.05336426914154,42.227378190255216,0,0,6,False
Nb2F5,38.16705336426914,28.306264501160094,50.34802784222738,38.553750966744005,0,0,6,False
VCl2,38.16705336426914,27.37819025522042,48.72389791183295,38.05104408352668,0,0,6,False
CoI2,38.16705336426914,26.450116009280745,48.25986078886311,37.85769528228925,0,0,6,False
FeCl2,38.051044083526676,25.754060324825982,47.33178654292343,37.39365815931941,0,0,6,False
UCl3,38.051044083526676,24.593967517401392,64.73317865429235,41.41531322505801,0,0,6,False
PrBr3,37.93503480278422,24.825986078886313,64.50116009280742,41.41531322505801,0,0,6,False
SmBr3,37.935034802784216,30.8584686774942,67.74941995359629,42.343387470997676,0,0,6,False
Th2Br5,37.70301624129931,26.68213457076566,49.187935034802784,37.664346481051815,0,0,6,False
CoCl2,37.58700696055684,27.1461716937355,48.49187935034803,37.81902552204176,0,0,6,False
NpI3,37.23897911832947,32.01856148491879,68.90951276102089,42.343387470997676,0,0,6,False
PuI3,37.12296983758701,31.322505800464036,68.67749419953596,41.956689868522815,0,0,6,False
SnI2,37.00696055684455,31.322505800464036,39.675174013921115,36.23356535189482,0,0,6,False
FeI2,37.00696055684455,24.593967517401392,45.93967517401392,36.11755607115236,0,0,6,False
LaBr3,37.00696055684455,23.897911832946637,64.03712296983758,40.37122969837587,0,0,6,False
ZrBr2,36.890951276102086,21.57772621809745,45.011600928074245,35.34416086620263,0,0,6,False
NiF2,36.774941995359626,22.73781902552204,40.835266821345705,33.48801237432328,0,0,6,False
UF3,36.774941995359626,16.70533642691415,58.0046403712297,39.13379737045631,0,0,6,False
MgF2,36.65893271461717,22.505800464037122,41.29930394431555,33.29466357308585,0,0,6,False
SrF2,36.42691415313225,34.33874709976798,52.66821345707656,41.22196442382057,0,0,6,False
NdCl3,36.42691415313225,23.665893271461716,64.2691415313225,40.10054137664346,0,0,6,False
SmF3,36.42691415313225,17.865429234338748,58.93271461716937,38.74709976798144,0,0,6,False
NdBr3,36.31090487238979,29.00232018561485,66.35730858468676,40.64191802010827,0,0,6,False
LaI3,35.84686774941996,29.23433874709977,66.5893271461717,40.48723897911833,0,0,6,False
AcCl3,35.730858468677496,23.201856148491878,63.57308584686775,39.40448569218871,0,0,6,False
UI3,35.382830626450115,28.538283062645007,67.28538283062645,39.945862335653516,0,0,6,False
MgCl2,35.382830626450115,26.218097447795824,46.8677494199536,35.84686774941995,0,0,6,False
PbBr2,35.266821345707655,32.48259860788863,48.95591647331787,39.17246713070379,0,0,6,False
U2F9,35.266821345707655,17.865429234338748,79.11832946635731,37.81902552204176,0,0,6,False
MnBr2,35.1508120649652,24.361948955916475,45.47563805104408,35.07347254447023,0,0,6,False
PrCl3,35.150812064965194,22.96983758700696,63.80510440835266,39.1337973704563,0,0,6,False
CeCl3,34.80278422273781,22.73781902552204,63.10904872389791,38.78576952822892,0,0,6,False
TlF3,34.45475638051044,25.986078886310903,63.341067285382834,38.43774168600155,0,0,6,False
VBr2,34.45475638051044,24.593967517401392,45.243619489559165,34.33874709976798,0,0,6,False
LaCl3,34.33874709976798,22.041763341067284,62.87703016241299,38.2830626450116,0,0,6,False
PuCl3,34.222737819025525,21.57772621809745,62.41299303944315,37.97370456303171,0,0,6,False
TbF3,34.222737819025525,17.16937354988399,58.23665893271461,36.69760247486466,0,0,6,False
PbCl2,34.106728538283065,27.1461716937355,41.9953596287703,34.53209590100541,0,0,6,False
NpCl3,34.106728538283065,21.809744779582367,62.64501160092807,38.0123743232792,0,0,6,False
MnCl2,33.990719257540604,25.05800464037123,45.011600928074245,34.261407579273005,0,0,6,False
MnI2,33.990719257540604,23.897911832946637,44.5475638051044,33.68136117556071,0,0,6,False
YbF3,33.64269141531322,21.34570765661253,60.32482598607889,36.620262954369686,0,0,6,False
BaF2,33.17865429234339,22.96983758700696,42.92343387470998,33.56535189481826,0,0,6,False
AcBr3,33.17865429234339,20.417633410672853,61.94895591647332,37.08430007733952,0,0,6,False
LaBr2,33.06264501160093,21.34570765661253,39.443155452436194,32.71461716937355,0,0,6,False
SrBr2,32.83062645011601,32.01856148491879,34.5707656612529,33.1399845320959,0,0,6,False
SrI2,32.83062645011601,29.466357308584683,33.64269141531322,32.32791956689868,0,0,6,False
HoF3,32.83062645011601,17.40139211136891,58.46867749419954,35.69218870843001,0,0,6,False
PbF2,32.48259860788863,23.897911832946637,36.19489559164733,31.051817478731632,0,0,6,False
DyBr2,32.25058004640371,19.953596287703014,38.51508120649652,30.587780355761794,0,0,6,False
ErF3,32.13457076566125,17.633410672853827,58.70069605568445,35.22815158546017,0,0,6,False
PrF3,31.90255220417633,16.241299303944317,56.61252900232019,35.57617942768755,0,0,6,False
MgI2,31.786542923433878,22.041763341067284,43.38747099767982,31.7092034029389,0,0,6,False
EuI2,31.438515081206496,27.37819025522042,34.5707656612529,31.20649651972158,0,0,6,False
MgBr2,31.322505800464036,21.57772621809745,43.619489559164734,31.631863882443927,0,0,6,False
SmI2,31.322505800464036,19.25754060324826,35.266821345707655,28.963650425367362,0,0,6,False
TmCl2,30.51044083526682,19.721577726218097,35.03480278422274,28.731631863882445,0,0,6,False
TiBr2,30.394431554524367,21.11368909512761,42.92343387470998,30.74245939675174,0,0,6,False
CdCl2,29.698375870069604,21.34570765661253,42.459396751740144,30.433101314771847,0,0,6,False
YbI2,28.65429234338747,21.809744779582367,36.65893271461717,28.383604021655064,0,0,6,False
CaBr2,27.37819025522042,19.489559164733176,39.675174013921115,28.924980665119875,0,0,6,False
SmCl2,25.406032482598604,22.73781902552204,34.106728538283065,26.52745552977571,0,0,6,False
TmI2,24.94199535962877,20.88167053364269,34.80278422273782,25.48337200309358,0,0,6,False
CdBr2,24.94199535962877,20.185614849187935,40.60324825986079,26.875483372003092,0,0,6,False
NdCl2,24.361948955916475,23.201856148491878,35.03480278422274,26.179427687548337,0,0,6,False
YbBr2,24.245939675174014,20.417633410672853,35.498839907192576,27.068832173240526,0,0,6,False
CaI2,23.4338747099768,19.02552204176334,38.74709976798144,25.212683681361174,0,0,6,False
BaCl2,23.201856148491878,19.721577726218097,31.786542923433874,24.555297757153905,0,0,6,False
BaI2,22.8538283062645,19.489559164733176,31.554524361948953,24.16860015467904,0,0,6,False
EuBr2,22.505800464037122,18.793503480278424,32.01856148491879,23.588553750966742,0,0,6,False
HgF2,22.2737819025522,19.25754060324826,29.00232018561485,23.008507347254447,0,0,6,False
EuF2,22.041763341067288,19.25754060324826,29.23433874709977,22.931167826759474,0,0,6,False
CaF2,22.041763341067284,19.721577726218097,31.322505800464036,23.781902552204176,0,0,6,False
CdF2,21.809744779582367,19.25754060324826,29.00232018561485,22.815158546017017,0,0,6,False
SrCl2,21.809744779582367,19.25754060324826,29.00232018561485,22.815158546017017,0,0,6,False
TiF2,21.809744779582367,18.329466357308586,29.00232018561485,22.54447022428461,0,0,6,False
Tl2Br3,21.577726218097446,16.70533642691415,46.635730858468676,25.59938128383604,0,0,6,False
PbI2,21.34570765661253,18.561484918793504,35.96287703016242,23.395204949729315,0,0,6,False
In2Cl3,21.229698375870072,17.16937354988399,51.27610208816705,25.56071152358855,0,0,6,False
EuCl2,20.185614849187935,18.097447795823665,30.8584686774942,22.583139984532096,0,0,6,False
ThI2,20.185614849187935,16.937354988399072,22.96983758700696,20.14694508894045,0,0,6,False
BaBr2,19.953596287703014,19.02552204176334,31.09048723897912,22.54447022428461,0,0,6,False
PrI2,19.953596287703014,18.793503480278424,31.09048723897912,21.887084300077337,0,0,6,False
Sc5Cl8,19.1415313225058,17.865429234338748,44.779582366589324,23.240525908739368,0,0,6,False
Tl2Cl3,19.1415313225058,16.937354988399072,49.187935034802784,24.245939675174014,0,0,6,False
In5Br7,18.677494199535964,15.777262180974477,56.148491879350345,24.98066511987626,0,0,6,False
Sc7Cl10,17.981438515081205,15.54524361948956,46.17169373549884,22.2737819025522,0,0,6,False
NdI2,17.749419953596288,15.777262180974477,22.041763341067284,18.17478731631864,0,0,6,False
Sc7Cl12,17.633410672853827,16.70533642691415,33.4106728538283,20.030935808197988,0,0,6,False
LaI2,17.517401392111367,15.31322505800464,22.2737819025522,17.981438515081205,0,0,6,False
Tb5Br8,17.053364269141532,16.241299303944317,28.074245939675173,18.716163959783447,0,0,6,False
Y2Cl3,16.009280742459396,15.777262180974477,16.473317865429234,16.08662026295437,0,0,6,False
Gd2Br3,15.777262180974477,15.54524361948956,16.009280742459396,15.777262180974477,0,0,6,False
Gd2Cl3,15.661252900232018,15.54524361948956,16.473317865429234,15.815931941221963,0,0,6,False
In7Cl9,15.31322505800464,14.617169373549885,15.31322505800464,15.158546017014695,0,0,6,False
In7Br9,15.081206496519723,14.153132250580047,15.31322505800464,14.965197215777264,0,0,6,False
Er4I5,14.849187935034802,10.672853828306264,14.849187935034802,14.153132250580045,0,0,6,False
Bi6Cl7,14.501160092807424,13.921113689095128,14.617169373549885,14.42382057231245,0,0,6,False
Bi6Br7,14.385150812064964,12.529002320185615,14.617169373549885,14.114462490332562,0,0,6,False
Er6I7,14.153132250580047,12.296983758700696,14.385150812064964,13.882443928847641,0,0,6,False
Tb6Br7,13.921113689095128,11.832946635730858,13.921113689095128,13.57308584686775,0,0,6,False
CuI,13.341067285382831,9.976798143851507,25.05800464037123,14.655839133797372,0,0,6,False
AuCl,13.225058004640372,0.9280742459396751,13.45707656612529,10.904872389791182,0,0,6,False
AuBr,12.877030162412993,1.160092807424594,13.45707656612529,11.059551430781129,0,0,6,False
CuBr,12.180974477958237,10.904872389791183,13.45707656612529,12.02629543696829,0,0,6,False
CuCl,12.064965197215777,8.816705336426914,14.385150812064964,11.910286156225832,0,0,6,False
BiBr,11.7169373549884,10.440835266821345,12.529002320185615,11.48491879350348,0,0,6,False
AgI,11.7169373549884,6.728538283062645,14.849187935034802,11.523588553750967,0,0,6,False
CuF,11.7169373549884,6.728538283062645,13.68909512761021,11.1368909512761,0,0,6,False
HgCl,11.600928074245939,10.208816705336426,12.761020881670534,11.523588553750967,0,0,6,False
AuI,11.600928074245939,1.3921113689095126,13.225058004640372,10.131477184841453,0,0,6,False
HgBr,11.368909512761022,8.120649651972158,12.993039443155451,11.020881670533642,0,0,6,False
HgI,11.36890951276102,8.584686774941995,13.68909512761021,11.330239752513535,0,0,6,False
LiI,11.36890951276102,6.2645011600928076,15.081206496519723,11.330239752513535,0,0,6,False
BiI,11.020881670533642,9.744779582366588,12.993039443155451,11.059551430781127,0,0,6,False
NaI,10.904872389791183,8.584686774941995,11.36890951276102,10.479505027068832,0,0,6,False
CoBr,10.672853828306264,1.3921113689095126,13.68909512761021,8.159319412219645,0,0,6,False
InCl,10.208816705336426,9.280742459396752,10.904872389791183,10.208816705336426,0,0,6,False
LaCl,9.860788863109047,1.160092807424594,11.832946635730858,8.004640371229698,0,0,6,False
ScCl,9.396751740139212,0.9280742459396751,12.761020881670534,8.546017014694508,0,0,6,False
InBr,8.932714617169374,8.584686774941995,9.744779582366588,9.126063418406806,0,0,6,False
CsI,8.932714617169374,7.888631090487238,9.51276102088167,8.778035576179427,0,0,6,False
TlCl,8.584686774941995,7.888631090487238,10.208816705336426,8.894044856921886,0,0,6,False
InI,8.468677494199536,8.120649651972158,9.51276102088167,8.546017014694508,0,0,6,False
TlBr,8.468677494199536,7.424593967517401,10.208816705336426,8.623356535189481,0,0,6,False
TlI,8.120649651972156,7.192575406032482,9.976798143851507,8.352668213457076,0,0,6,False
AgCl,7.65661252900232,6.960556844547564,9.048723897911833,7.695282289249806,0,0,6,False
KF,6.728538283062645,5.336426914153132,8.816705336426914,6.844547563805104,0,0,6,False
CsBr,6.728538283062645,4.872389791183294,8.816705336426914,6.728538283062645,0,0,6,False
CsF,6.728538283062645,3.480278422273782,8.816705336426914,6.496519721577727,0,0,6,False
KI,6.496519721577727,5.336426914153132,8.816705336426914,6.728538283062645,0,0,6,False
RbCl,6.496519721577727,5.336426914153132,8.816705336426914,6.728538283062645,0,0,6,False
LiBr,6.496519721577727,3.248259860788863,8.816705336426914,6.264501160092807,0,0,6,False
RbI,6.2645011600928076,3.7122969837587005,8.816705336426914,6.225831399845322,0,0,6,False
LaI,6.148491879350348,1.160092807424594,9.51276102088167,5.645784996133024,0,0,6,False
NaCl,6.0324825986078885,5.336426914153132,8.816705336426914,6.419180201082753,0,0,6,False
RbBr,6.0324825986078885,3.480278422273782,8.816705336426914,6.187161639597835,0,0,6,False
NaF,6.0324825986078885,3.248259860788863,7.192575406032482,5.684454756380511,0,0,6,False
KCl,5.684454756380511,3.480278422273782,6.960556844547564,5.452436194895591,0,0,6,False
AgBr,5.68445475638051,3.248259860788863,8.816705336426914,5.877803557617942,0,0,6,False
LiF,5.68445475638051,3.248259860788863,8.816705336426914,5.877803557617942,0,0,6,False
HgF,5.220417633410673,2.784222737819025,10.672853828306264,6.148491879350348,0,0,6,False
NaBr,5.104408352668213,3.248259860788863,8.816705336426914,5.375096674400619,0,0,6,False
CsCl,4.988399071925754,3.480278422273782,8.816705336426914,5.297757153905645,0,0,6,False
KBr,4.988399071925754,3.480278422273782,8.816705336426914,5.297757153905645,0,0,6,False
TlF,4.988399071925754,1.8561484918793503,8.816705336426914,5.104408352668213,0,0,6,False
AgF,4.524361948955916,3.248259860788863,5.336426914153132,4.331013147718484,0,0,6,False
LiCl,3.9443155452436196,2.5522041763341066,7.424593967517401,4.331013147718484,0,0,6,False
RbF,3.248259860788863,0.9280742459396751,6.0324825986078885,3.2095901005413765,0,0,6,False
ZrBr,2.9002320185614847,1.6241299303944314,13.68909512761021,5.413766434648106,0,0,6,False
ZrCl,2.784222737819025,2.320185614849188,13.225058004640372,5.1430781129157,0,0,6,False
YI,2.2041763341067284,1.8561484918793503,13.45707656612529,5.1430781129157,0,0,6,False
TbBr,2.088167053364269,1.3921113689095126,12.993039443155451,4.447022428460943,0,0,6,False
GdBr,2.088167053364269,0.9280742459396751,12.064965197215777,4.176334106728538,0,0,6,False
LaBr,1.9721577726218096,1.3921113689095126,12.296983758700696,4.48569218870843,0,0,6,False
TbCl,1.7401392111368907,1.160092807424594,11.600928074245939,4.2536736272235105,0,0,6,False
YCl,1.2761020881670533,0.9280742459396751,11.1368909512761,3.82830626450116,0,0,6,False
Ag2F,0.6960556844547563,0.23201856148491878,0.6960556844547563,0.6187161639597835,0,0,6,False
Bi4I,0.46403712296983757,0.46403712296983757,0.6960556844547563,0.502706883217324,0,0,6,False
Bi9I2,0.23201856148491878,0.23201856148491878,0.46403712296983757,0.27068832173240526,0,0,6,False
