config,group,formula,material_id,matched_site,matched_center,soap_similarity,nX_available,six_X_distances_scaled,radial_cv,planarity_ratio,best_m,best_psi,psi6,psi2,psi3,psi4,psi5,psi7,psi8,psi9,psi10
short,known,AlCl3,mp-25470,2,X,0.8826266527175903,6,"[1.266964637557499, 1.2669646912092083, 1.2669646912092083, 1.333170007536183, 1.3331700585235424, 1.3331700585235426]",0.025462283867169012,0.21903229722071818,10,0.9628331899163683,0.13559947461122174,0.5064479015175506,0.04049320978573738,0.2410405124772449,0.009309583818920367,0.10094415178314234,0.6589577259094754,0.0506128626681991,0.9628331899163683
short,known,FeCl3,mp-23204,2,X,0.9472475051879883,6,"[1.3113286049383277, 1.4279545537820248, 1.4279546039768805, 1.4284195069861843, 1.4284195571841742, 1.4957430359221935]",0.03837387982776586,0.18558360346127767,5,0.6591517485421634,0.610305341747848,0.23920930730931353,0.19906008978396633,0.38421701863977237,0.6591517485421634,0.2910901523753872,0.4163646299466713,0.289634021981063,0.20316346363504342
short,known,GaF3,mp-588,2,X,0.9081869721412659,6,"[1.4120833031859283, 1.4120835702000134, 1.412083654239902, 1.4120836658473486, 1.4163405076922762, 1.4163405235704223]",0.0014197028749827548,0.2224143189050394,6,0.4402918315479518,0.4402918315479518,0.07628229413099509,0.2653584122287285,0.23955919047813096,0.35816956521285725,0.15593387350111754,0.263799834565166,0.13401138549697456,0.007250470737856922
short,known,InBr3,mp-570219,2,X,0.9108453989028931,6,"[1.3743965773352869, 1.417440904796191, 1.4174409693290924, 1.4201545368816835, 1.4201545459867284, 1.4521555544329363]",0.01596705647145062,0.18917937395481393,6,0.7505095390493883,0.7505095390493883,0.2139870120319361,0.16513188181944674,0.4390614664219662,0.5226118111408069,0.0921303602982593,0.49435868341270617,0.25735712889640694,0.2939603149651223
short,known,TaCl5,mp-29831,14,X,0.9542556405067444,6,"[1.4568240384527802, 1.457031777166615, 1.4941712777673397, 1.5284050581916317, 1.6370817388891148, 1.6440123475124906]",0.050558146442230834,0.14624608647283213,5,0.5361472337354714,0.30228838163167504,0.35683570049976604,0.007186403613736348,0.07397170802453967,0.5361472337354714,0.23199287453645817,0.10421340169177942,0.07683857452335909,0.25117993035814906
short,known,ZrCl4,mp-569175,3,X,0.9590228796005249,6,"[1.426717664079526, 1.5040861338472913, 1.5116616280366688, 1.511661628036669, 1.5176288422171063, 1.5182404105335374]",0.021602110634044765,0.18245082301380203,6,0.6790359917336,0.6790359917336,0.19864097624004387,0.22684295158638929,0.43898933362696213,0.5515245961379142,0.17502667843750394,0.439871637283327,0.29159922275369415,0.16997283222498888
short,known,GaCl3,mp-30952,2,X,1.0,6,"[1.5428531485807475, 1.7059014364744856, 1.7062504702702908, 1.7194746256370799, 1.719631940906865, 1.7221634584980656]",0.038174728082637034,0.17959330727290335,6,0.9899893118849047,0.9899893118849047,0.26026677453310126,0.3308349773523063,0.34518242165945473,0.364312032677823,0.5395194960763852,0.18265045035953587,0.31098472411368117,0.4240659762654126
short,blind,InI3,mp-567789,5,X,0.977380633354187,6,"[1.5654070923774799, 1.6454291446234746, 1.6569518380502477, 1.675635832333438, 1.6790106763445798, 1.688324767922625]",0.024928932059050436,0.1712894900953574,6,0.9544334820819784,0.9544334820819784,0.07330467713115792,0.005075002909692535,0.13022662764369886,0.024527962760290577,0.028608945000508996,0.3118903569469693,0.024670443990036598,0.27003425030498335
short,blind,AlBr3,mp-23288,12,X,0.9962214231491089,6,"[1.5807466004073756, 1.6942901793582315, 1.7021198645830882, 1.7071365176404814, 1.715159680855188, 1.8278998216400864]",0.04201423865097253,0.17313305637633766,6,0.9488760891102095,0.9488760891102095,0.2541484843851221,0.3367708362039876,0.33391560989782765,0.23366852089337314,0.7104188626679431,0.10512804832942925,0.35505682031568914,0.3493118588419734
short,blind,ZnCl2,mp-22909,2,X,0.9561988711357117,6,"[1.609227507203553, 1.6092276356427957, 1.6092276452260406, 1.609227661681357, 1.6732370748467564, 1.6732371013291518]",0.018505470661788363,0.22190449779824042,4,0.600289984716045,0.33928715551620026,0.15830747344640486,0.04279703363370458,0.600289984716045,0.26528116321969203,0.28788109149947966,0.27144799002042685,0.08674313284639093,0.22800672360079485
short,blind,SnCl2,mp-29179,16,X,0.8987212181091309,6,"[1.3417326668947447, 1.3440049948579087, 1.3483905355824837, 1.348390535582484, 1.4016670454087443, 1.4056390463214632]",0.020130086812446667,0.2392969135665146,10,0.6853326874822014,0.5700067570983205,0.16225989008771619,0.18278465785791714,0.35143347198559227,0.2674933018261912,0.29510770055349744,0.4496570947551128,0.339461940700038,0.6853326874822014
baseline,known,AlCl3,mp-25470,2,X,0.9135806560516357,6,"[1.266964637557499, 1.2669646912092083, 1.2669646912092083, 1.333170007536183, 1.3331700585235424, 1.3331700585235426]",0.025462283867169012,0.21903229722071818,10,0.9628331899163683,0.13559947461122174,0.5064479015175506,0.04049320978573738,0.2410405124772449,0.009309583818920367,0.10094415178314234,0.6589577259094754,0.0506128626681991,0.9628331899163683
baseline,known,FeCl3,mp-23204,2,X,0.9420815110206604,6,"[1.3113286049383277, 1.4279545537820248, 1.4279546039768805, 1.4284195069861843, 1.4284195571841742, 1.4957430359221935]",0.03837387982776586,0.18558360346127767,5,0.6591517485421634,0.610305341747848,0.23920930730931353,0.19906008978396633,0.38421701863977237,0.6591517485421634,0.2910901523753872,0.4163646299466713,0.289634021981063,0.20316346363504342
baseline,known,GaF3,mp-588,2,X,0.9245362877845764,6,"[1.4120833031859283, 1.4120835702000134, 1.412083654239902, 1.4120836658473486, 1.4163405076922762, 1.4163405235704223]",0.0014197028749827548,0.2224143189050394,6,0.4402918315479518,0.4402918315479518,0.07628229413099509,0.2653584122287285,0.23955919047813096,0.35816956521285725,0.15593387350111754,0.263799834565166,0.13401138549697456,0.007250470737856922
baseline,known,InBr3,mp-570219,2,X,0.9278712272644043,6,"[1.3743965773352869, 1.417440904796191, 1.4174409693290924, 1.4201545368816835, 1.4201545459867284, 1.4521555544329363]",0.01596705647145062,0.18917937395481393,6,0.7505095390493883,0.7505095390493883,0.2139870120319361,0.16513188181944674,0.4390614664219662,0.5226118111408069,0.0921303602982593,0.49435868341270617,0.25735712889640694,0.2939603149651223
baseline,known,TaCl5,mp-29831,10,X,0.9436516761779785,6,"[1.457379806168405, 1.458036679439332, 1.49384315995361, 1.5297723084462833, 1.6330489927041243, 1.644012421241659]",0.04983756474321307,0.1583591588962993,5,0.8140398180754684,0.5589256842897625,0.07944392874917659,0.10158403314869355,0.2192511757756334,0.8140398180754684,0.3033567031962065,0.10310687408509282,0.1290744433185003,0.4219355367687178
baseline,known,ZrCl4,mp-569175,2,X,0.9607681035995483,6,"[1.5176288422171065, 1.5182404105335374, 1.5400155864699498, 1.5783501809479108, 1.6313100593032355, 1.6313100593032355]",0.030674893427533333,0.18633723093774993,6,0.8034117503918913,0.8034117503918913,0.17440191817960396,0.2974163793668625,0.5135952433678386,0.5601183698710929,0.04845779510674512,0.21997174375067752,0.08337334545404088,0.6360329424872422
baseline,known,GaCl3,mp-30952,6,X,1.0,6,"[1.7194746256370799, 1.719630854056643, 1.751670601342099, 1.7698046926209585, 1.7709655844769991, 1.8130834692913755]",0.018490943128540098,0.14435697920819313,8,0.7656263520876815,0.3999453611127494,0.5094678576868245,0.32788384776123136,0.07529163299453843,0.7216719074022176,0.7125796502188714,0.7656263520876815,0.07839973241726574,0.31296960332211493
baseline,blind,InI3,mp-567789,6,X,0.9704287648200989,6,"[1.5871384991434663, 1.593534012055091, 1.6230544268245453, 1.6384761941303256, 1.6569518380502475, 1.6759118937248438]",0.019598941558768124,0.1993116443090341,6,0.6396340127813381,0.6396340127813381,0.19289627035076318,0.21655803366332063,0.4969684942821674,0.4824080275464409,0.20398093732886796,0.5599264278454852,0.17989699410347482,0.2976755155899961
baseline,blind,AlBr3,mp-23288,8,X,0.9974923729896545,6,"[1.702119864583088, 1.7071365176404814, 1.7390524928137416, 1.7911965377618146, 1.8104455294350268, 1.8221411329355162]",0.02735419795498678,0.2258445050437832,5,0.6455607725383724,0.1313183394133993,0.07115978448075592,0.14875712454590279,0.21541466940254017,0.6455607725383724,0.30994708912061475,0.20964827348855253,0.21198333775789127,0.3053542021073328
baseline,blind,ZnCl2,mp-22909,4,X,0.9643017649650574,6,"[1.6092275310833475, 1.6092276191097727, 1.6092276356427955, 1.609227661681357, 1.6732370748467567, 1.6732370834046595]",0.018505468270525707,0.17699225723866122,8,0.8989827197343573,0.5661799718277145,0.2520832356667527,4.051024478422659e-07,0.3302617144254836,6.648577809780614e-07,8.934470278083932e-07,0.8989827197343573,1.1821066302271111e-06,0.20664088094017893
baseline,blind,SnCl2,mp-29179,16,X,0.9305614233016968,6,"[1.3417326668947447, 1.3440049948579087, 1.3483905355824837, 1.348390535582484, 1.4016670454087443, 1.4056390463214632]",0.020130086812446667,0.2392969135665146,10,0.6853326874822014,0.5700067570983205,0.16225989008771619,0.18278465785791714,0.35143347198559227,0.2674933018261912,0.29510770055349744,0.4496570947551128,0.339461940700038,0.6853326874822014
medium,known,AlCl3,mp-25470,2,X,0.943669855594635,6,"[1.266964637557499, 1.2669646912092083, 1.2669646912092083, 1.333170007536183, 1.3331700585235424, 1.3331700585235426]",0.025462283867169012,0.21903229722071818,10,0.9628331899163683,0.13559947461122174,0.5064479015175506,0.04049320978573738,0.2410405124772449,0.009309583818920367,0.10094415178314234,0.6589577259094754,0.0506128626681991,0.9628331899163683
medium,known,FeCl3,mp-23204,3,X,0.9583019018173218,6,"[1.3113286432693523, 1.4279545387825416, 1.427954553782025, 1.428419491962814, 1.4284195571841742, 1.4957430359221937]",0.038373869651538516,0.18561546217886696,5,0.6588085410103797,0.6094776730749485,0.2390744647977423,0.19939998416676813,0.38431010709727376,0.6588085410103797,0.29199518493187543,0.41678154734588047,0.2891144890431299,0.20259714903583434
medium,known,GaF3,mp-588,2,X,0.9479488134384155,6,"[1.4120833031859283, 1.4120835702000134, 1.412083654239902, 1.4120836658473486, 1.4163405076922762, 1.4163405235704223]",0.0014197028749827548,0.2224143189050394,6,0.4402918315479518,0.4402918315479518,0.07628229413099509,0.2653584122287285,0.23955919047813096,0.35816956521285725,0.15593387350111754,0.263799834565166,0.13401138549697456,0.007250470737856922
medium,known,InBr3,mp-570219,2,X,0.9489279985427856,6,"[1.3743965773352869, 1.417440904796191, 1.4174409693290924, 1.4201545368816835, 1.4201545459867284, 1.4521555544329363]",0.01596705647145062,0.18917937395481393,6,0.7505095390493883,0.7505095390493883,0.2139870120319361,0.16513188181944674,0.4390614664219662,0.5226118111408069,0.0921303602982593,0.49435868341270617,0.25735712889640694,0.2939603149651223
medium,known,TaCl5,mp-29831,28,X,0.9607921838760376,6,"[1.449119139255884, 1.4495204793550105, 1.4571883720816474, 1.4573798763927237, 1.5324002704685724, 1.636460716186776]",0.04596100776005156,0.2419339861577832,7,0.6171253117747296,0.615476099450357,0.19687181900696074,0.11769749176012063,0.4074890518552543,0.4139768738656651,0.6171253117747296,0.3923565704569787,0.3150117110322066,0.2766657750185137
medium,known,ZrCl4,mp-569175,8,X,0.9704844951629639,6,"[1.5176288422171065, 1.5182404105335374, 1.5400155864699494, 1.5783501809479112, 1.6313100593032355, 1.6313100593032355]",0.03067489342753337,0.1863372309377498,6,0.8034117503918916,0.8034117503918916,0.17440191817960404,0.2974163793668624,0.5135952433678387,0.5601183698710932,0.048457795106744875,0.21997174375067666,0.0833733454540393,0.6360329424872432
medium,known,GaCl3,mp-30952,5,X,0.9999998807907104,6,"[1.7059014364744856, 1.7062686907095679, 1.7221848617802074, 1.7232752354732335, 1.751672394998303, 1.8131401616113254]",0.021452590933817173,0.1477446027284747,7,0.7894816991336051,0.30172131552058407,0.5137444178670864,0.28247808101153865,0.15015171635098595,0.7736773537944899,0.7894816991336051,0.6389434119921419,0.16320743966810533,0.34586071298850163
medium,blind,InI3,mp-567789,5,X,0.9819031953811646,6,"[1.5654070923774799, 1.6454291446234746, 1.6569518380502477, 1.675635832333438, 1.6790106763445798, 1.688324767922625]",0.024928932059050436,0.1712894900953574,6,0.9544334820819784,0.9544334820819784,0.07330467713115792,0.005075002909692535,0.13022662764369886,0.024527962760290577,0.028608945000508996,0.3118903569469693,0.024670443990036598,0.27003425030498335
medium,blind,AlBr3,mp-23288,4,X,0.9967911243438721,6,"[1.6942901793582306, 1.7151596808551872, 1.739052492813741, 1.7911965377618149, 1.810445529435027, 1.8278998216400864]",0.028210230254350443,0.1675420084347878,2,0.4554229742907943,0.41090883805920353,0.4554229742907943,0.3657934307609262,0.33337677029884794,0.16554976266674454,0.1382577536677644,0.3942125265438037,0.19581360520898008,0.24460979691888504
medium,blind,ZnCl2,mp-22909,4,X,0.9612189531326294,6,"[1.6092275310833475, 1.6092276191097727, 1.6092276356427955, 1.609227661681357, 1.6732370748467567, 1.6732370834046595]",0.018505468270525707,0.17699225723866122,8,0.8989827197343573,0.5661799718277145,0.2520832356667527,4.051024478422659e-07,0.3302617144254836,6.648577809780614e-07,8.934470278083932e-07,0.8989827197343573,1.1821066302271111e-06,0.20664088094017893
medium,blind,SnCl2,mp-29179,16,X,0.9389078617095947,6,"[1.3417326668947447, 1.3440049948579087, 1.3483905355824837, 1.348390535582484, 1.4016670454087443, 1.4056390463214632]",0.020130086812446667,0.2392969135665146,10,0.6853326874822014,0.5700067570983205,0.16225989008771619,0.18278465785791714,0.35143347198559227,0.2674933018261912,0.29510770055349744,0.4496570947551128,0.339461940700038,0.6853326874822014
wide,known,AlCl3,mp-25470,0,M,0.9882609248161316,6,"[1.0, 1.0, 1.0000000679748176, 1.0000000679748178, 1.0000000679748178, 1.0000000679748178]",3.2043634920590143e-08,0.2591140661803659,6,0.9999999999999662,0.9999999999999662,6.116533951550096e-08,1.3650713096900981e-16,1.2233069029976562e-07,2.616820764472958e-16,4.571017389426677e-16,2.4466133567250614e-07,3.3224241910619107e-16,3.058267537362861e-07
wide,known,FeCl3,mp-23204,0,M,0.9917001128196716,6,"[0.9999763777175517, 1.0000236222824477, 1.000055652521861, 1.000316076544798, 1.000363377016229, 1.0003954284774084]",0.00017293469592126373,0.3203500701496399,9,0.8399540475480047,0.7870406913227136,2.2158919686484924e-05,0.3263121754665892,4.423004916726694e-05,0.0001333523996242099,0.0001867795675793486,0.00022785731132898872,0.8399540475480047,0.00028466927869532217
wide,known,GaF3,mp-588,0,M,0.9910876154899597,6,"[0.9999999759543786, 0.9999999759543787, 1.0000000380115295, 1.000000038011529, 1.0000001320638436, 1.0000001320638434]",6.417605054067517e-08,0.33232984175199204,4,0.9690459380949266,0.2670295065382601,0.3258245545982417,3.686839508719226e-16,0.9690459380949266,7.718105138246837e-16,6.206335383118183e-16,0.8790658225254987,1.392827280663205e-15,0.15727317889178868
wide,known,InBr3,mp-570219,0,M,0.9913623929023743,6,"[0.9999989544305169, 1.0000010455694825, 1.0009297859615667, 1.0009307039789932, 1.0012143569504524, 1.0012154931023973]",0.0005184362682951658,0.32945170117509753,6,0.9536198567318949,0.9536198567318949,0.024032546700023825,0.14377568633664703,0.04596804936183256,0.015801837370784815,0.024632992424398478,0.09178342549995004,0.4151187891276345,0.10019780138101232
wide,known,TaCl5,mp-29831,0,M,0.9981313943862915,6,"[0.9894697012337529, 0.9895221316806533, 1.0105469396049567, 1.010719686449208, 1.1173461195154406, 1.117542539905665]",0.0538901942405282,0.311375091873848,8,0.77500406430826,0.31530465161122373,0.33322407428642303,0.46857310179405104,0.2879777435971336,0.10045698420553098,0.015281070248244275,0.77500406430826,0.6648942557414871,0.29824667320588255
wide,known,ZrCl4,mp-569175,0,M,1.0000001192092896,6,"[0.9999999999999998, 0.9999999999999998, 1.0759228599603747, 1.0759228599603747, 1.1545221867555961, 1.1545221867555964]",0.05858626775485908,0.32195577232524425,4,0.7613757644761275,0.2538937390664707,0.1599153697379278,0.2228904741220609,0.7613757644761275,0.06302554473279776,0.1687292233651784,0.3091253275735433,0.08499467202373923,0.04000902735429107
wide,known,GaCl3,mp-30952,0,M,0.9897251129150391,6,"[0.9951405008201282, 1.0048594991798723, 1.0906876072662193, 1.0909165466527444, 1.7833457614906072, 1.7869738818716465]",0.2714447473405899,0.1426225260323646,5,0.860402825967718,0.599127688589013,0.10839915470735229,0.2532822591859869,0.03011200251221317,0.860402825967718,0.019884858204354098,0.3388170042127878,0.08911352867539678,0.5095347467816146
wide,blind,InI3,mp-567789,0,M,0.9885772466659546,6,"[0.9998855108435293, 1.0001144891564706, 1.0730825913126123, 1.0743957148691252, 1.8270065968812803, 1.8288653954470906]",0.2876656600303861,0.14296076712893646,3,0.6500842329834102,0.04951441792353633,0.5144307431892178,0.6500842329834102,0.09508771830927609,0.288154128686336,0.3419044929012767,0.2809376323911948,0.13188066891899866,0.045730683500191945
wide,blind,AlBr3,mp-23288,0,M,0.9892176389694214,6,"[0.998925669144113, 1.0010743308558867, 1.0806865998739787, 1.0866271040966458, 1.7879708353708539, 2.0515282706502287]",0.3163647901715177,0.12866705003033344,5,0.6058866803289212,0.44977856598989713,0.34234365593635957,0.5018926651854655,0.3737085357674921,0.6058866803289212,0.02922242772429879,0.4445107833886544,0.13273816024348617,0.09314700889995625
wide,blind,ZnCl2,mp-22909,0,M,0.9513929486274719,6,"[0.9999999994185899, 1.0000000019458233, 1.0000000919493262, 1.000000186317332, 1.8610499918606742, 1.8610499976391592]",0.31538271691702974,0.12617668454524633,7,0.8679286771971156,0.08262843056281813,0.11146313353694,0.09295616735205678,0.3135508825268547,0.21963802411915453,0.8679286771971156,0.416407784123792,0.18513582243889762,0.12281717117148201
wide,blind,SnCl2,mp-29179,4,M,0.9600004553794861,6,"[0.9996283821628491, 1.0501052080347946, 1.0553846747715128, 1.1664243657257103, 1.170743083334133, 1.2793496156128152]",0.08442543241019818,0.17020136212944098,6,0.7029916242996154,0.7029916242996154,0.14268358102952997,0.08370833200281502,0.14310554242859025,0.405593108733667,0.14034350527803466,0.45337105136918066,0.5189692797757581,0.15999023551814553
radial_rich,known,AlCl3,mp-25470,2,X,0.9359530210494995,6,"[1.266964637557499, 1.2669646912092083, 1.2669646912092083, 1.333170007536183, 1.3331700585235424, 1.3331700585235426]",0.025462283867169012,0.21903229722071818,10,0.9628331899163683,0.13559947461122174,0.5064479015175506,0.04049320978573738,0.2410405124772449,0.009309583818920367,0.10094415178314234,0.6589577259094754,0.0506128626681991,0.9628331899163683
radial_rich,known,FeCl3,mp-23204,3,X,0.9540627002716064,6,"[1.3113286432693523, 1.4279545387825416, 1.427954553782025, 1.428419491962814, 1.4284195571841742, 1.4957430359221937]",0.038373869651538516,0.18561546217886696,5,0.6588085410103797,0.6094776730749485,0.2390744647977423,0.19939998416676813,0.38431010709727376,0.6588085410103797,0.29199518493187543,0.41678154734588047,0.2891144890431299,0.20259714903583434
radial_rich,known,GaF3,mp-588,3,X,0.9380856156349182,6,"[1.4120833031859283, 1.4120833066870535, 1.412083570200013, 1.4120835853085851, 1.416340488786145, 1.416340523570423]",0.0014197354891395037,0.17661665107375416,5,0.7840886948135758,0.2513221818084597,0.41669445594517157,0.3600188083751355,0.020554405381389796,0.7840886948135758,0.10551535874460403,0.07181500185810968,0.17934033559471899,0.29213791324360455
radial_rich,known,InBr3,mp-570219,2,X,0.9383576512336731,6,"[1.3743965773352869, 1.417440904796191, 1.4174409693290924, 1.4201545368816835, 1.4201545459867284, 1.4521555544329363]",0.01596705647145062,0.18917937395481393,6,0.7505095390493883,0.7505095390493883,0.2139870120319361,0.16513188181944674,0.4390614664219662,0.5226118111408069,0.0921303602982593,0.49435868341270617,0.25735712889640694,0.2939603149651223
radial_rich,known,TaCl5,mp-29831,14,X,0.9550588130950928,6,"[1.4568240384527802, 1.457031777166615, 1.4941712777673397, 1.5284050581916317, 1.6370817388891148, 1.6440123475124906]",0.050558146442230834,0.14624608647283213,5,0.5361472337354714,0.30228838163167504,0.35683570049976604,0.007186403613736348,0.07397170802453967,0.5361472337354714,0.23199287453645817,0.10421340169177942,0.07683857452335909,0.25117993035814906
radial_rich,known,ZrCl4,mp-569175,2,X,0.9626489281654358,6,"[1.5176288422171065, 1.5182404105335374, 1.5400155864699498, 1.5783501809479108, 1.6313100593032355, 1.6313100593032355]",0.030674893427533333,0.18633723093774993,6,0.8034117503918913,0.8034117503918913,0.17440191817960396,0.2974163793668625,0.5135952433678386,0.5601183698710929,0.04845779510674512,0.21997174375067752,0.08337334545404088,0.6360329424872422
radial_rich,known,GaCl3,mp-30952,4,X,1.0000001192092896,6,"[1.705906220686179, 1.7062504702702908, 1.7221634584980652, 1.7232283902965306, 1.751670601342099, 1.8130834692913758]",0.02144525710808335,0.14774863733543342,7,0.7896797138773838,0.3014507630789341,0.513781930615212,0.28244908401122076,0.15023473347194816,0.7736725028573833,0.7896797138773838,0.6387675160953866,0.16340504174733692,0.3458439367375441
radial_rich,blind,InI3,mp-567789,5,X,0.9781458973884583,6,"[1.5654070923774799, 1.6454291446234746, 1.6569518380502477, 1.675635832333438, 1.6790106763445798, 1.688324767922625]",0.024928932059050436,0.1712894900953574,6,0.9544334820819784,0.9544334820819784,0.07330467713115792,0.005075002909692535,0.13022662764369886,0.024527962760290577,0.028608945000508996,0.3118903569469693,0.024670443990036598,0.27003425030498335
radial_rich,blind,AlBr3,mp-23288,4,X,0.9949756264686584,6,"[1.6942901793582306, 1.7151596808551872, 1.739052492813741, 1.7911965377618149, 1.810445529435027, 1.8278998216400864]",0.028210230254350443,0.1675420084347878,2,0.4554229742907943,0.41090883805920353,0.4554229742907943,0.3657934307609262,0.33337677029884794,0.16554976266674454,0.1382577536677644,0.3942125265438037,0.19581360520898008,0.24460979691888504
radial_rich,blind,ZnCl2,mp-22909,4,X,0.9603819847106934,6,"[1.6092275310833475, 1.6092276191097727, 1.6092276356427955, 1.609227661681357, 1.6732370748467567, 1.6732370834046595]",0.018505468270525707,0.17699225723866122,8,0.8989827197343573,0.5661799718277145,0.2520832356667527,4.051024478422659e-07,0.3302617144254836,6.648577809780614e-07,8.934470278083932e-07,0.8989827197343573,1.1821066302271111e-06,0.20664088094017893
radial_rich,blind,SnCl2,mp-29179,16,X,0.9312807321548462,6,"[1.3417326668947447, 1.3440049948579087, 1.3483905355824837, 1.348390535582484, 1.4016670454087443, 1.4056390463214632]",0.020130086812446667,0.2392969135665146,10,0.6853326874822014,0.5700067570983205,0.16225989008771619,0.18278465785791714,0.35143347198559227,0.2674933018261912,0.29510770055349744,0.4496570947551128,0.339461940700038,0.6853326874822014
angular_rich,known,AlCl3,mp-25470,2,X,0.9096679091453552,6,"[1.266964637557499, 1.2669646912092083, 1.2669646912092083, 1.333170007536183, 1.3331700585235424, 1.3331700585235426]",0.025462283867169012,0.21903229722071818,10,0.9628331899163683,0.13559947461122174,0.5064479015175506,0.04049320978573738,0.2410405124772449,0.009309583818920367,0.10094415178314234,0.6589577259094754,0.0506128626681991,0.9628331899163683
angular_rich,known,FeCl3,mp-23204,2,X,0.9391902685165405,6,"[1.3113286049383277, 1.4279545537820248, 1.4279546039768805, 1.4284195069861843, 1.4284195571841742, 1.4957430359221935]",0.03837387982776586,0.18558360346127767,5,0.6591517485421634,0.610305341747848,0.23920930730931353,0.19906008978396633,0.38421701863977237,0.6591517485421634,0.2910901523753872,0.4163646299466713,0.289634021981063,0.20316346363504342
angular_rich,known,GaF3,mp-588,2,X,0.9213003516197205,6,"[1.4120833031859283, 1.4120835702000134, 1.412083654239902, 1.4120836658473486, 1.4163405076922762, 1.4163405235704223]",0.0014197028749827548,0.2224143189050394,6,0.4402918315479518,0.4402918315479518,0.07628229413099509,0.2653584122287285,0.23955919047813096,0.35816956521285725,0.15593387350111754,0.263799834565166,0.13401138549697456,0.007250470737856922
angular_rich,known,InBr3,mp-570219,2,X,0.9240201711654663,6,"[1.3743965773352869, 1.417440904796191, 1.4174409693290924, 1.4201545368816835, 1.4201545459867284, 1.4521555544329363]",0.01596705647145062,0.18917937395481393,6,0.7505095390493883,0.7505095390493883,0.2139870120319361,0.16513188181944674,0.4390614664219662,0.5226118111408069,0.0921303602982593,0.49435868341270617,0.25735712889640694,0.2939603149651223
angular_rich,known,TaCl5,mp-29831,10,X,0.9412762522697449,6,"[1.457379806168405, 1.458036679439332, 1.49384315995361, 1.5297723084462833, 1.6330489927041243, 1.644012421241659]",0.04983756474321307,0.1583591588962993,5,0.8140398180754684,0.5589256842897625,0.07944392874917659,0.10158403314869355,0.2192511757756334,0.8140398180754684,0.3033567031962065,0.10310687408509282,0.1290744433185003,0.4219355367687178
angular_rich,known,ZrCl4,mp-569175,2,X,0.9573425650596619,6,"[1.5176288422171065, 1.5182404105335374, 1.5400155864699498, 1.5783501809479108, 1.6313100593032355, 1.6313100593032355]",0.030674893427533333,0.18633723093774993,6,0.8034117503918913,0.8034117503918913,0.17440191817960396,0.2974163793668625,0.5135952433678386,0.5601183698710929,0.04845779510674512,0.21997174375067752,0.08337334545404088,0.6360329424872422
angular_rich,known,GaCl3,mp-30952,6,X,1.0000001192092896,6,"[1.7194746256370799, 1.719630854056643, 1.751670601342099, 1.7698046926209585, 1.7709655844769991, 1.8130834692913755]",0.018490943128540098,0.14435697920819313,8,0.7656263520876815,0.3999453611127494,0.5094678576868245,0.32788384776123136,0.07529163299453843,0.7216719074022176,0.7125796502188714,0.7656263520876815,0.07839973241726574,0.31296960332211493
angular_rich,blind,InI3,mp-567789,6,X,0.9667403697967529,6,"[1.5871384991434663, 1.593534012055091, 1.6230544268245453, 1.6384761941303256, 1.6569518380502475, 1.6759118937248438]",0.019598941558768124,0.1993116443090341,6,0.6396340127813381,0.6396340127813381,0.19289627035076318,0.21655803366332063,0.4969684942821674,0.4824080275464409,0.20398093732886796,0.5599264278454852,0.17989699410347482,0.2976755155899961
angular_rich,blind,AlBr3,mp-23288,8,X,0.9965660572052002,6,"[1.702119864583088, 1.7071365176404814, 1.7390524928137416, 1.7911965377618146, 1.8104455294350268, 1.8221411329355162]",0.02735419795498678,0.2258445050437832,5,0.6455607725383724,0.1313183394133993,0.07115978448075592,0.14875712454590279,0.21541466940254017,0.6455607725383724,0.30994708912061475,0.20964827348855253,0.21198333775789127,0.3053542021073328
angular_rich,blind,ZnCl2,mp-22909,2,X,0.9605028033256531,6,"[1.609227507203553, 1.6092276356427957, 1.6092276452260406, 1.609227661681357, 1.6732370748467564, 1.6732371013291518]",0.018505470661788363,0.22190449779824042,4,0.600289984716045,0.33928715551620026,0.15830747344640486,0.04279703363370458,0.600289984716045,0.26528116321969203,0.28788109149947966,0.27144799002042685,0.08674313284639093,0.22800672360079485
angular_rich,blind,SnCl2,mp-29179,16,X,0.9275846481323242,6,"[1.3417326668947447, 1.3440049948579087, 1.3483905355824837, 1.348390535582484, 1.4016670454087443, 1.4056390463214632]",0.020130086812446667,0.2392969135665146,10,0.6853326874822014,0.5700067570983205,0.16225989008771619,0.18278465785791714,0.35143347198559227,0.2674933018261912,0.29510770055349744,0.4496570947551128,0.339461940700038,0.6853326874822014
