formula,local_median_pct,local_min_pct,local_max_pct,local_mean_pct,local_top20_count,local_top10_count,n_configs,reserved_formula,median_mean_percentile,min_mean_percentile,median_nearest_percentile,min_nearest_percentile,settings,topology_max_frac_exact6,topology_any_fallback
TiF4,97.79582366589327,90.02320185614849,97.91183294663574,96.24903325599382,6,6,6,False,87.41209563994374,82.84106891701828,83.26300984528832,80.73136427566807,6.0,0.5,False
CrF4,96.17169373549885,96.05568445475639,97.21577726218096,96.36504253673627,6,6,6,False,88.11533052039381,84.66947960618847,89.31082981715893,82.84106891701828,6.0,0.75,False
HfI4,95.70765661252901,91.64733178654292,99.76798143851508,95.3982985305491,6,6,6,False,97.18706047819973,93.9521800281294,95.9212376933896,95.35864978902954,6.0,1.0,True
ZrI4,95.59164733178655,91.87935034802784,99.53596287703016,95.28228924980665,6,6,6,False,97.39803094233474,94.51476793248943,94.9367088607595,94.51476793248943,6.0,1.0,True
VF4,92.5754060324826,91.415313225058,97.6798143851508,93.50348027842227,6,6,6,False,91.9831223628692,88.60759493670885,91.49085794655414,89.59212376933895,6.0,1.0,False
HfCl4,91.9953596287703,90.95127610208816,100.0,93.38747099767981,6,6,6,False,92.26441631504925,90.29535864978902,99.29676511954992,99.15611814345992,6.0,1.0,True
VCl4,99.07192575406032,81.20649651972158,99.53596287703016,96.13302397525136,6,5,6,False,31.92686357243319,26.58227848101265,64.20534458509142,27.285513361462726,6.0,1.0,True
TiCl4,98.83990719257541,82.36658932714617,99.07192575406032,96.01701469450889,6,5,6,False,44.23347398030943,30.09845288326301,63.50210970464136,27.004219409282697,6.0,1.0,True
TiBr4,98.37587006960557,83.52668213457076,98.60788863109049,95.86233565351894,6,5,6,False,53.72714486638537,38.25597749648382,61.74402250351618,28.691983122362867,6.0,1.0,True
AuCl3,96.51972157772622,81.67053364269141,98.37587006960557,94.50889404485692,6,5,6,False,87.34177215189874,84.38818565400844,63.36146272855134,42.47538677918425,6.0,0.1666666666666666,True
SnCl4,96.40371229698376,86.07888631090486,97.91183294663574,95.05027068832173,6,5,6,False,67.22925457102673,62.30661040787623,61.32208157524613,39.80309423347398,6.0,1.0,True
CrCl3,96.2877030162413,82.830626450116,96.98375870069606,93.73549883990718,6,5,6,False,99.15611814345992,98.73417721518987,78.12939521800281,73.27707454289732,6.0,1.0,True
SnBr4,95.35962877030161,84.68677494199535,97.4477958236659,94.0061871616396,6,5,6,False,70.8860759493671,63.57243319268636,62.65822784810126,47.81997187060478,6.0,1.0,True
ReCl4,94.19953596287704,80.51044083526682,96.2877030162413,92.38205723124516,6,5,6,False,88.46694796061885,84.10689170182842,80.16877637130801,78.62165963431787,6.0,1.0,True
SnI4,92.92343387470999,88.16705336426914,96.75174013921114,92.92343387470997,6,5,6,False,73.69901547116737,68.77637130801688,65.54149085794656,62.869198312236286,6.0,1.0,True
MnF4,92.11136890951276,88.8631090487239,97.91183294663574,92.26604795050271,6,5,6,False,94.79606188466948,89.87341772151899,92.9676511954993,91.56118143459916,6.0,0.6875,False
TcCl4,90.71925754060325,88.16705336426914,98.83990719257541,91.7246713070379,6,5,6,False,95.0773558368495,90.85794655414908,96.55414908579463,95.63994374120956,6.0,1.0,True
ZrCl4,90.48723897911833,87.93503480278422,100.0,91.7246713070379,6,4,6,True,,,,,,1.0,True
VF5,91.29930394431554,87.93503480278422,94.89559164733178,91.37664346481051,6,3,6,False,78.69198312236287,77.77777777777779,90.50632911392404,89.0295358649789,6.0,0.4,False
TiI4,90.37122969837587,87.93503480278422,99.30394431554525,91.53132250580046,6,3,6,False,94.86638537271448,91.27988748241911,97.39803094233474,94.9367088607595,6.0,1.0,True
MoCl4,90.25522041763341,86.07888631090486,98.14385150812065,90.64191802010828,6,3,6,False,93.17862165963432,90.154711673699,95.28832630098454,93.9521800281294,6.0,1.0,True
CrF5,89.79118329466357,86.3109048723898,94.43155452436194,89.79118329466358,6,3,6,False,78.41068917018283,76.79324894514767,90.78762306610408,88.0450070323488,6.0,0.6,False
ReCl5,88.2830626450116,87.47099767981439,92.34338747099768,89.05645784996132,6,2,6,False,79.46554149085794,75.80872011251758,92.33473980309424,91.70182841068916,6.0,0.8,True
VCl5,86.77494199535963,83.06264501160094,90.25522041763341,86.34957463263727,6,1,6,False,81.0126582278481,77.77777777777779,98.52320675105486,98.31223628691984,6.0,1.0,True
TcBr4,85.96287703016242,82.5986078886311,99.07192575406032,87.54833720030935,6,1,6,False,97.8902953586498,93.53023909985936,94.0225035161744,92.40506329113924,6.0,1.0,True
NbCl5,81.20649651972158,80.04640371229699,93.96751740139212,83.7200309358082,6,1,6,False,82.9817158931083,79.60618846694796,99.29676511954992,98.59353023909986,6.0,1.0,True
GaCl3,100.0,66.5893271461717,100.0,94.43155452436196,5,5,6,True,,,,,,0.0,False
AlBr3,100.0,64.96519721577727,100.0,94.16086620262955,5,5,6,True,,,,,,1.0,True
AlI3,100.0,55.91647331786543,100.0,92.61407579273009,5,5,6,False,38.18565400843882,28.270042194092827,74.40225035161744,65.26019690576652,6.0,1.0,True
GaBr3,99.76798143851508,57.076566125290014,99.76798143851508,92.57540603248259,5,5,6,False,42.82700421940928,29.957805907173,73.76933895921238,64.69760900140648,6.0,1.0,True
GaI3,99.18793503480279,57.540603248259856,99.53596287703016,92.3047177107502,5,5,6,False,56.61040787623067,46.27285513361463,67.86216596343179,63.29113924050633,6.0,1.0,True
Ga3Cl7,98.95591647331787,51.972157772621806,100.0,91.29930394431555,5,5,6,False,48.171589310829816,30.52039381153305,37.41209563994374,26.863572433192683,6.0,0.0,False
PtCl4,98.14385150812065,78.19025522041764,99.30394431554525,95.08894044856923,5,5,6,False,25.24613220815753,22.644163150492265,62.58790436005626,27.70745428973277,6.0,1.0,True
BeCl2,97.4477958236659,39.21113689095127,99.07192575406032,87.78035576179428,5,5,6,False,19.831223628691983,18.565400843881857,24.19127988748242,19.971870604782,6.0,1.0,True
BeI2,96.40371229698376,39.675174013921115,97.91183294663574,86.92962103634959,5,5,6,False,22.573839662447256,19.40928270042194,23.347398030942333,20.253164556962027,6.0,1.0,True
BeBr2,96.05568445475637,18.561484918793504,97.4477958236659,82.5599381283836,5,5,6,False,19.057665260196902,18.70604781997187,21.448663853727147,20.253164556962027,6.0,1.0,True
InI3,95.70765661252901,61.94895591647332,97.6798143851508,90.52590873936582,5,5,6,True,,,,,,1.0,True
AuBr3,95.01160092807424,71.46171693735499,97.4477958236659,91.68600154679041,5,5,6,False,91.77215189873418,90.9985935302391,64.9789029535865,53.86779184247538,6.0,0.3333333333333333,True
GaBr2,95.01160092807424,44.08352668213457,97.6798143851508,87.0843000773395,5,5,6,False,22.36286919831224,20.11251758087201,19.549929676511955,19.12798874824191,6.0,0.0,False
GaCl2,94.89559164733177,43.38747099767982,96.75174013921114,86.65893271461717,5,5,6,False,19.76090014064697,19.40928270042194,19.69057665260197,18.9873417721519,6.0,0.0,False
ReI3,93.85150812064965,53.596287703016245,96.2877030162413,87.50966744006188,5,5,6,False,88.88888888888889,81.29395218002813,66.03375527426161,36.0056258790436,6.0,0.0,False
GaI2,93.38747099767981,42.69141531322506,98.37587006960557,85.34416086620263,5,4,6,False,30.098452883263008,21.37834036568214,19.901547116736992,18.70604781997187,6.0,0.0,False
ZnI2,91.9953596287703,38.97911832946635,95.1276102088167,83.60402165506574,5,4,6,False,27.988748241912795,26.72292545710267,20.11251758087201,18.84669479606189,6.0,0.75,True
ZnBr2,90.83526682134571,38.74709976798144,93.96751740139212,82.67594740912607,5,4,6,False,57.10267229254572,41.35021097046413,30.52039381153305,19.40928270042194,6.0,1.0,True
HgI2,91.1832946635731,40.37122969837587,94.43155452436194,83.17865429234338,5,3,6,False,48.80450070323488,41.20956399437412,23.488045007032348,23.066104078762308,6.0,1.0,True
PdCl2,91.06728538283062,42.22737819025522,95.1276102088167,83.52668213457076,5,3,6,False,61.18143459915612,60.19690576652602,26.863572433192683,24.613220815752463,6.0,0.3333333333333333,False
AuCl2,90.71925754060325,40.835266821345705,94.89559164733178,83.4106728538283,5,3,6,False,43.81153305203938,34.88045007032349,21.09704641350211,20.53445850914205,6.0,0.5,False
CuBr2,90.25522041763341,37.58700696055685,93.27146171693735,81.59319412219644,5,3,6,False,60.337552742616026,58.368495077355846,26.160337552742615,25.17580872011252,6.0,1.0,True
HgBr2,89.79118329466357,39.90719257540603,93.27146171693735,81.47718484145399,5,3,6,False,33.895921237693386,25.457102672292542,19.831223628691983,19.26863572433193,6.0,1.0,True
HgCl2,89.32714617169373,29.930394431554525,92.80742459396751,79.4276875483372,5,3,6,False,23.62869198312236,19.69057665260197,18.77637130801688,18.424753867791843,6.0,1.0,True
ZnCl2,89.0951276102088,40.60324825986079,93.96751740139212,81.7092034029389,5,3,6,True,,,,,,1.0,True
ReCl3,87.47099767981439,54.75638051044084,93.7354988399072,83.52668213457076,5,3,6,False,88.81856540084388,86.21659634317862,70.18284106891701,64.13502109704642,6.0,0.0,False
Au3F8,88.2830626450116,55.22041763341067,93.27146171693735,83.75870069605568,5,2,6,False,87.27144866385373,84.81012658227847,66.31504922644163,65.82278481012658,6.0,0.375,False
Pt3I8,87.47099767981439,62.18097447795824,90.95127610208816,84.06805877803556,5,2,6,False,91.70182841068916,86.21659634317862,72.9957805907173,69.19831223628692,6.0,0.375,True
InBr2,87.35498839907193,43.851508120649655,92.34338747099768,81.1678267594741,5,2,6,False,28.69198312236287,23.347398030942333,20.464135021097043,19.971870604782,6.0,0.0,False
TcCl3,87.12296983758701,77.9582366589327,93.96751740139212,87.27764887857695,5,2,6,False,96.69479606188466,91.9831223628692,94.0225035161744,93.67088607594935,6.0,1.0,True
W15I47,85.61484918793505,51.74013921113689,91.415313225058,81.12915699922661,5,2,6,False,80.66104078762307,74.54289732770746,62.23628691983122,28.270042194092827,6.0,0.0212765957446808,True
W2Br5,85.1508120649652,47.33178654292343,92.34338747099768,80.62645011600928,5,2,6,False,76.44163150492264,74.26160337552743,63.29113924050633,29.957805907173,6.0,0.0,False
InI2,84.57076566125289,44.31554524361949,90.71925754060325,79.11832946635731,5,2,6,False,31.71589310829817,29.11392405063291,21.518987341772156,21.37834036568214,6.0,0.0,False
W3Br7,88.8631090487239,30.39443155452436,90.95127610208816,78.65429234338747,5,1,6,False,43.95218002812939,25.73839662447257,22.644163150492265,20.53445850914205,6.0,0.0,False
TlBr3,87.81902552204176,51.04408352668214,91.1832946635731,82.48259860788863,5,1,6,False,19.40928270042194,17.440225035161745,22.151898734177216,20.81575246132208,6.0,0.0,False
CsI3,85.26682134570765,47.09976798143852,93.50348027842227,80.00773395204949,5,1,6,False,75.10548523206751,64.83825597749649,49.50773558368495,24.89451476793249,6.0,0.0,False
WBr5,84.80278422273781,79.81438515081206,96.05568445475639,85.80819798917247,5,1,6,False,85.51336146272855,81.71589310829818,93.81153305203938,93.53023909985936,6.0,1.0,True
MnF3,84.80278422273781,74.70997679814386,90.25522041763341,83.75870069605568,5,1,6,False,86.56821378340365,83.96624472573839,67.15893108298172,65.68213783403657,6.0,1.0,False
TaI4,83.9907192575406,77.49419953596288,92.5754060324826,84.8414539829853,5,1,6,False,97.18706047819973,94.37412095639944,78.76230661040788,74.82419127988749,6.0,0.25,True
OsBr4,81.67053364269142,79.58236658932715,98.60788863109049,84.18406805877804,5,1,6,False,99.08579465541492,96.20253164556962,89.66244725738397,88.32630098452883,6.0,1.0,True
WI4,88.39907192575406,77.03016241299304,89.79118329466357,86.81361175560711,5,0,6,False,91.9127988748242,84.9507735583685,73.90998593530239,67.9324894514768,6.0,0.0208333333333333,True
W3I8,87.47099767981439,51.508120649651964,89.55916473317865,81.94122196442382,5,0,6,False,86.21659634317862,81.15330520393812,67.58087201125176,43.319268635724335,6.0,0.03125,True
WI3,86.07888631090486,65.4292343387471,87.47099767981439,82.48259860788863,5,0,6,False,93.31926863572434,88.0450070323488,68.14345991561181,52.18002812939522,6.0,0.1111111111111111,True
AlF3,81.67053364269141,77.7262180974478,83.9907192575406,81.32250580046404,5,0,6,False,90.36568213783404,87.62306610407876,87.48241912798875,73.83966244725738,6.0,1.0,True
BeF2,89.55916473317865,30.162412993039446,98.83990719257541,79.58236658932715,4,3,6,False,18.21378340365682,17.580872011251756,18.424753867791843,17.862165963431785,6.0,1.0,True
CaCl2,85.1508120649652,43.1554524361949,91.1832946635731,78.80897138437741,4,2,6,False,33.26300984528832,29.957805907173,46.55414908579466,24.050632911392405,6.0,1.0,True
KF3,82.36658932714616,45.707656612529,94.66357308584686,79.1569992266048,4,2,6,False,70.60478199718706,30.801687763713083,24.542897327707458,21.237693389592124,6.0,0.3333333333333333,False
W5I16,86.07888631090488,52.43619489559165,90.02320185614849,80.20108275328693,4,1,6,False,81.50492264416314,75.24613220815752,62.51758087201125,28.973277074542896,6.0,0.015625,True
MoF6,84.57076566125289,75.1740139211137,93.96751740139212,83.25599381283835,4,1,6,False,75.31645569620252,67.51054852320675,86.42756680731364,81.71589310829818,6.0,1.0,True
RbI3,84.10672853828305,50.81206496519721,90.02320185614849,78.11291569992265,4,1,6,False,76.51195499296765,72.0112517580872,64.69760900140648,33.33333333333333,6.0,0.0,False
OsCl4,81.4385150812065,75.87006960556845,98.37587006960557,82.94663573085847,4,1,6,False,98.66385372714488,94.09282700421942,88.88888888888889,86.91983122362869,6.0,0.5,True
CsBr3,80.97447795823666,44.5475638051044,95.35962877030161,78.15158546017015,4,1,6,False,52.109704641350206,22.925457102672294,20.88607594936709,17.440225035161745,6.0,0.0,False
TaCl4,80.8584686774942,73.78190255220419,92.11136890951276,81.05181747873164,4,1,6,False,97.39803094233474,95.0773558368495,87.41209563994374,84.24753867791843,6.0,1.0,True
WCl5,80.16241299303945,77.7262180974478,93.27146171693735,82.67594740912607,4,1,6,False,82.55977496483825,79.32489451476793,99.71870604781998,99.43741209563994,6.0,1.0,True
Ag2F5,83.29466357308584,53.1322505800464,84.68677494199535,77.9582366589327,4,0,6,False,80.52039381153305,73.69901547116737,71.37834036568213,67.79184247538677,6.0,0.5,False
Ag3F8,82.36658932714617,55.4524361948956,84.45475638051045,77.1461716937355,4,0,6,False,86.42756680731364,84.9507735583685,75.17580872011251,72.43319268635724,6.0,0.75,True
TlBr2,82.25058004640371,43.619489559164734,87.70301624129931,76.8754833720031,4,0,6,False,32.9817158931083,30.66104078762307,22.151898734177216,22.081575246132207,6.0,0.0,False
SnI3,81.67053364269142,67.51740139211137,82.830626450116,78.15158546017015,4,0,6,False,88.32630098452884,85.37271448663853,83.89592123769339,81.0126582278481,6.0,0.0,False
Zr2Cl5,81.67053364269142,52.204176334106734,87.23897911832947,75.56071152358855,4,0,6,False,79.88748241912799,77.21518987341773,66.52601969057665,63.71308016877637,6.0,0.0,False
PtCl3,81.20649651972158,77.49419953596288,82.5986078886311,80.74245939675174,4,0,6,False,99.929676511955,99.85935302391,85.72433192686358,84.24753867791843,6.0,0.8333333333333334,True
TlI3,80.74245939675174,52.90023201856149,85.1508120649652,74.63263727764888,4,0,6,False,76.44163150492264,73.55836849507736,71.58931082981715,47.39803094233474,6.0,0.0,False
NbCl4,80.16241299303944,73.31786542923435,93.50348027842227,80.70378963650425,3,1,6,False,97.1167369901547,94.51476793248943,86.9901547116737,84.38818565400844,6.0,1.0,True
TaCl5,79.93039443155453,77.49419953596288,91.87935034802784,82.2892498066512,3,1,6,True,,,,,,1.0,True
SnF3,79.11832946635731,66.8213457076566,93.7354988399072,79.4276875483372,3,1,6,False,60.47819971870605,36.9901547116737,25.87904360056259,21.659634317862167,6.0,0.0,False
PbCl4,82.36658932714616,77.9582366589327,89.55916473317865,82.94663573085846,3,0,6,False,80.23909985935302,79.74683544303798,72.78481012658227,64.27566807313643,6.0,1.0,True
PdBr2,81.78654292343387,37.35498839907193,88.63109048723898,75.94740912606342,3,0,6,False,57.45428973277075,45.9915611814346,23.347398030942333,23.066104078762308,6.0,1.0,True
PtI2,80.97447795823666,33.17865429234338,86.77494199535964,72.73781902552204,3,0,6,False,52.18002812939522,28.551336146272853,24.331926863572438,21.9409282700422,6.0,1.0,True
PtCl2,80.51044083526682,42.92343387470998,89.79118329466357,76.5661252900232,3,0,6,False,60.970464135021096,46.132208157524616,25.73839662447257,23.90998593530239,6.0,0.0,False
W3Br8,80.04640371229698,47.56380510440835,83.29466357308584,75.13534416086621,3,0,6,False,74.12095639943742,63.85372714486639,36.56821378340366,24.613220815752463,6.0,0.0625,False
TlCl2,79.81438515081206,41.29930394431555,86.77494199535964,74.20726991492653,3,0,6,False,28.9732770745429,20.81575246132208,21.870604781997187,20.39381153305204,6.0,0.0,False
PdI2,79.69837587006961,40.13921113689095,85.84686774941996,72.31245166279969,3,0,6,False,52.60196905766526,28.129395218002813,25.457102672292542,22.36286919831224,6.0,1.0,True
Ta2Cl5,79.58236658932715,48.72389791183295,84.22273781902551,73.08584686774942,3,0,6,False,75.52742616033755,74.1209563994374,59.985935302391,39.24050632911392,6.0,0.0,False
CuCl2,78.77030162412993,33.64269141531322,84.22273781902551,70.88167053364269,3,0,6,False,59.56399437412096,46.69479606188467,24.89451476793249,24.75386779184248,6.0,1.0,True
CsI4,77.03016241299304,47.79582366589327,91.87935034802784,76.41144624903326,2,2,6,False,78.69198312236287,63.15049226441632,51.265822784810126,24.47257383966245,6.0,0.0,False
MoCl5,78.88631090487239,77.26218097447796,96.98375870069606,82.48259860788863,2,1,6,False,84.73980309423348,81.15330520393812,96.20253164556962,95.49929676511954,6.0,1.0,True
WCl4,78.88631090487239,70.99767981438515,90.48723897911833,78.42227378190255,2,1,6,False,96.76511954992966,94.79606188466948,80.9423347398031,78.48101265822784,6.0,1.0,True
MoF5,78.30626450116009,74.24593967517401,90.71925754060325,79.77571539056459,2,1,6,False,84.45850914205344,82.41912798874824,93.45991561181437,92.54571026722924,6.0,0.4,False
TaBr5,75.40603248259862,71.46171693735499,95.1276102088167,78.5769528228925,2,1,6,False,84.52883263009846,81.57524613220815,97.46835443037976,96.76511954992968,6.0,1.0,True
CrI2,77.84222737819026,32.71461716937355,83.52668213457076,70.14694508894046,2,0,6,False,60.47819971870605,54.289732770745424,26.722925457102672,24.89451476793249,6.0,1.0,True
UF5,77.61020881670534,68.21345707656613,88.8631090487239,78.73163186388244,2,0,6,False,86.70886075949366,83.82559774964838,76.44163150492264,75.24613220815752,6.0,0.6,True
TlCl3,77.61020881670532,20.185614849187935,81.90255220417633,66.20262954369683,2,0,6,False,16.10407876230661,15.330520393811534,18.07313642756681,17.018284106891702,6.0,0.0,False
NbF4,77.1461716937355,74.70997679814386,88.63109048723898,79.62103634957462,2,0,6,False,95.14767932489453,90.9985935302391,88.0450070323488,84.81012658227847,6.0,1.0,True
NbBr5,76.21809744779583,72.62180974477958,96.75174013921114,79.04098994586234,1,1,6,False,85.9353023909986,82.27848101265823,93.38959212376932,92.9676511954993,6.0,1.0,True
NbBr4,76.21809744779583,64.96519721577727,93.03944315545245,75.90873936581593,1,1,6,False,96.9057665260197,94.23347398030944,82.55977496483825,78.19971870604782,6.0,1.0,True
RuF4,73.31786542923435,71.22969837587007,95.59164733178655,77.1461716937355,1,1,6,False,95.8509142053446,94.65541490857946,82.91139240506328,77.49648382559775,6.0,1.0,True
WBr4,72.2737819025522,61.7169373549884,91.87935034802784,72.2737819025522,1,1,6,False,95.56962025316456,93.24894514767934,75.31645569620252,71.0267229254571,6.0,1.0,True
RuF5,71.80974477958236,67.28538283062645,94.89559164733178,75.44470224284609,1,1,6,False,85.8649789029536,83.12236286919831,90.57665260196906,89.87341772151899,6.0,0.6,True
UCl5,71.11368909512761,68.90951276102089,95.35962877030161,75.48337200309358,1,1,6,False,85.65400843881856,81.85654008438819,88.67791842475387,86.63853727144867,6.0,1.0,True
PtI4,70.76566125290023,69.60556844547564,97.4477958236659,75.67672080433101,1,1,6,False,97.25738396624472,97.0464135021097,75.59774964838255,70.88607594936708,6.0,0.125,True
UI4,70.53364269141531,64.73317865429235,97.21577726218096,73.9752513534416,1,1,6,False,96.27285513361464,93.81153305203938,80.9423347398031,74.54289732770746,6.0,1.0,True
NbI5,69.95359628770302,62.87703016241299,95.82366589327145,72.50580046403712,1,1,6,False,85.79465541490859,80.73136427566807,88.46694796061884,85.37271448663853,6.0,1.0,True
TaI5,69.60556844547564,60.556844547563806,96.51972157772622,72.11910286156225,1,1,6,False,85.58368495077356,81.0126582278481,91.20956399437412,90.71729957805908,6.0,1.0,True
RhF5,69.48955916473318,63.10904872389791,94.43155452436194,72.42846094354215,1,1,6,False,85.65400843881855,82.70042194092827,87.55274261603375,85.23206751054853,6.0,0.8,False
PaCl5,67.40139211136892,59.62877030162414,92.34338747099768,69.83758700696056,1,1,6,False,87.27144866385373,81.85654008438819,79.60618846694797,76.93389592123769,6.0,0.0,False
OsF5,66.24129930394432,61.02088167053365,93.7354988399072,70.53364269141532,1,1,6,False,85.16174402250351,82.55977496483825,86.21659634317862,84.52883263009845,6.0,0.45,False
PdF4,63.45707656612528,60.32482598607889,94.66357308584686,69.1415313225058,1,1,6,False,94.44444444444444,92.54571026722924,75.0351617440225,69.62025316455697,6.0,1.0,True
IrF4,61.1368909512761,57.540603248259856,94.19953596287704,67.05336426914154,1,1,6,False,93.38959212376936,91.42053445850914,73.55836849507736,69.05766526019691,6.0,1.0,True
PaBr5,60.324825986078885,55.91647331786543,91.415313225058,65.77726218097447,1,1,6,False,84.73980309423348,78.05907172995781,82.70042194092827,78.90295358649789,6.0,1.0,True
UBr5,59.51276102088167,55.22041763341067,92.80742459396751,65.66125290023201,1,1,6,False,84.45850914205346,79.0436005625879,82.9817158931083,79.46554149085794,6.0,1.0,True
PtF4,56.84454756380511,53.36426914153132,91.1832946635731,63.225058004640374,1,1,6,False,91.9831223628692,90.154711673699,72.9957805907173,68.77637130801688,6.0,1.0,True
AuF5,52.204176334106734,46.403712296983755,91.64733178654292,59.97679814385151,1,1,6,False,83.26300984528832,78.76230661040788,78.83263009845288,73.55836849507736,6.0,0.5,False
UBr4,49.88399071925754,45.011600928074245,90.95127610208816,56.99922660479505,1,1,6,False,85.72433192686357,82.13783403656821,76.65260196905766,69.19831223628692,6.0,0.0,False
PdF3,79.23433874709977,76.33410672853829,81.20649651972158,78.92498066511988,1,0,6,False,95.7805907172996,92.68635724331928,88.1153305203938,87.34177215189874,6.0,1.0,True
PtBr3,78.65429234338748,75.87006960556845,80.97447795823666,78.61562258314,1,0,6,False,99.78902953586498,99.57805907172995,88.0450070323488,86.21659634317862,6.0,0.8333333333333334,True
PtI3,78.30626450116009,77.03016241299304,80.74245939675174,78.53828306264501,1,0,6,False,99.29676511954992,98.59353023909986,84.59915611814345,83.54430379746836,6.0,1.0,True
FeCl3,77.03016241299304,74.0139211136891,81.90255220417633,77.64887857695282,1,0,6,True,,,,,,1.0,True
Sn3F8,77.03016241299304,53.82830626450116,83.75870069605568,73.85924207269915,1,0,6,False,80.30942334739804,78.34036568213783,79.0436005625879,70.60478199718706,6.0,0.25,True
TaF5,72.15777262180976,67.74941995359629,89.32714617169374,74.47795823665894,1,0,6,False,85.51336146272857,83.54430379746836,87.27144866385373,84.24753867791843,6.0,0.6,False
NbF5,71.22969837587007,65.19721577726219,89.0951276102088,73.00850734725445,1,0,6,False,85.16174402250351,83.26300984528832,85.0914205344585,83.54430379746836,6.0,0.7,False
NbI4,70.41763341067286,57.076566125290014,89.55916473317865,69.37354988399072,1,0,6,False,94.44444444444444,91.9831223628692,74.26160337552743,69.33895921237693,6.0,1.0,True
ZrCl3,65.08120649651971,59.164733178654295,81.20649651972158,67.55607115235885,1,0,6,False,90.36568213783404,89.17018284106891,91.9127988748242,89.73277074542897,6.0,1.0,True
WCl6,57.77262180974478,51.27610208816705,84.91879350348029,63.03170920340295,1,0,6,False,75.31645569620252,67.65119549929676,85.65400843881858,81.29395218002813,6.0,1.0,True
SnF4,56.380510440835266,52.90023201856149,83.06264501160094,61.63959783449343,1,0,6,False,91.06891701828413,90.71729957805908,71.72995780590716,69.47960618846695,6.0,1.0,True
CdCl4,56.380510440835266,20.649651972157773,87.23897911832947,55.33642691415313,1,0,6,False,18.77637130801688,18.424753867791843,18.0028129395218,17.580872011251756,6.0,0.0,False
WF6,55.800464037122964,52.204176334106734,85.84686774941996,62.60634184068059,1,0,6,False,75.38677918424754,66.66666666666666,85.0914205344585,81.15330520393812,6.0,0.5,True
PbF4,55.220417633410676,51.27610208816705,81.4385150812065,60.092807424593964,1,0,6,False,90.22503516174402,89.59212376933895,71.80028129395218,68.35443037974683,6.0,1.0,True
ZrF4,53.59628770301624,39.90719257540603,82.5986078886311,56.264501160092806,1,0,6,False,77.77777777777777,74.40225035161744,71.30801687763713,70.042194092827,6.0,0.625,False
Tb4F15,51.50812064965197,41.9953596287703,81.90255220417633,55.18174787316318,1,0,6,False,79.39521800281294,75.10548523206751,76.16033755274262,74.54289732770746,6.0,0.4666666666666667,False
PtF5,50.812064965197216,44.31554524361949,89.79118329466357,57.927300850734724,1,0,6,False,82.63009845288326,77.63713080168776,74.89451476793249,69.90154711673699,6.0,0.9,True
OsF6,50.696055684454755,45.707656612529,87.23897911832947,58.31399845320959,1,0,6,False,75.52742616033755,65.9634317862166,83.40365682137833,80.45007032348805,6.0,0.6666666666666666,False
IrF6,48.95591647331786,44.779582366589324,86.77494199535964,57.037896365042535,1,0,6,False,75.52742616033755,66.1040787623066,83.12236286919831,80.028129395218,6.0,0.6666666666666666,False
UF4,48.37587006960557,40.37122969837587,80.74245939675174,53.17092034029389,1,0,6,False,76.09001406469761,73.69901547116737,69.69057665260198,68.21378340365682,6.0,0.3333333333333333,False
ThI4,46.75174013921114,37.58700696055685,88.39907192575406,52.12683681361176,1,0,6,False,77.84810126582278,73.9803094233474,70.74542897327707,69.90154711673699,6.0,0.0,False
HfF4,45.70765661252901,36.65893271461717,80.2784222737819,50.42536736272236,1,0,6,False,74.68354430379748,72.57383966244726,69.971870604782,67.65119549929676,6.0,0.6666666666666666,False
CeF4,44.66357308584686,37.12296983758701,80.04640371229699,49.80665119876257,1,0,6,False,73.48804500703235,71.72995780590718,69.26863572433193,67.08860759493672,6.0,0.3333333333333333,False
ReCl6,42.34338747099768,25.986078886310903,86.5429234338747,48.453209590100535,1,0,6,False,75.17580872011251,65.68213783403657,80.80168776371309,76.79324894514767,6.0,1.0,True
WBr6,41.9953596287703,24.593967517401392,86.3109048723898,47.79582366589327,1,0,6,False,75.10548523206751,65.54149085794656,79.957805907173,76.37130801687763,6.0,1.0,True
UCl6,41.29930394431554,24.361948955916475,87.00696055684455,47.409126063418405,1,0,6,False,74.9648382559775,65.40084388185655,80.09845288326301,76.09001406469761,6.0,1.0,True
UCl4,38.74709976798144,18.793503480278424,85.38283062645012,40.448569218870844,1,0,6,False,78.83263009845288,75.24613220815752,73.83966244725738,71.30801687763713,6.0,0.0,False
PaBr4,36.774941995359626,18.097447795823665,84.22273781902551,38.824439288476405,1,0,6,False,77.0042194092827,74.68354430379746,73.55836849507736,71.0267229254571,6.0,0.0,False
PaCl4,36.31090487238979,18.329466357308586,83.75870069605568,38.70843000773395,1,0,6,False,76.37130801687763,74.26160337552743,73.27707454289734,70.88607594936708,6.0,0.0,False
BiF5,35.84686774941996,18.097447795823665,83.29466357308584,40.98994586233565,1,0,6,False,79.957805907173,74.54289732770746,65.9634317862166,64.55696202531645,6.0,1.0,False
PtF6,35.614849187935036,19.721577726218097,85.61484918793504,42.11136890951276,1,0,6,False,74.54289732770745,63.85372714486639,72.29254571026723,68.77637130801688,6.0,1.0,False
ThBr4,35.382830626450115,17.633410672853827,83.9907192575406,37.97370456303171,1,0,6,False,75.31645569620252,73.13642756680731,73.41772151898735,70.46413502109705,6.0,0.0,False
ThCl4,35.150812064965194,17.40139211136891,84.45475638051045,37.93503480278422,1,0,6,False,75.17580872011251,72.85513361462729,73.06610407876231,70.32348804500702,6.0,0.0,False
UF6,31.90255220417633,16.473317865429234,82.13457076566125,38.2830626450116,1,0,6,False,71.51898734177215,62.58790436005626,64.27566807313643,53.30520393811533,6.0,0.6666666666666666,True
Ta2Br5,76.91415313225058,48.027842227378194,79.35034802784223,69.56689868522814,0,0,6,False,73.41772151898735,71.16736990154712,64.34599156118144,35.58368495077356,6.0,0.0,False
MoCl3,75.1740139211137,68.67749419953596,78.88631090487239,74.40061871616396,0,0,6,False,98.59353023909986,94.79606188466948,91.77215189873418,91.56118143459916,6.0,1.0,True
TiCl3,74.70997679814386,72.8538283062645,78.42227378190255,74.90332559938129,0,0,6,False,99.36708860759494,97.32770745428974,91.42053445850914,90.154711673699,6.0,1.0,True
TiI3,74.36194895591647,56.380510440835266,75.63805104408353,71.6937354988399,0,0,6,False,96.48382559774964,93.81153305203938,83.61462728551336,81.57524613220815,6.0,1.0,True
RuCl3,74.12993039443155,71.92575406032483,77.7262180974478,74.32327919566899,0,0,6,False,96.27285513361464,94.79606188466948,93.74120956399436,85.51336146272855,6.0,1.0,True
Cr2F5,74.12993039443155,52.66821345707656,78.88631090487239,71.9644238205723,0,0,6,False,80.16877637130801,72.9957805907173,78.90295358649789,71.58931082981715,6.0,0.4,True
BiBr3,73.66589327146173,66.5893271461717,79.35034802784223,73.47254447022429,0,0,6,False,94.72573839662448,91.27988748241911,89.80309423347398,86.77918424753868,6.0,0.3333333333333333,True
AlCl3,72.73781902552204,67.74941995359629,77.49419953596288,72.42846094354215,0,0,6,True,,,,,,1.0,True
CrCl2,71.46171693735499,39.443155452436194,78.65429234338747,65.27455529775715,0,0,6,False,52.74261603375528,28.41068917018284,26.51195499296765,23.488045007032348,6.0,1.0,True
TiBr3,70.99767981438515,70.53364269141531,75.63805104408353,71.84841453982985,0,0,6,False,99.50773558368496,98.87482419127988,92.19409282700424,90.9985935302391,6.0,1.0,True
RhF3,70.64965197215777,58.70069605568445,73.31786542923435,69.21887084300077,0,0,6,False,90.9985935302391,90.43600562587903,96.9760900140647,96.20253164556962,6.0,1.0,True
WCl3,70.64965197215777,54.988399071925755,74.0139211136891,67.24671307037896,0,0,6,False,82.55977496483825,79.74683544303798,75.31645569620252,65.9634317862166,6.0,0.3333333333333333,True
BaF3,69.02552204176334,51.972157772621806,79.35034802784223,66.89868522815159,0,0,6,False,77.14486638537272,74.40225035161744,82.20815752461321,70.042194092827,6.0,0.6666666666666666,False
ScF3,68.5614849187935,60.78886310904872,70.76566125290023,67.67208043310131,0,0,6,False,77.84810126582278,73.27707454289732,64.1350210970464,41.91279887482419,6.0,1.0,False
YCl3,67.98143851508121,61.02088167053365,73.31786542923435,67.51740139211137,0,0,6,False,92.75668073136428,91.84247538677918,98.94514767932488,98.31223628691984,6.0,1.0,True
TiF3,67.74941995359629,58.23665893271461,70.06960556844548,66.5506573859242,0,0,6,False,76.65260196905767,70.74542897327707,55.55555555555556,38.95921237693389,6.0,0.6666666666666666,True
MoF3,67.74941995359629,58.0046403712297,70.53364269141531,66.62799690641918,0,0,6,False,85.0914205344585,81.71589310829818,95.35864978902951,94.51476793248943,6.0,1.0,True
CrBr2,67.74941995359629,30.62645011600928,76.5661252900232,62.103634957463264,0,0,6,False,65.11954992967651,58.93108298171589,30.37974683544304,28.129395218002813,6.0,1.0,True
IrCl3,67.4013921113689,64.50116009280742,75.1740139211137,68.09744779582367,0,0,6,False,95.42897327707452,95.0773558368495,96.41350210970464,95.21800281293952,6.0,1.0,True
NbF3,67.28538283062645,57.772621809744784,69.37354988399072,66.04795050270688,0,0,6,False,76.44163150492264,70.46413502109705,54.9929676511955,38.81856540084388,6.0,0.0,False
TaF3,67.28538283062645,57.772621809744784,69.37354988399072,66.04795050270688,0,0,6,False,76.44163150492264,70.46413502109705,54.9929676511955,38.81856540084388,6.0,0.0,False
RhCl3,66.8213457076566,64.73317865429235,76.10208816705337,67.94276875483372,0,0,6,False,95.9915611814346,95.0773558368495,95.9212376933896,94.9367088607595,6.0,1.0,True
IrBr3,66.35730858468678,63.10904872389791,74.94199535962876,67.16937354988399,0,0,6,False,95.0070323488045,94.09282700421942,96.9760900140647,95.78059071729956,6.0,1.0,True
Nb3Br8,65.54524361948955,54.524361948955914,75.4060324825986,66.66666666666667,0,0,6,False,83.96624472573839,80.45007032348805,87.34177215189874,84.9507735583685,6.0,0.5,True
RhBr3,65.42923433874711,62.64501160092807,75.4060324825986,66.66666666666667,0,0,6,False,94.72573839662448,93.67088607594935,97.67932489451476,96.48382559774966,6.0,1.0,True
NiF3,65.08120649651973,63.341067285382834,76.5661252900232,66.78267594740912,0,0,6,False,92.40506329113924,91.56118143459916,94.58509142053444,94.09282700421942,6.0,1.0,True
RuBr3,64.84918793503479,56.8445475638051,67.51740139211137,63.9984532095901,0,0,6,False,92.68635724331926,92.12376933895922,87.13080168776372,84.10689170182842,6.0,1.0,True
Nb3I8,64.03712296983758,54.060324825986086,74.47795823665894,65.6999226604795,0,0,6,False,83.05203938115329,80.59071729957806,87.34177215189874,83.12236286919831,6.0,0.5,True
Ta3I7,63.92111368909514,44.779582366589324,69.37354988399072,60.78886310904873,0,0,6,False,67.36990154711674,37.9746835443038,49.15611814345992,26.300984528832632,6.0,0.5714285714285714,True
BiCl3,63.92111368909513,53.82830626450116,70.30162412993039,63.57308584686775,0,0,6,False,87.69338959212376,81.29395218002813,86.49789029535864,81.85654008438819,6.0,0.0,False
VF3,63.80510440835267,60.32482598607889,72.8538283062645,64.8491879350348,0,0,6,False,91.56118143459916,89.17018284106891,98.45288326300984,97.60900140646976,6.0,1.0,True
CrBr3,63.341067285382834,61.25290023201856,74.47795823665894,64.77184841453983,0,0,6,False,95.42897327707452,93.9521800281294,96.41350210970464,95.9212376933896,6.0,1.0,True
Nb3Cl8,62.99303944315545,54.292343387471,72.15777262180974,64.34648105181748,0,0,6,False,84.0365682137834,80.59071729957806,88.25597749648384,85.79465541490859,6.0,0.5,True
Ta3Br7,62.99303944315545,45.011600928074245,68.21345707656613,60.208816705336424,0,0,6,False,69.54992967651197,55.69620253164557,54.71167369901548,32.91139240506329,6.0,0.5714285714285714,True
Ti7Cl16,62.87703016241299,48.49187935034803,73.54988399071925,63.34106728538283,0,0,6,False,73.62869198312237,63.43178621659634,69.33895921237693,63.15049226441632,6.0,1.0,True
VCl3,62.41299303944315,59.86078886310905,74.24593967517401,63.88244392884764,0,0,6,False,95.0773558368495,93.53023909985936,96.48382559774966,96.0618846694796,6.0,1.0,True
NbI3,61.83294663573086,57.772621809744784,64.73317865429235,61.87161639597835,0,0,6,False,92.26441631504925,91.56118143459916,90.154711673699,88.74824191279887,6.0,1.0,True
MoCl2,61.7169373549884,19.953596287703014,73.08584686774941,58.31399845320959,0,0,6,False,43.45991561181435,27.285513361462726,23.909985935302394,21.80028129395218,6.0,0.0,False
FeBr3,61.1368909512761,59.39675174013921,74.0139211136891,62.91569992266048,0,0,6,False,94.0225035161744,92.9676511954993,97.81997187060476,97.0464135021097,6.0,1.0,True
CoF3,61.1368909512761,57.772621809744784,73.54988399071925,62.99303944315545,0,0,6,False,90.9282700421941,89.45147679324894,98.87482419127988,98.45288326300984,6.0,1.0,True
GdBr3,61.02088167053364,54.524361948955914,71.6937354988399,61.48491879350348,0,0,6,False,91.27988748241911,90.014064697609,99.50773558368496,99.43741209563994,6.0,1.0,True
Ti7Br16,60.556844547563806,48.25986078886311,71.6937354988399,61.63959783449343,0,0,6,False,72.71448663853727,63.15049226441632,70.74542897327709,63.29113924050633,6.0,1.0,True
ScCl3,60.20881670533643,58.70069605568445,73.08584686774941,62.21964423820572,0,0,6,False,93.74120956399436,92.68635724331928,97.53867791842475,96.90576652601968,6.0,1.0,True
FeF3,59.97679814385151,57.30858468677494,71.92575406032483,62.2969837587007,0,0,6,False,88.95921237693389,88.46694796061885,100.0,100.0,6.0,1.0,True
SnF2,59.62877030162413,41.9953596287703,73.78190255220419,59.280742459396755,0,0,6,False,30.87201125175809,26.300984528832632,24.47257383966245,22.925457102672294,6.0,0.25,False
InBr3,59.51276102088167,55.22041763341067,72.15777262180974,60.711523588553746,0,0,6,True,,,,,,1.0,True
SrF3,59.51276102088167,47.09976798143852,71.92575406032483,60.556844547563806,0,0,6,False,74.68354430379748,70.60478199718706,84.52883263009845,72.57383966244726,6.0,0.6666666666666666,False
CeF3,59.164733178654295,27.842227378190255,72.8538283062645,56.38051044083527,0,0,6,False,52.67229254571026,34.177215189873415,74.19127988748242,70.32348804500702,6.0,0.7777777777777778,True
NdF3,59.164733178654295,27.37819025522042,73.08584686774941,56.071152358855365,0,0,6,False,52.39099859353024,33.755274261603375,73.48804500703235,70.18284106891703,6.0,0.7777777777777778,True
MoBr2,58.23665893271462,19.489559164733176,70.76566125290023,55.1430781129157,0,0,6,False,33.05203938115331,24.89451476793249,23.066104078762308,20.675105485232063,6.0,0.0,False
MoI2,57.540603248259856,19.02552204176334,70.06960556844548,53.63495746326373,0,0,6,False,27.074542897327703,20.95639943741209,21.518987341772156,18.9873417721519,6.0,0.0,False
KF5,56.96055684454756,51.04408352668214,71.22969837587007,59.74477958236659,0,0,6,False,72.92545710267228,43.319268635724335,50.91420534458509,23.62869198312236,6.0,0.4,False
CrF2,56.96055684454756,41.76334106728538,70.99767981438515,57.540603248259856,0,0,6,False,40.43600562587904,32.91139240506329,29.746835443037973,29.11392405063291,6.0,1.0,True
WBr2,56.96055684454756,19.25754060324826,69.83758700696056,53.78963650425368,0,0,6,False,33.333333333333336,25.035161744022503,23.277074542897328,21.09704641350211,6.0,0.0,False
In4Br7,56.84454756380511,18.793503480278424,76.33410672853829,53.480278422273784,0,0,6,False,21.30801687763713,18.70604781997187,18.91701828410689,18.84669479606189,6.0,0.0,False
HfI3,56.72853828306265,55.91647331786543,60.78886310904872,57.61794276875483,0,0,6,False,90.57665260196906,90.014064697609,90.43600562587903,88.18565400843882,6.0,1.0,True
ThI3,56.61252900232019,38.97911832946635,73.78190255220419,57.656612529002324,0,0,6,False,77.49648382559775,71.0267229254571,83.75527426160338,82.70042194092827,6.0,0.0,False
Pr2I5,56.61252900232019,38.05104408352668,64.50116009280742,54.02165506573859,0,0,6,False,66.45569620253164,65.26019690576652,78.12939521800283,68.77637130801688,6.0,0.0,False
GaF3,56.49651972157773,54.060324825986086,71.46171693735499,58.816705336426914,0,0,6,True,,,,,,0.6666666666666666,True
Nb3Cl7,55.800464037122964,44.5475638051044,59.62877030162414,53.44160866202629,0,0,6,False,69.33895921237693,66.9479606188467,65.61181434599156,57.102672292545705,6.0,0.5714285714285714,True
CrF3,54.75638051044084,53.1322505800464,71.22969837587007,57.656612529002324,0,0,6,False,88.25597749648384,84.52883263009845,99.78902953586498,99.57805907172995,6.0,0.6666666666666666,True
La2I5,54.524361948955914,35.03480278422274,61.7169373549884,51.97215777262181,0,0,6,False,65.47116736990154,63.9943741209564,77.28551336146273,68.07313642756681,6.0,0.0,False
AgF2,54.292343387471,41.53132250580047,68.67749419953596,55.027068832173235,0,0,6,False,41.27988748241913,33.755274261603375,30.94233473980309,29.39521800281294,6.0,0.0,False
BiF3,53.944315545243626,24.361948955916475,68.44547563805105,52.204176334106734,0,0,6,False,60.54852320675105,37.55274261603376,80.73136427566807,74.9648382559775,6.0,1.0,True
ZrBr3,53.82830626450116,50.34802784222738,57.30858468677494,54.215003866976026,0,0,6,False,89.17018284106891,86.21659634317862,91.77215189873418,89.17018284106891,6.0,1.0,True
CdI2,53.24825986078886,43.851508120649655,58.0046403712297,51.93348801237433,0,0,6,False,60.54852320675106,56.68073136427567,39.66244725738397,37.83403656821378,6.0,1.0,True
TbCl3,52.5522041763341,51.27610208816705,72.38979118329466,56.10982211910286,0,0,6,False,88.81856540084388,83.54430379746836,94.30379746835442,92.54571026722924,6.0,0.3333333333333333,True
Ce2Br5,51.972157772621806,32.94663573085847,56.8445475638051,49.651972157772626,0,0,6,False,63.22081575246132,53.30520393811533,76.51195499296765,66.9479606188467,6.0,0.0,False
La2Br5,51.62412993039443,31.322505800464036,55.68445475638051,48.8785769528229,0,0,6,False,61.67369901547117,45.71026722925457,76.01969057665261,66.24472573839662,6.0,0.0,False
Pr2Br5,51.27610208816705,30.162412993039446,56.148491879350345,48.49187935034803,0,0,6,False,62.025316455696206,45.56962025316456,76.16033755274262,66.38537271448664,6.0,0.0,False
YI3,50.92807424593968,43.619489559164734,70.99767981438515,53.36426914153133,0,0,6,False,89.87341772151899,84.66947960618847,96.76511954992966,96.20253164556962,6.0,1.0,True
CuF2,49.76798143851508,36.42691415313225,64.03712296983758,50.812064965197216,0,0,6,False,43.31926863572433,33.19268635724332,30.87201125175809,29.957805907173,6.0,1.0,False
InF3,49.53596287703016,41.53132250580047,70.76566125290023,52.24284609435421,0,0,6,False,85.44303797468355,82.41912798874824,96.0618846694796,95.21800281293952,6.0,1.0,True
SnBr2,49.303944315545245,40.835266821345705,64.2691415313225,51.7014694508894,0,0,6,False,45.358649789029535,42.75668073136428,34.17721518987342,29.254571026722925,6.0,0.25,True
Cd13I28,49.30394431554524,38.74709976798144,56.8445475638051,48.29853054911059,0,0,6,False,64.27566807313643,60.90014064697608,63.85372714486638,59.634317862165965,6.0,1.0,True
TaCl3,49.187935034802784,20.417633410672853,55.22041763341067,40.719257540603245,0,0,6,False,44.86638537271449,20.11251758087201,22.50351617440225,18.70604781997187,6.0,0.1666666666666666,True
NaCl3,48.25986078886311,22.2737819025522,63.80510440835266,48.414539829853055,0,0,6,False,50.0,33.19268635724332,71.44866385372714,67.79184247538677,6.0,0.0,False
RuF3,47.67981438515081,40.60324825986079,70.06960556844548,50.65738592420727,0,0,6,False,84.66947960618847,80.8720112517581,93.53023909985936,92.82700421940928,6.0,1.0,True
PuF3,46.98375870069606,22.505800464037122,62.64501160092807,47.293116782675945,0,0,6,False,51.82841068917018,33.47398030942335,75.24613220815752,71.0267229254571,6.0,1.0,True
NpF3,46.519721577726216,21.11368909512761,61.94895591647332,46.67440061871616,0,0,6,False,51.40646976090014,32.77074542897328,74.40225035161744,70.88607594936708,6.0,1.0,True
SnCl2,46.287703016241295,37.58700696055685,63.10904872389791,49.303944315545245,0,0,6,True,,,,,,0.0,False
LaF3,46.17169373549884,20.88167053364269,61.48491879350348,46.2877030162413,0,0,6,False,51.19549929676512,32.63009845288326,74.40225035161743,70.74542897327707,6.0,1.0,True
FeF2,46.055684454756374,34.5707656612529,55.68445475638051,45.514307811291566,0,0,6,False,38.11533052039381,32.77074542897328,34.59915611814346,30.37974683544304,6.0,1.0,False
NpF4,45.243619489559165,37.81902552204176,79.58236658932715,50.42536736272235,0,0,6,False,73.27707454289734,71.58931082981715,69.40928270042194,66.80731364275668,6.0,0.3333333333333333,False
Nb6I11,45.011600928074245,18.329466357308586,62.41299303944315,44.43155452436195,0,0,6,False,21.659634317862164,19.971870604782,20.88607594936709,20.11251758087201,6.0,0.0,False
ThF4,44.5475638051044,36.89095127610209,79.81438515081206,49.7293116782676,0,0,6,False,72.9957805907173,71.16736990154712,69.0576652601969,66.66666666666666,6.0,0.2083333333333333,False
EuF3,44.43155452436195,24.129930394431554,61.02088167053365,44.93426140757927,0,0,6,False,56.54008438818565,35.86497890295359,79.18424753867792,73.9803094233474,6.0,1.0,True
BiI3,44.19953596287703,39.443155452436194,69.60556844547564,47.98917246713071,0,0,6,False,85.86497890295358,81.85654008438819,92.89732770745428,91.84247538677918,6.0,1.0,True
Dy5Cl11,44.19953596287703,37.58700696055685,56.380510440835266,46.36504253673627,0,0,6,False,49.57805907172995,31.78621659634318,63.57243319268636,60.75949367088608,6.0,0.0,False
In5Cl9,43.735498839907194,19.721577726218097,65.66125290023201,45.011600928074245,0,0,6,False,19.26863572433193,18.9873417721519,18.495077355836848,17.72151898734177,6.0,0.0,False
Ga2I3,43.38747099767981,16.70533642691415,64.50116009280742,41.569992266047954,0,0,6,False,17.79184247538678,17.018284106891702,16.736990154711673,16.736990154711673,6.0,0.0,False
TmCl3,42.69141531322505,38.51508120649652,69.37354988399072,46.86774941995359,0,0,6,False,82.55977496483825,78.48101265822784,92.40506329113924,91.27988748241911,6.0,1.0,True
ReF7,42.459396751740144,25.290023201856147,76.79814385150812,45.243619489559165,0,0,6,False,68.28410689170184,61.60337552742617,66.94796061884668,54.289732770745424,6.0,0.4285714285714285,False
Sm11Br24,42.343387470997676,35.498839907192576,53.36426914153132,43.92884764114462,0,0,6,False,47.46835443037975,28.270042194092827,62.72855133614627,60.19690576652602,6.0,0.0,False
Tm7Cl15,42.22737819025522,37.58700696055685,50.580046403712295,43.54215003866975,0,0,6,False,46.76511954992968,27.848101265822784,62.16596343178621,59.49367088607595,6.0,0.0,False
TiCl2,41.87935034802784,29.466357308584683,51.972157772621806,41.724671307037895,0,0,6,False,56.89170182841069,46.41350210970464,41.70182841068917,33.0520393811533,6.0,1.0,True
NiBr2,41.87935034802784,27.842227378190255,51.04408352668214,41.02861562258314,0,0,6,False,60.056258790436,56.118143459915615,42.54571026722925,35.72433192686357,6.0,1.0,True
NpBr3,41.415313225058,30.39443155452436,67.51740139211137,44.624903325599384,0,0,6,False,72.71448663853727,67.79184247538677,85.9353023909986,84.52883263009845,6.0,0.3333333333333333,True
CoF2,41.183294663573086,30.162412993039446,45.243619489559165,39.056457849961326,0,0,6,False,33.26300984528832,30.66104078762307,40.57665260196906,32.63009845288326,6.0,1.0,False
NiI2,40.95127610208817,27.610208816705335,50.34802784222738,40.2938901778809,0,0,6,False,60.40787623066104,55.69620253164557,45.71026722925457,36.28691983122363,6.0,1.0,True
UBr3,40.951276102088165,25.754060324825982,65.19721577726219,43.464810518174794,0,0,6,False,66.1040787623066,45.0070323488045,79.81715893108299,76.93389592123769,6.0,0.0,False
Sm6Br13,40.83526682134571,34.80278422273782,50.580046403712295,42.072699149265276,0,0,6,False,45.63994374120957,26.58227848101265,62.16596343178622,59.774964838255976,6.0,0.0,False
MnF2,40.37122969837587,26.218097447795824,43.1554524361949,36.92962103634957,0,0,6,False,32.419127988748244,30.66104078762307,44.65541490857946,32.48945147679325,6.0,1.0,False
GdCl3,40.25522041763341,26.218097447795824,65.89327146171694,43.348801237432326,0,0,6,False,67.93248945147678,46.554149085794656,80.45007032348803,77.63713080168776,6.0,0.0,False
ZnF2,40.02320185614849,24.825986078886313,43.851508120649655,36.42691415313225,0,0,6,False,33.05203938115331,31.78621659634318,46.48382559774964,32.34880450070324,6.0,1.0,False
DyCl3,39.907192575406036,33.17865429234338,69.83758700696056,44.50889404485692,0,0,6,False,74.61322081575247,69.47960618846695,87.13080168776372,85.93530239099859,6.0,0.3333333333333333,True
Nd4Br9,39.791183294663576,29.930394431554525,46.8677494199536,39.17246713070379,0,0,6,False,46.76511954992968,27.004219409282697,63.64275668073137,61.04078762306611,6.0,0.0,False
NiCl2,39.675174013921115,26.91415313225058,49.88399071925754,39.28847641144625,0,0,6,False,60.54852320675106,53.16455696202531,45.71026722925457,37.27144866385373,6.0,1.0,True
IrF3,39.675174013921115,24.129930394431554,66.12529002320186,40.40989945862336,0,0,6,False,80.52039381153305,77.0745428973277,88.95921237693389,87.20112517580873,6.0,1.0,True
YF3,39.675174013921115,19.953596287703014,61.25290023201856,41.26063418406806,0,0,6,False,59.07172995780592,36.56821378340366,79.39521800281294,75.24613220815752,6.0,1.0,True
ZrCl2,39.55916473317865,28.074245939675173,51.508120649651964,40.25522041763341,0,0,6,False,54.922644163150494,44.163150492264414,39.45147679324894,36.70886075949368,6.0,1.0,True
FeBr2,39.443155452436194,25.290023201856147,47.79582366589327,38.36040216550657,0,0,6,False,59.77496483825598,54.9929676511955,48.80450070323488,39.09985935302391,6.0,1.0,True
CoBr2,39.32714617169374,26.68213457076566,48.95591647331787,38.70843000773396,0,0,6,False,59.91561181434599,54.0084388185654,47.32770745428973,37.83403656821378,6.0,1.0,True
CeBr3,39.327146171693734,25.52204176334107,65.66125290023201,42.614075792730084,0,0,6,False,66.52601969057665,45.14767932489451,80.23909985935302,77.49648382559775,6.0,0.0,False
Sm5Br11,39.21113689095128,32.71461716937355,46.17169373549884,39.21113689095127,0,0,6,False,45.358649789029535,26.441631504922647,62.37693389592124,60.337552742616026,6.0,0.0,False
ZrI2,39.09512761020882,29.698375870069604,56.380510440835266,42.38205723124516,0,0,6,False,49.226441631504926,38.39662447257383,46.48382559774964,35.30239099859353,6.0,0.5,True
VI2,38.97911832946636,25.986078886310903,48.027842227378194,38.167053364269144,0,0,6,False,59.212376933895925,54.57102672292545,47.81997187060478,38.25597749648382,6.0,1.0,True
EuCl3,38.8631090487239,25.290023201856147,64.96519721577727,42.111368909512755,0,0,6,False,64.0646976090014,44.303797468354425,78.62165963431787,75.24613220815752,6.0,0.0,False
PdF2,38.74709976798144,25.986078886310903,41.067285382830626,35.65351894818252,0,0,6,False,30.59071729957806,28.691983122362867,40.36568213783404,32.77074542897328,6.0,1.0,False
VF2,38.63109048723898,25.290023201856147,41.53132250580047,35.46017014694509,0,0,6,False,30.731364275668074,29.39521800281294,40.9985935302391,33.0520393811533,6.0,1.0,False
PuBr3,38.16705336426914,29.466357308584683,67.05336426914154,42.227378190255216,0,0,6,False,72.36286919831224,67.65119549929676,86.07594936708861,84.66947960618847,6.0,0.3333333333333333,True
Nb2F5,38.16705336426914,28.306264501160094,50.34802784222738,38.553750966744005,0,0,6,False,71.80028129395217,68.49507735583686,78.69198312236287,73.13642756680731,6.0,0.6,True
VCl2,38.16705336426914,27.37819025522042,48.72389791183295,38.05104408352668,0,0,6,False,59.70464135021098,52.883263009845294,45.56962025316456,38.53727144866385,6.0,1.0,True
CoI2,38.16705336426914,26.450116009280745,48.25986078886311,37.85769528228925,0,0,6,False,59.353023909985936,53.30520393811533,47.39803094233474,38.39662447257383,6.0,1.0,True
FeCl2,38.051044083526676,25.754060324825982,47.33178654292343,37.39365815931941,0,0,6,False,58.57946554149086,53.727144866385366,48.59353023909986,39.66244725738397,6.0,1.0,True
UCl3,38.051044083526676,24.593967517401392,64.73317865429235,41.41531322505801,0,0,6,False,63.78340365682138,44.0225035161744,78.76230661040788,75.52742616033755,6.0,0.0,False
PrBr3,37.93503480278422,24.825986078886313,64.50116009280742,41.41531322505801,0,0,6,False,64.48663853727146,44.44444444444444,79.39521800281294,76.65260196905767,6.0,0.0,False
SmBr3,37.935034802784216,30.8584686774942,67.74941995359629,42.343387470997676,0,0,6,False,73.20675105485232,68.35443037974683,86.70886075949367,84.9507735583685,6.0,0.3333333333333333,True
Th2Br5,37.70301624129931,26.68213457076566,49.187935034802784,37.664346481051815,0,0,6,False,70.9563994374121,68.35443037974683,78.19971870604783,72.57383966244726,6.0,0.6,True
CoCl2,37.58700696055684,27.1461716937355,48.49187935034803,37.81902552204176,0,0,6,False,59.14205344585091,52.03938115330521,44.79606188466949,38.81856540084388,6.0,1.0,True
NpI3,37.23897911832947,32.01856148491879,68.90951276102089,42.343387470997676,0,0,6,False,74.1209563994374,68.63572433192687,87.76371308016877,85.65400843881856,6.0,0.3333333333333333,True
PuI3,37.12296983758701,31.322505800464036,68.67749419953596,41.956689868522815,0,0,6,False,74.26160337552741,68.77637130801688,88.11533052039381,85.79465541490859,6.0,0.3333333333333333,True
SnI2,37.00696055684455,31.322505800464036,39.675174013921115,36.23356535189482,0,0,6,False,27.42616033755274,26.300984528832632,36.28691983122363,31.926863572433195,6.0,0.3333333333333333,True
FeI2,37.00696055684455,24.593967517401392,45.93967517401392,36.11755607115236,0,0,6,False,56.89170182841069,53.30520393811533,48.734177215189874,40.78762306610408,6.0,1.0,True
LaBr3,37.00696055684455,23.897911832946637,64.03712296983758,40.37122969837587,0,0,6,False,63.43178621659634,42.75668073136428,78.97327707454289,75.80872011251758,6.0,0.0,False
ZrBr2,36.890951276102086,21.57772621809745,45.011600928074245,35.34416086620263,0,0,6,False,46.90576652601969,36.0056258790436,38.888888888888886,36.9901547116737,6.0,0.5,True
NiF2,36.774941995359626,22.73781902552204,40.835266821345705,33.48801237432328,0,0,6,False,30.731364275668074,29.39521800281294,43.10829817158931,33.61462728551336,6.0,1.0,False
UF3,36.774941995359626,16.70533642691415,58.0046403712297,39.13379737045631,0,0,6,False,47.89029535864979,29.535864978902957,72.29254571026723,67.36990154711674,6.0,0.6666666666666666,True
MgF2,36.65893271461717,22.505800464037122,41.29930394431555,33.29466357308585,0,0,6,False,31.012658227848103,29.254571026722925,43.459915611814345,33.895921237693386,6.0,1.0,True
SrF2,36.42691415313225,34.33874709976798,52.66821345707656,41.22196442382057,0,0,6,False,28.059071729957807,26.019690576652604,33.33333333333333,31.08298171589311,6.0,1.0,True
NdCl3,36.42691415313225,23.665893271461716,64.2691415313225,40.10054137664346,0,0,6,False,63.29113924050633,42.616033755274266,78.48101265822785,74.9648382559775,6.0,0.0,False
SmF3,36.42691415313225,17.865429234338748,58.93271461716937,38.74709976798144,0,0,6,False,50.63291139240506,31.78621659634318,75.31645569620252,71.44866385372714,6.0,1.0,True
NdBr3,36.31090487238979,29.00232018561485,66.35730858468676,40.64191802010827,0,0,6,False,71.37834036568213,66.66666666666666,85.0210970464135,83.54430379746836,6.0,0.3333333333333333,True
LaI3,35.84686774941996,29.23433874709977,66.5893271461717,40.48723897911833,0,0,6,False,71.87060478199719,67.36990154711674,86.35724331926863,84.38818565400844,6.0,0.3333333333333333,True
AcCl3,35.730858468677496,23.201856148491878,63.57308584686775,39.40448569218871,0,0,6,False,62.9395218002813,41.20956399437412,77.77777777777777,74.82419127988749,6.0,0.0,False
UI3,35.382830626450115,28.538283062645007,67.28538283062645,39.945862335653516,0,0,6,False,72.92545710267228,68.21378340365682,87.34177215189874,85.23206751054853,6.0,0.3333333333333333,True
MgCl2,35.382830626450115,26.218097447795824,46.8677494199536,35.84686774941995,0,0,6,False,57.59493670886076,51.33614627285513,45.991561181434605,41.35021097046413,6.0,1.0,True
PbBr2,35.266821345707655,32.48259860788863,48.95591647331787,39.17246713070379,0,0,6,False,26.090014064697613,24.75386779184248,31.0126582278481,30.52039381153305,6.0,0.0,False
U2F9,35.266821345707655,17.865429234338748,79.11832946635731,37.81902552204176,0,0,6,False,68.70604781997187,67.08860759493672,64.0646976090014,62.16596343178622,6.0,0.3333333333333333,False
MnBr2,35.1508120649652,24.361948955916475,45.47563805104408,35.07347254447023,0,0,6,False,56.540084388185655,51.89873417721519,48.030942334739805,41.77215189873418,6.0,1.0,True
PrCl3,35.150812064965194,22.96983758700696,63.80510440835266,39.1337973704563,0,0,6,False,62.72855133614628,41.0689170182841,77.77777777777777,74.68354430379746,6.0,0.0,False
CeCl3,34.80278422273781,22.73781902552204,63.10904872389791,38.78576952822892,0,0,6,False,62.51758087201125,40.50632911392405,77.56680731364276,74.54289732770746,6.0,0.0,False
TlF3,34.45475638051044,25.986078886310903,63.341067285382834,38.43774168600155,0,0,6,False,68.49507735583684,63.29113924050633,83.19268635724333,80.59071729957806,6.0,1.0,False
VBr2,34.45475638051044,24.593967517401392,45.243619489559165,34.33874709976798,0,0,6,False,55.83684950773558,51.61744022503516,47.25738396624472,42.05344585091421,6.0,1.0,True
LaCl3,34.33874709976798,22.041763341067284,62.87703016241299,38.2830626450116,0,0,6,False,62.30661040787624,40.22503516174402,77.00421940928271,74.26160337552743,6.0,0.0,False
PuCl3,34.222737819025525,21.57772621809745,62.41299303944315,37.97370456303171,0,0,6,False,62.16596343178622,39.943741209564,77.28551336146273,74.40225035161744,6.0,0.0,False
TbF3,34.222737819025525,17.16937354988399,58.23665893271461,36.69760247486466,0,0,6,False,50.14064697609001,31.08298171589311,75.10548523206751,71.16736990154712,6.0,1.0,False
PbCl2,34.106728538283065,27.1461716937355,41.9953596287703,34.53209590100541,0,0,6,False,24.68354430379747,22.644163150492265,29.88748241912799,29.39521800281294,6.0,0.25,True
NpCl3,34.106728538283065,21.809744779582367,62.64501160092807,38.0123743232792,0,0,6,False,62.025316455696206,40.08438818565401,76.72292545710266,73.9803094233474,6.0,0.0,False
MnCl2,33.990719257540604,25.05800464037123,45.011600928074245,34.261407579273005,0,0,6,False,55.69620253164557,45.28832630098453,44.65541490857946,42.897327707454295,6.0,1.0,True
MnI2,33.990719257540604,23.897911832946637,44.5475638051044,33.68136117556071,0,0,6,False,54.85232067510548,52.18002812939522,48.452883263009845,43.03797468354431,6.0,1.0,True
YbF3,33.64269141531322,21.34570765661253,60.32482598607889,36.620262954369686,0,0,6,False,55.97749648382559,34.59915611814346,79.957805907173,74.40225035161744,6.0,1.0,False
BaF2,33.17865429234339,22.96983758700696,42.92343387470998,33.56535189481826,0,0,6,False,22.573839662447256,20.53445850914205,27.77777777777777,26.72292545710267,6.0,1.0,True
AcBr3,33.17865429234339,20.417633410672853,61.94895591647332,37.08430007733952,0,0,6,False,59.91561181434599,39.24050632911392,77.0042194092827,74.1209563994374,6.0,0.0,False
LaBr2,33.06264501160093,21.34570765661253,39.443155452436194,32.71461716937355,0,0,6,False,36.42756680731364,33.61462728551336,39.31082981715893,32.34880450070324,6.0,1.0,True
SrBr2,32.83062645011601,32.01856148491879,34.5707656612529,33.1399845320959,0,0,6,False,27.566807313642755,25.59774964838256,34.31786216596343,30.801687763713083,6.0,0.0,False
SrI2,32.83062645011601,29.466357308584683,33.64269141531322,32.32791956689868,0,0,6,False,27.285513361462726,25.457102672292542,34.036568213783404,30.52039381153305,6.0,0.0,False
HoF3,32.83062645011601,17.40139211136891,58.46867749419954,35.69218870843001,0,0,6,False,50.56258790436006,31.64556962025317,75.66807313642757,71.72995780590718,6.0,1.0,False
PbF2,32.48259860788863,23.897911832946637,36.19489559164733,31.051817478731632,0,0,6,False,23.839662447257385,21.659634317862167,28.34036568213784,27.566807313642755,6.0,1.0,True
DyBr2,32.25058004640371,19.953596287703014,38.51508120649652,30.587780355761794,0,0,6,False,25.386779184247537,23.90998593530239,32.137834036568215,31.364275668073137,6.0,0.0,False
ErF3,32.13457076566125,17.633410672853827,58.70069605568445,35.22815158546017,0,0,6,False,50.70323488045007,31.926863572433195,76.16033755274262,72.0112517580872,6.0,1.0,False
PrF3,31.90255220417633,16.241299303944317,56.61252900232019,35.57617942768755,0,0,6,False,46.0618846694796,27.70745428973277,71.44866385372714,66.52601969057666,6.0,0.6666666666666666,True
MgI2,31.786542923433878,22.041763341067284,43.38747099767982,31.7092034029389,0,0,6,False,53.16455696202532,50.773558368495074,46.76511954992968,45.0070323488045,6.0,1.0,True
EuI2,31.438515081206496,27.37819025522042,34.5707656612529,31.20649651972158,0,0,6,False,27.074542897327703,25.31645569620253,35.09142053445851,30.09845288326301,6.0,0.0,False
MgBr2,31.322505800464036,21.57772621809745,43.619489559164734,31.631863882443927,0,0,6,False,51.75808720112518,44.163150492264414,45.780590717299575,43.17862165963432,6.0,1.0,True
SmI2,31.322505800464036,19.25754060324826,35.266821345707655,28.963650425367362,0,0,6,False,25.527426160337555,23.769338959212376,32.419127988748244,31.504922644163152,6.0,0.0,False
TmCl2,30.51044083526682,19.721577726218097,35.03480278422274,28.731631863882445,0,0,6,False,24.964838255977497,22.78481012658228,31.434599156118143,30.37974683544304,6.0,0.0,False
TiBr2,30.394431554524367,21.11368909512761,42.92343387470998,30.74245939675174,0,0,6,False,48.171589310829816,43.60056258790436,46.694796061884674,42.19409282700422,6.0,1.0,True
CdCl2,29.698375870069604,21.34570765661253,42.459396751740144,30.433101314771847,0,0,6,False,43.88185654008439,34.59915611814346,47.11673699015471,34.73980309423347,6.0,1.0,True
YbI2,28.65429234338747,21.809744779582367,36.65893271461717,28.383604021655064,0,0,6,False,42.61603375527426,34.59915611814346,44.65541490857946,39.09985935302391,6.0,1.0,True
CaBr2,27.37819025522042,19.489559164733176,39.675174013921115,28.924980665119875,0,0,6,False,29.676511954992968,27.70745428973277,43.319268635724335,34.88045007032349,6.0,1.0,True
SmCl2,25.406032482598604,22.73781902552204,34.106728538283065,26.52745552977571,0,0,6,False,25.24613220815753,24.613220815752463,31.92686357243319,29.676511954992968,6.0,0.25,True
TmI2,24.94199535962877,20.88167053364269,34.80278422273782,25.48337200309358,0,0,6,False,37.9746835443038,33.895921237693386,42.47538677918425,37.55274261603376,6.0,1.0,True
CdBr2,24.94199535962877,20.185614849187935,40.60324825986079,26.875483372003092,0,0,6,False,36.849507735583686,34.177215189873415,50.070323488045005,35.0210970464135,6.0,1.0,True
NdCl2,24.361948955916475,23.201856148491878,35.03480278422274,26.179427687548337,0,0,6,False,25.105485232067515,24.050632911392405,31.645569620253163,29.535864978902957,6.0,0.25,True
YbBr2,24.245939675174014,20.417633410672853,35.498839907192576,27.068832173240526,0,0,6,False,29.043600562587905,27.70745428973277,38.39662447257384,35.16174402250351,6.0,1.0,True
CaI2,23.4338747099768,19.02552204176334,38.74709976798144,25.212683681361174,0,0,6,False,35.30239099859353,33.755274261603375,45.07735583684951,35.16174402250351,6.0,1.0,True
BaCl2,23.201856148491878,19.721577726218097,31.786542923433874,24.555297757153905,0,0,6,False,23.136427566807317,21.37834036568214,28.270042194092824,26.863572433192683,6.0,0.25,True
BaI2,22.8538283062645,19.489559164733176,31.554524361948953,24.16860015467904,0,0,6,False,20.88607594936709,19.26863572433193,26.441631504922643,25.73839662447257,6.0,0.0,False
EuBr2,22.505800464037122,18.793503480278424,32.01856148491879,23.588553750966742,0,0,6,False,22.573839662447256,21.80028129395218,29.957805907173,28.41068917018284,6.0,0.0,False
HgF2,22.2737819025522,19.25754060324826,29.00232018561485,23.008507347254447,0,0,6,False,23.347398030942337,21.09704641350211,28.41068917018284,27.285513361462726,6.0,1.0,True
EuF2,22.041763341067288,19.25754060324826,29.23433874709977,22.931167826759474,0,0,6,False,23.136427566807317,20.81575246132208,28.059071729957804,27.004219409282697,6.0,1.0,True
CaF2,22.041763341067284,19.721577726218097,31.322505800464036,23.781902552204176,0,0,6,False,22.22222222222222,20.11251758087201,27.285513361462726,26.300984528832632,6.0,1.0,True
CdF2,21.809744779582367,19.25754060324826,29.00232018561485,22.815158546017017,0,0,6,False,22.644163150492265,20.39381153305204,27.566807313642755,26.441631504922647,6.0,1.0,True
SrCl2,21.809744779582367,19.25754060324826,29.00232018561485,22.815158546017017,0,0,6,False,22.714486638537277,20.675105485232063,27.848101265822784,26.58227848101265,6.0,1.0,True
TiF2,21.809744779582367,18.329466357308586,29.00232018561485,22.54447022428461,0,0,6,False,22.22222222222222,20.253164556962027,27.49648382559775,26.441631504922647,6.0,1.0,True
Tl2Br3,21.577726218097446,16.70533642691415,46.635730858468676,25.59938128383604,0,0,6,False,17.65119549929676,17.158931082981717,17.29957805907173,17.29957805907173,6.0,0.0,False
PbI2,21.34570765661253,18.561484918793504,35.96287703016242,23.395204949729315,0,0,6,False,34.10689170182841,33.0520393811533,44.51476793248945,34.73980309423347,6.0,1.0,True
In2Cl3,21.229698375870072,17.16937354988399,51.27610208816705,25.56071152358855,0,0,6,False,17.08860759493671,16.877637130801688,17.018284106891702,16.877637130801688,6.0,0.0,False
EuCl2,20.185614849187935,18.097447795823665,30.8584686774942,22.583139984532096,0,0,6,False,20.60478199718706,19.12798874824191,26.582278481012654,25.73839662447257,6.0,0.0,False
ThI2,20.185614849187935,16.937354988399072,22.96983758700696,20.14694508894045,0,0,6,False,25.38677918424754,23.769338959212376,32.48945147679325,28.129395218002813,6.0,1.0,True
BaBr2,19.953596287703014,19.02552204176334,31.09048723897912,22.54447022428461,0,0,6,False,20.464135021097047,18.9873417721519,26.09001406469761,25.17580872011252,6.0,0.0,False
PrI2,19.953596287703014,18.793503480278424,31.09048723897912,21.887084300077337,0,0,6,False,31.57524613220816,29.39521800281294,39.24050632911393,32.48945147679325,6.0,1.0,True
Sc5Cl8,19.1415313225058,17.865429234338748,44.779582366589324,23.240525908739368,0,0,6,False,18.28410689170183,18.14345991561181,18.28410689170183,18.0028129395218,6.0,0.75,True
Tl2Cl3,19.1415313225058,16.937354988399072,49.187935034802784,24.245939675174014,0,0,6,False,17.51054852320675,17.018284106891702,17.158931082981717,17.158931082981717,6.0,0.0,False
In5Br7,18.677494199535964,15.777262180974477,56.148491879350345,24.98066511987626,0,0,6,False,16.736990154711673,16.59634317862166,16.526019690576653,16.17440225035162,6.0,0.0,False
Sc7Cl10,17.981438515081205,15.54524361948956,46.17169373549884,22.2737819025522,0,0,6,False,16.877637130801688,16.736990154711673,16.877637130801688,16.736990154711673,6.0,0.6,True
NdI2,17.749419953596288,15.777262180974477,22.041763341067284,18.17478731631864,0,0,6,False,22.50351617440225,21.237693389592124,30.59071729957806,24.613220815752463,6.0,0.0,False
Sc7Cl12,17.633410672853827,16.70533642691415,33.4106728538283,20.030935808197988,0,0,6,False,20.253164556962027,18.28410689170183,20.815752461322084,18.424753867791843,6.0,0.5,True
LaI2,17.517401392111367,15.31322505800464,22.2737819025522,17.981438515081205,0,0,6,False,21.870604781997187,20.39381153305204,29.39521800281294,24.331926863572438,6.0,0.0,False
Tb5Br8,17.053364269141532,16.241299303944317,28.074245939675173,18.716163959783447,0,0,6,False,18.07313642756681,18.0028129395218,18.21378340365682,17.862165963431785,6.0,0.75,True
Y2Cl3,16.009280742459396,15.777262180974477,16.473317865429234,16.08662026295437,0,0,6,False,17.440225035161745,17.158931082981717,17.65119549929676,17.580872011251756,6.0,0.3333333333333333,True
Gd2Br3,15.777262180974477,15.54524361948956,16.009280742459396,15.777262180974477,0,0,6,False,17.580872011251756,17.29957805907173,17.79184247538678,17.72151898734177,6.0,0.0,False
Gd2Cl3,15.661252900232018,15.54524361948956,16.473317865429234,15.815931941221963,0,0,6,False,17.229254571026722,17.018284106891702,17.51054852320675,17.440225035161745,6.0,0.0,False
In7Cl9,15.31322505800464,14.617169373549885,15.31322505800464,15.158546017014695,0,0,6,False,16.31504922644163,16.31504922644163,16.31504922644163,16.033755274261605,6.0,0.0,False
In7Br9,15.081206496519723,14.153132250580047,15.31322505800464,14.965197215777264,0,0,6,False,16.17440225035162,16.17440225035162,16.17440225035162,16.17440225035162,6.0,0.0,False
Er4I5,14.849187935034802,10.672853828306264,14.849187935034802,14.153132250580045,0,0,6,False,16.104078762306614,16.033755274261605,16.17440225035162,16.033755274261605,6.0,0.6,True
Bi6Cl7,14.501160092807424,13.921113689095128,14.617169373549885,14.42382057231245,0,0,6,False,15.752461322081576,15.330520393811534,15.541490857946554,15.330520393811534,6.0,0.0,False
Bi6Br7,14.385150812064964,12.529002320185615,14.617169373549885,14.114462490332562,0,0,6,False,15.822784810126585,15.471167369901549,15.822784810126585,15.471167369901549,6.0,0.0,False
Er6I7,14.153132250580047,12.296983758700696,14.385150812064964,13.882443928847641,0,0,6,False,15.682137834036569,15.471167369901549,15.61181434599156,15.471167369901549,6.0,0.7142857142857143,True
Tb6Br7,13.921113689095128,11.832946635730858,13.921113689095128,13.57308584686775,0,0,6,False,15.682137834036569,15.61181434599156,15.61181434599156,15.471167369901549,6.0,0.7142857142857143,True
CuI,13.341067285382831,9.976798143851507,25.05800464037123,14.655839133797372,0,0,6,False,15.18987341772152,15.049226441631506,14.838255977496484,13.783403656821378,6.0,1.0,True
AuCl,13.225058004640372,0.9280742459396751,13.45707656612529,10.904872389791182,0,0,6,False,4.430379746835443,1.4064697609001406,1.3361462728551337,1.1251758087201125,6.0,0.0,False
AuBr,12.877030162412993,1.160092807424594,13.45707656612529,11.059551430781129,0,0,6,False,14.627285513361462,13.080168776371307,4.430379746835443,1.8284106891701828,6.0,1.0,True
CuBr,12.180974477958237,10.904872389791183,13.45707656612529,12.02629543696829,0,0,6,False,14.41631504922644,10.548523206751057,11.884669479606188,6.891701828410689,6.0,1.0,True
CuCl,12.064965197215777,8.816705336426914,14.385150812064964,11.910286156225832,0,0,6,False,12.869198312236287,9.70464135021097,7.524613220815752,2.5316455696202533,6.0,1.0,True
BiBr,11.7169373549884,10.440835266821345,12.529002320185615,11.48491879350348,0,0,6,False,13.783403656821378,11.673699015471168,13.783403656821378,11.251758087201123,6.0,0.0,False
AgI,11.7169373549884,6.728538283062645,14.849187935034802,11.523588553750967,0,0,6,False,15.049226441631506,14.908579465541491,15.260196905766527,15.049226441631506,6.0,1.0,True
CuF,11.7169373549884,6.728538283062645,13.68909512761021,11.1368909512761,0,0,6,False,10.829817158931082,6.751054852320674,3.4458509142053444,2.8129395218002813,6.0,1.0,True
HgCl,11.600928074245939,10.208816705336426,12.761020881670534,11.523588553750967,0,0,6,False,4.9929676511955,1.5471167369901548,1.8284106891701828,1.4064697609001406,6.0,0.0,False
AuI,11.600928074245939,1.3921113689095126,13.225058004640372,10.131477184841453,0,0,6,False,14.41631504922644,13.361462728551334,4.852320675105485,1.969057665260197,6.0,0.0,False
HgBr,11.368909512761022,8.120649651972158,12.993039443155451,11.020881670533642,0,0,6,False,5.274261603375527,1.6877637130801686,2.390998593530239,1.5471167369901548,6.0,0.0,False
HgI,11.36890951276102,8.584686774941995,13.68909512761021,11.330239752513535,0,0,6,False,3.516174402250352,0.9845288326300984,1.4767932489451476,1.2658227848101269,6.0,0.0,False
LiI,11.36890951276102,6.2645011600928076,15.081206496519723,11.330239752513535,0,0,6,False,12.517580872011251,7.735583684950773,12.447257383966244,3.938115330520394,6.0,1.0,True
BiI,11.020881670533642,9.744779582366588,12.993039443155451,11.059551430781127,0,0,6,False,14.556962025316457,14.20534458509142,14.486638537271448,14.345991561181432,6.0,0.0,False
NaI,10.904872389791183,8.584686774941995,11.36890951276102,10.479505027068832,0,0,6,False,12.306610407876232,11.533052039381154,10.126582278481012,6.329113924050633,6.0,1.0,True
CoBr,10.672853828306264,1.3921113689095126,13.68909512761021,8.159319412219645,0,0,6,False,1.2658227848101269,0.7032348804500703,0.8438818565400843,0.7032348804500703,6.0,1.0,True
InCl,10.208816705336426,9.280742459396752,10.904872389791183,10.208816705336426,0,0,6,False,12.58790436005626,11.11111111111111,11.251758087201123,5.907172995780591,6.0,0.0,False
LaCl,9.860788863109047,1.160092807424594,11.832946635730858,8.004640371229698,0,0,6,False,6.540084388185654,1.6877637130801686,2.9535864978902957,1.1251758087201125,6.0,1.0,True
ScCl,9.396751740139212,0.9280742459396751,12.761020881670534,8.546017014694508,0,0,6,False,2.742616033755274,0.8438818565400843,1.8987341772151896,0.8438818565400843,6.0,1.0,True
InBr,8.932714617169374,8.584686774941995,9.744779582366588,9.126063418406806,0,0,6,False,12.09563994374121,11.251758087201123,13.642756680731363,6.751054852320674,6.0,0.0,False
CsI,8.932714617169374,7.888631090487238,9.51276102088167,8.778035576179427,0,0,6,False,10.267229254571028,8.720112517580873,10.970464135021098,9.423347398030945,6.0,0.0,False
TlCl,8.584686774941995,7.888631090487238,10.208816705336426,8.894044856921886,0,0,6,False,10.90014064697609,10.68917018284107,10.90014064697609,6.891701828410689,6.0,1.0,True
InI,8.468677494199536,8.120649651972158,9.51276102088167,8.546017014694508,0,0,6,False,11.251758087201123,10.548523206751057,13.783403656821378,9.70464135021097,6.0,0.0,False
TlBr,8.468677494199536,7.424593967517401,10.208816705336426,8.623356535189481,0,0,6,False,10.478199718706048,9.282700421940929,12.939521800281296,9.423347398030945,6.0,1.0,True
TlI,8.120649651972156,7.192575406032482,9.976798143851507,8.352668213457076,0,0,6,False,10.056258790436006,9.142053445850914,13.0098452883263,9.985935302391,6.0,1.0,True
AgCl,7.65661252900232,6.960556844547564,9.048723897911833,7.695282289249806,0,0,6,False,10.267229254571026,9.0014064697609,13.783403656821378,11.533052039381154,6.0,1.0,True
KF,6.728538283062645,5.336426914153132,8.816705336426914,6.844547563805104,0,0,6,False,7.383966244725738,6.329113924050633,10.548523206751057,9.282700421940929,6.0,1.0,True
CsBr,6.728538283062645,4.872389791183294,8.816705336426914,6.728538283062645,0,0,6,False,5.69620253164557,5.485232067510549,9.49367088607595,7.59493670886076,6.0,0.0,False
CsF,6.728538283062645,3.480278422273782,8.816705336426914,6.496519721577727,0,0,6,False,8.368495077355837,6.469760900140647,11.533052039381154,8.438818565400844,6.0,1.0,True
KI,6.496519721577727,5.336426914153132,8.816705336426914,6.728538283062645,0,0,6,False,7.735583684950773,6.469760900140647,11.181434599156118,8.438818565400844,6.0,0.0,False
RbCl,6.496519721577727,5.336426914153132,8.816705336426914,6.728538283062645,0,0,6,False,8.227848101265824,7.735583684950773,11.462728551336149,9.0014064697609,6.0,1.0,True
LiBr,6.496519721577727,3.248259860788863,8.816705336426914,6.264501160092807,0,0,6,False,8.227848101265824,7.735583684950773,11.462728551336149,9.0014064697609,6.0,1.0,True
RbI,6.2645011600928076,3.7122969837587005,8.816705336426914,6.225831399845322,0,0,6,False,7.10267229254571,5.344585091420535,9.774964838255976,7.172995780590717,6.0,0.0,False
LaI,6.148491879350348,1.160092807424594,9.51276102088167,5.645784996133024,0,0,6,False,4.781997187060478,4.360056258790436,8.08720112517581,6.188466947960619,6.0,1.0,True
NaCl,6.0324825986078885,5.336426914153132,8.816705336426914,6.419180201082753,0,0,6,False,8.08720112517581,5.766526019690577,11.11111111111111,10.68917018284107,6.0,1.0,True
RbBr,6.0324825986078885,3.480278422273782,8.816705336426914,6.187161639597835,0,0,6,False,8.579465541490858,6.469760900140647,10.829817158931084,9.423347398030945,6.0,1.0,True
NaF,6.0324825986078885,3.248259860788863,7.192575406032482,5.684454756380511,0,0,6,False,9.49367088607595,7.735583684950773,12.447257383966246,10.267229254571026,6.0,1.0,True
KCl,5.684454756380511,3.480278422273782,6.960556844547564,5.452436194895591,0,0,6,False,8.08720112517581,7.172995780590717,11.814345991561185,10.548523206751057,6.0,1.0,True
AgBr,5.68445475638051,3.248259860788863,8.816705336426914,5.877803557617942,0,0,6,False,7.735583684950773,5.907172995780591,9.915611814345992,7.454289732770746,6.0,1.0,True
LiF,5.68445475638051,3.248259860788863,8.816705336426914,5.877803557617942,0,0,6,False,7.805907172995781,5.766526019690577,10.68917018284107,7.454289732770746,6.0,1.0,True
HgF,5.220417633410673,2.784222737819025,10.672853828306264,6.148491879350348,0,0,6,False,2.109704641350211,0.8438818565400843,2.180028129395218,1.4064697609001406,6.0,0.0,False
NaBr,5.104408352668213,3.248259860788863,8.816705336426914,5.375096674400619,0,0,6,False,6.39943741209564,5.907172995780591,9.985935302391,9.70464135021097,6.0,1.0,True
CsCl,4.988399071925754,3.480278422273782,8.816705336426914,5.297757153905645,0,0,6,False,8.790436005625878,8.438818565400844,12.165963431786215,10.126582278481012,6.0,1.0,True
KBr,4.988399071925754,3.480278422273782,8.816705336426914,5.297757153905645,0,0,6,False,8.790436005625878,8.438818565400844,12.165963431786215,10.126582278481012,6.0,1.0,True
TlF,4.988399071925754,1.8561484918793503,8.816705336426914,5.104408352668213,0,0,6,False,5.977496483825597,1.8284106891701828,5.836849507735584,1.8284106891701828,6.0,0.0,False
AgF,4.524361948955916,3.248259860788863,5.336426914153132,4.331013147718484,0,0,6,False,7.032348804500703,5.907172995780591,10.056258790436004,9.70464135021097,6.0,1.0,True
LiCl,3.9443155452436196,2.5522041763341066,7.424593967517401,4.331013147718484,0,0,6,False,6.680731364275668,4.781997187060478,10.267229254571026,7.032348804500703,6.0,1.0,True
RbF,3.248259860788863,0.9280742459396751,6.0324825986078885,3.2095901005413765,0,0,6,False,4.360056258790436,3.938115330520394,7.665260196905766,5.485232067510549,6.0,1.0,True
ZrBr,2.9002320185614847,1.6241299303944314,13.68909512761021,5.413766434648106,0,0,6,False,6.751054852320675,1.4064697609001406,5.485232067510548,1.969057665260197,6.0,1.0,True
ZrCl,2.784222737819025,2.320185614849188,13.225058004640372,5.1430781129157,0,0,6,False,7.524613220815752,1.6877637130801686,5.063291139240507,2.109704641350211,6.0,1.0,True
YI,2.2041763341067284,1.8561484918793503,13.45707656612529,5.1430781129157,0,0,6,False,3.586497890295359,1.1251758087201125,3.727144866385373,1.6877637130801686,6.0,1.0,True
TbBr,2.088167053364269,1.3921113689095126,12.993039443155451,4.447022428460943,0,0,6,False,5.344585091420534,1.969057665260197,4.922644163150492,2.5316455696202533,6.0,1.0,True
GdBr,2.088167053364269,0.9280742459396751,12.064965197215777,4.176334106728538,0,0,6,False,4.852320675105485,2.250351617440225,4.711673699015471,4.219409282700422,6.0,1.0,True
LaBr,1.9721577726218096,1.3921113689095126,12.296983758700696,4.48569218870843,0,0,6,False,7.59493670886076,2.5316455696202533,5.133614627285514,2.6722925457102678,6.0,1.0,True
TbCl,1.7401392111368907,1.160092807424594,11.600928074245939,4.2536736272235105,0,0,6,False,5.485232067510549,2.8129395218002813,5.063291139240507,4.641350210970464,6.0,1.0,True
YCl,1.2761020881670533,0.9280742459396751,11.1368909512761,3.82830626450116,0,0,6,False,7.594936708860759,2.9535864978902957,5.414908579465542,4.219409282700422,6.0,1.0,True
Ag2F,0.6960556844547563,0.23201856148491878,0.6960556844547563,0.6187161639597835,0,0,6,False,0.5625879043600562,0.5625879043600562,0.5625879043600562,0.4219409282700421,6.0,1.0,True
Bi4I,0.46403712296983757,0.46403712296983757,0.6960556844547563,0.502706883217324,0,0,6,False,0.2812939521800281,0.2812939521800281,0.2812939521800281,0.2812939521800281,6.0,0.5,True
Bi9I2,0.23201856148491878,0.23201856148491878,0.46403712296983757,0.27068832173240526,0,0,6,False,0.140646976090014,0.140646976090014,0.140646976090014,0.140646976090014,6.0,0.0,False
