config,selected_k,formula,best_polymorph_score,formula_background_percentile,reserved_formula
short,4,AcBr3,0.9792103171348572,37.35498839907193,False
short,4,AcCl3,0.9800756573677063,40.13921113689095,False
short,4,Ag2F5,0.9917625188827515,70.30162412993039,False
short,4,Ag2F,0.3828766942024231,0.6960556844547563,False
short,4,Ag3F8,0.9931942820549011,73.78190255220419,False
short,4,AgBr,0.8047839403152466,8.120649651972158,False
short,4,AgCl,0.807833194732666,9.280742459396752,False
short,4,AgF2,0.9815189838409424,44.08352668213457,False
short,4,AgF,0.8047839403152466,8.120649651972158,False
short,4,AgI,0.822516679763794,12.761020881670534,False
short,4,AlBr3,0.9968346357345581,84.22273781902551,True
short,4,AlCl3,0.9985038638114929,91.87935034802784,True
short,4,AlF3,0.99605792760849,81.67053364269141,False
short,4,AlI3,0.9881551861763,58.93271461716937,False
short,4,Au3F8,0.9891944527626038,62.87703016241299,False
short,4,AuBr3,0.9895920753479004,64.03712296983758,False
short,4,AuBr,0.7749946713447571,2.320185614849188,False
short,4,AuCl2,0.9691266417503357,26.218097447795824,False
short,4,AuCl3,0.9864376187324524,56.61252900232019,False
short,4,AuCl,0.7477128505706787,1.8561484918793503,False
short,4,AuF5,0.9913885593414307,69.37354988399072,False
short,4,AuI,0.7792071104049683,2.784222737819025,False
short,4,BaBr2,0.9659212827682495,22.73781902552204,False
short,4,BaCl2,0.9668711423873901,24.825986078886313,False
short,4,BaF2,0.9713016152381897,28.074245939675173,False
short,4,BaF3,0.9900243282318115,65.66125290023201,False
short,4,BaI2,0.9666571021080017,24.593967517401392,False
short,4,BeBr2,0.9645589590072632,21.57772621809745,False
short,4,BeCl2,0.9641434550285339,21.11368909512761,False
short,4,BeF2,0.952601432800293,18.329466357308586,False
short,4,BeI2,0.9636871814727783,20.417633410672853,False
short,4,Bi4I,0.34783098101615906,0.46403712296983757,False
short,4,Bi6Br7,0.8856126070022583,14.617169373549885,False
short,4,Bi6Cl7,0.8968035578727722,15.31322505800464,False
short,4,Bi9I2,0.3463692367076874,0.23201856148491878,False
short,4,BiBr3,0.9975794553756714,87.00696055684455,False
short,4,BiBr,0.8422231674194336,13.45707656612529,False
short,4,BiCl3,0.9972182512283325,85.84686774941996,False
short,4,BiF3,0.9807122945785522,41.53132250580047,False
short,4,BiF5,0.9909901022911072,68.67749419953596,False
short,4,BiI3,0.9986563324928284,92.80742459396751,False
short,4,BiI,0.849083423614502,13.68909512761021,False
short,4,CaBr2,0.981537401676178,44.31554524361949,False
short,4,CaCl2,0.9816053509712219,44.779582366589324,False
short,4,CaF2,0.9661476016044617,23.4338747099768,False
short,4,CaI2,0.9826081991195679,47.79582366589327,False
short,4,Cd13I28,0.9923775792121887,71.6937354988399,False
short,4,CdBr2,0.9841558337211609,50.580046403712295,False
short,4,CdCl2,0.9850438833236694,52.204176334106734,False
short,4,CdCl4,0.9600148797035217,19.25754060324826,False
short,4,CdF2,0.9661477208137512,24.361948955916475,False
short,4,CdI2,0.9914230108261108,69.60556844547564,False
short,4,Ce2Br5,0.9890482425689697,61.94895591647332,False
short,4,CeBr3,0.9816038608551025,44.5475638051044,False
short,4,CeCl3,0.9798699021339417,39.21113689095127,False
short,4,CeF3,0.97640460729599,32.94663573085847,False
short,4,CeF4,0.9882579445838928,59.62877030162414,False
short,4,CoBr2,0.9862645268440247,55.68445475638051,False
short,4,CoBr,0.6886653900146484,0.9280742459396751,False
short,4,CoCl2,0.9866206049919128,57.076566125290014,False
short,4,CoF2,0.9829114079475403,48.25986078886311,False
short,4,CoF3,0.9987093806266785,93.03944315545245,False
short,4,CoI2,0.9862465858459473,55.4524361948956,False
short,4,Cr2F5,0.9939342737197876,75.1740139211137,False
short,4,CrBr2,0.9803324341773987,40.835266821345705,False
short,4,CrBr3,0.9994097352027893,96.2877030162413,False
short,4,CrCl2,0.9793635010719299,37.58700696055685,False
short,4,CrCl3,0.9990285634994507,95.1276102088167,False
short,4,CrF2,0.980950117111206,42.459396751740144,False
short,4,CrF3,0.9988492131233215,93.96751740139212,False
short,4,CrF4,0.997140109539032,85.38283062645012,False
short,4,CrF5,0.9977864623069763,88.39907192575406,False
short,4,CrI2,0.9813748598098755,43.38747099767982,False
short,4,CsBr3,0.9478129148483276,18.097447795823665,False
short,4,CsBr,0.8047839403152466,8.120649651972158,False
short,4,CsCl,0.8047839403152466,8.120649651972158,False
short,4,CsF,0.8047838807106018,5.336426914153132,False
short,4,CsI3,0.9745820760726929,30.39443155452436,False
short,4,CsI4,0.9822326302528381,47.09976798143852,False
short,4,CsI,0.8047839403152466,8.120649651972158,False
short,4,CuBr2,0.9787275791168213,36.65893271461717,False
short,4,CuBr,0.818516194820404,11.600928074245939,False
short,4,CuCl2,0.9789646863937378,37.12296983758701,False
short,4,CuCl,0.8182340264320374,11.1368909512761,False
short,4,CuF2,0.9821025729179382,46.635730858468676,False
short,4,CuF,0.8184694647789001,11.36890951276102,False
short,4,CuI,0.8213890194892883,12.064965197215777,False
short,4,Dy5Cl11,0.9849042892456055,51.74013921113689,False
short,4,DyBr2,0.9728362560272217,29.23433874709977,False
short,4,DyCl3,0.989314079284668,63.341067285382834,False
short,4,Er4I5,0.8731232285499573,13.921113689095128,False
short,4,Er6I7,0.8875790238380432,15.081206496519723,False
short,4,ErF3,0.9768319725990295,34.106728538283065,False
short,4,EuBr2,0.9709835648536682,27.842227378190255,False
short,4,EuCl2,0.9654289484024048,22.2737819025522,False
short,4,EuCl3,0.9812405109405518,43.1554524361949,False
short,4,EuF2,0.9661476016044617,23.4338747099768,False
short,4,EuF3,0.9794525504112244,37.81902552204176,False
short,4,EuI2,0.9775049090385437,34.5707656612529,False
short,4,FeBr2,0.9861180782318115,54.060324825986086,False
short,4,FeBr3,0.9994680285453796,97.21577726218096,False
short,4,FeCl2,0.9861910939216614,54.75638051044084,False
short,4,FeCl3,1.0000001192092896,100.0,True
short,4,FeF2,0.9831344485282898,48.95591647331787,False
short,4,FeF3,0.998787522315979,93.50348027842227,False
short,4,FeI2,0.9858486652374268,53.36426914153132,False
short,4,Ga2I3,0.9092769622802734,15.54524361948956,False
short,4,Ga3Cl7,0.9842978715896606,50.81206496519721,False
short,4,GaBr2,0.9600991010665894,19.489559164733176,False
short,4,GaBr3,0.98783278465271,58.23665893271461,False
short,4,GaCl2,0.9591894745826721,19.02552204176334,False
short,4,GaCl3,1.000000238418579,100.0,True
short,4,GaF3,0.9988030791282654,93.50348027842227,True
short,4,GaI2,0.961056113243103,19.721577726218097,False
short,4,GaI3,0.9836742877960205,49.88399071925754,False
short,4,Gd2Br3,0.9370500445365906,16.473317865429234,False
short,4,Gd2Cl3,0.9407572150230408,17.16937354988399,False
short,4,GdBr3,0.9999064207077026,99.76798143851508,False
short,4,GdBr,0.8120229840278625,10.208816705336426,False
short,4,GdCl3,0.9820827841758728,46.403712296983755,False
short,4,HfCl4,0.9978888630867004,88.63109048723898,False
short,4,HfF4,0.9887779355049133,61.7169373549884,False
short,4,HfI3,0.9986258149147034,92.5754060324826,False
short,4,HfI4,0.9979642033576965,89.55916473317865,False
short,4,HgBr2,0.9574995636940002,18.793503480278424,False
short,4,HgBr,0.7380809187889099,1.3921113689095126,False
short,4,HgCl2,0.9474883079528809,17.865429234338748,False
short,4,HgCl,0.7397119402885437,1.6241299303944314,False
short,4,HgF2,0.9661477208137512,24.361948955916475,False
short,4,HgF,0.7635994553565979,2.088167053364269,False
short,4,HgI2,0.9817649126052856,45.011600928074245,False
short,4,HgI,0.7227998971939087,1.160092807424594,False
short,4,HoF3,0.9766477942466736,33.64269141531322,False
short,4,In2Cl3,0.9390921592712402,16.70533642691415,False
short,4,In4Br7,0.955080509185791,18.561484918793504,False
short,4,In5Br7,0.9238384962081909,15.777262180974477,False
short,4,In5Cl9,0.9349840879440308,16.241299303944317,False
short,4,In7Br9,0.8875604271888733,14.849187935034802,False
short,4,In7Cl9,0.8851776123046875,14.385150812064964,False
short,4,InBr2,0.9619685411453247,19.953596287703014,False
short,4,InBr3,0.9999999403953552,100.0,True
short,4,InBr,0.8020533323287964,4.176334106728538,False
short,4,InCl,0.8061994910240173,9.048723897911833,False
short,4,InF3,0.9985925555229187,92.34338747099768,False
short,4,InI2,0.9655430316925049,22.505800464037122,False
short,4,InI3,0.9830276370048523,48.49187935034803,True
short,4,InI,0.8017503619194031,3.944315545243619,False
short,4,IrBr3,0.9995384216308594,97.91183294663574,False
short,4,IrCl3,0.999473512172699,97.4477958236659,False
short,4,IrF3,0.9964488744735718,83.29466357308584,False
short,4,IrF4,0.9931475520133972,73.54988399071925,False
short,4,IrF6,0.9941923022270203,76.33410672853829,False
short,4,KBr,0.8047839403152466,8.120649651972158,False
short,4,KCl,0.8047838807106018,5.336426914153132,False
short,4,KF3,0.9660433530807495,22.96983758700696,False
short,4,KF5,0.9835737943649292,49.651972157772626,False
short,4,KF,0.8047839999198914,8.816705336426914,False
short,4,KI,0.8047839403152466,8.120649651972158,False
short,4,La2Br5,0.9885825514793396,61.02088167053365,False
short,4,La2I5,0.9907242655754089,67.98143851508121,False
short,4,LaBr2,0.9802058935165405,40.37122969837587,False
short,4,LaBr3,0.9804776906967163,41.067285382830626,False
short,4,LaBr,0.8210911750793457,11.832946635730858,False
short,4,LaCl3,0.9797027111053467,38.51508120649652,False
short,4,LaCl,0.822469174861908,12.529002320185615,False
short,4,LaF3,0.976101815700531,32.25058004640371,False
short,4,LaI2,0.9622498750686646,20.185614849187935,False
short,4,LaI3,0.987994909286499,58.46867749419954,False
short,4,LaI,0.7750070095062256,2.5522041763341066,False
short,4,LiBr,0.8047839403152466,8.120649651972158,False
short,4,LiCl,0.8047839403152466,8.120649651972158,False
short,4,LiF,0.8047839403152466,8.120649651972158,False
short,4,LiI,0.8228036761283875,12.993039443155451,False
short,4,MgBr2,0.9850997924804688,52.43619489559165,False
short,4,MgCl2,0.9864131808280945,56.380510440835266,False
short,4,MgF2,0.9823909401893616,47.56380510440835,False
short,4,MgI2,0.9850339293479919,51.972157772621806,False
short,4,MnBr2,0.9861409068107605,54.292343387471,False
short,4,MnCl2,0.9861988425254822,55.22041763341067,False
short,4,MnF2,0.9829136729240417,48.49187935034803,False
short,4,MnF3,0.9937989115715027,74.47795823665894,False
short,4,MnF4,0.9975366592407227,86.77494199535964,False
short,4,MnI2,0.985493540763855,52.66821345707656,False
short,4,MoBr2,0.970121443271637,26.91415313225058,False
short,4,MoCl2,0.9717641472816467,28.306264501160094,False
short,4,MoCl3,0.9984145164489746,91.64733178654292,False
short,4,MoCl4,0.9980652332305908,90.02320185614849,False
short,4,MoCl5,0.999705970287323,98.60788863109049,False
short,4,MoF3,0.9985135793685913,92.11136890951276,False
short,4,MoF5,0.9995705485343933,98.14385150812065,False
short,4,MoF6,0.9963229298591614,82.5986078886311,False
short,4,MoI2,0.9676176905632019,25.290023201856147,False
short,4,NaBr,0.8047838807106018,5.336426914153132,False
short,4,NaCl3,0.9748308062553406,30.62645011600928,False
short,4,NaCl,0.8047839403152466,8.120649651972158,False
short,4,NaF,0.8047839999198914,8.816705336426914,False
short,4,NaI,0.814598798751831,10.904872389791183,False
short,4,Nb2F5,0.9902650713920593,66.35730858468676,False
short,4,Nb3Br8,0.9980550408363342,89.79118329466357,False
short,4,Nb3Cl7,0.9912393689155579,69.1415313225058,False
short,4,Nb3Cl8,0.9983856678009033,91.1832946635731,False
short,4,Nb3I8,0.9979637861251831,89.32714617169374,False
short,4,Nb6I11,0.9676368832588196,25.52204176334107,False
short,4,NbBr4,0.9939600229263306,75.4060324825986,False
short,4,NbBr5,0.9989626407623291,94.43155452436194,False
short,4,NbCl4,0.9944018721580505,76.79814385150812,False
short,4,NbCl5,0.9999269843101501,100.0,False
short,4,NbF3,0.9897143840789795,64.50116009280742,False
short,4,NbF4,0.9929978251457214,73.08584686774941,False
short,4,NbF5,0.9979291558265686,88.8631090487239,False
short,4,NbI3,0.9983928203582764,91.415313225058,False
short,4,NbI4,0.994434118270874,77.03016241299304,False
short,4,NbI5,0.996779203414917,84.22273781902551,False
short,4,Nd4Br9,0.9837300777435303,50.11600928074246,False
short,4,NdBr3,0.9875139594078064,58.0046403712297,False
short,4,NdCl2,0.9692309498786926,26.450116009280745,False
short,4,NdCl3,0.9802922606468201,40.60324825986079,False
short,4,NdF3,0.9758716821670532,32.01856148491879,False
short,4,NdI2,0.9638857841491699,20.649651972157773,False
short,4,NiBr2,0.9860628247261047,53.82830626450116,False
short,4,NiCl2,0.9865261912345886,56.8445475638051,False
short,4,NiF2,0.9823204874992371,47.33178654292343,False
short,4,NiF3,0.9979468584060669,89.0951276102088,False
short,4,NiI2,0.9861928224563599,54.988399071925755,False
short,4,NpBr3,0.98846036195755,60.556844547563806,False
short,4,NpCl3,0.9796469211578369,38.05104408352668,False
short,4,NpF3,0.976176381111145,32.48259860788863,False
short,4,NpF4,0.9881829619407654,59.164733178654295,False
short,4,NpI3,0.988649308681488,61.25290023201856,False
short,4,OsBr4,0.9960639476776123,81.90255220417633,False
short,4,OsCl4,0.9935047030448914,74.0139211136891,False
short,4,OsF5,0.996355414390564,83.06264501160094,False
short,4,OsF6,0.9945626258850098,77.49419953596288,False
short,4,PaBr4,0.9906711578369141,67.74941995359629,False
short,4,PaBr5,0.9940541386604309,76.10208816705337,False
short,4,PaCl4,0.9903905391693115,66.8213457076566,False
short,4,PaCl5,0.99314284324646,73.31786542923435,False
short,4,PbBr2,0.9752787351608276,31.554524361948953,False
short,4,PbCl2,0.9726669788360596,29.00232018561485,False
short,4,PbCl4,0.995090126991272,80.04640371229699,False
short,4,PbF2,0.9695922136306763,26.68213457076566,False
short,4,PbF4,0.9947906136512756,78.88631090487239,False
short,4,PbI2,0.9818141460418701,45.707656612529,False
short,4,PdBr2,0.9724529385566711,28.770301624129928,False
short,4,PdCl2,0.9757027626037598,31.786542923433874,False
short,4,PdF2,0.9820579290390015,46.17169373549884,False
short,4,PdF3,0.997165322303772,85.61484918793504,False
short,4,PdF4,0.9924260377883911,71.92575406032483,False
short,4,PdI2,0.9799410700798035,39.675174013921115,False
short,4,Pr2Br5,0.988389790058136,60.092807424593964,False
short,4,Pr2I5,0.9919736385345459,70.76566125290023,False
short,4,PrBr3,0.9808488488197327,41.9953596287703,False
short,4,PrCl3,0.9799504280090332,39.90719257540603,False
short,4,PrF3,0.9751881957054138,31.322505800464036,False
short,4,PrI2,0.9765221476554871,33.17865429234338,False
short,4,Pt3I8,0.9963358044624329,82.830626450116,False
short,4,PtBr3,0.9969727993011475,84.45475638051045,False
short,4,PtCl2,0.9751549363136292,31.09048723897912,False
short,4,PtCl3,0.9965830445289612,83.75870069605568,False
short,4,PtCl4,0.9810497760772705,42.69141531322506,False
short,4,PtF4,0.993853747844696,74.70997679814386,False
short,4,PtF5,0.9914824366569519,69.83758700696056,False
short,4,PtF6,0.9887250065803528,61.48491879350348,False
short,4,PtI2,0.978411853313446,35.96287703016242,False
short,4,PtI3,0.9949508309364319,79.58236658932715,False
short,4,PtI4,0.9937345385551453,74.24593967517401,False
short,4,PuBr3,0.9881948828697205,59.39675174013921,False
short,4,PuCl3,0.9796774983406067,38.2830626450116,False
short,4,PuF3,0.9766921997070312,33.874709976798144,False
short,4,PuI3,0.9885814189910889,60.78886310904872,False
short,4,RbBr,0.8047838807106018,5.336426914153132,False
short,4,RbCl,0.8047839403152466,8.120649651972158,False
short,4,RbF,0.7831857204437256,3.0162412993039442,False
short,4,RbI3,0.9811335206031799,42.92343387470998,False
short,4,RbI,0.8047839999198914,8.816705336426914,False
short,4,ReCl3,0.9939830899238586,75.63805104408353,False
short,4,ReCl4,0.9959397912025452,81.4385150812065,False
short,4,ReCl5,0.9992245435714722,95.82366589327145,False
short,4,ReCl6,0.9927157759666443,72.62180974477958,False
short,4,ReF7,0.98948073387146,63.57308584686775,False
short,4,ReI3,0.994701623916626,78.19025522041764,False
short,4,RhBr3,0.9995867013931274,98.37587006960557,False
short,4,RhCl3,0.9994152784347534,96.51972157772622,False
short,4,RhF3,0.9989801645278931,94.66357308584686,False
short,4,RhF5,0.9966634511947632,83.9907192575406,False
short,4,RuBr3,0.9977680444717407,87.93503480278422,False
short,4,RuCl3,0.999110758304596,95.59164733178655,False
short,4,RuF3,0.9983317852020264,90.71925754060325,False
short,4,RuF4,0.9918580055236816,70.53364269141531,False
short,4,RuF5,0.9977846741676331,88.16705336426914,False
short,4,Sc5Cl8,0.9774219989776611,34.33874709976798,False
short,4,Sc7Cl10,0.9832636713981628,49.187935034802784,False
short,4,Sc7Cl12,0.9643723368644714,21.34570765661253,False
short,4,ScCl3,0.9994481801986694,96.98375870069606,False
short,4,ScCl,0.80107182264328,3.7122969837587005,False
short,4,ScF3,0.9907525181770325,68.44547563805105,False
short,4,Sm11Br24,0.9843409657478333,51.04408352668214,False
short,4,Sm5Br11,0.982824444770813,48.027842227378194,False
short,4,Sm6Br13,0.9814809560775757,43.851508120649655,False
short,4,SmBr3,0.9884455800056458,60.32482598607889,False
short,4,SmCl2,0.9706504344940186,27.1461716937355,False
short,4,SmF3,0.976539671421051,33.4106728538283,False
short,4,SmI2,0.9737120270729065,29.466357308584683,False
short,4,Sn3F8,0.9907280206680298,68.21345707656613,False
short,4,SnBr2,0.9874202013015747,57.772621809744784,False
short,4,SnBr4,0.9922075867652893,70.99767981438515,False
short,4,SnCl2,0.9782260656356812,35.498839907192576,True
short,4,SnCl4,0.9901446104049683,65.89327146171694,False
short,4,SnF2,0.9689056277275085,25.986078886310903,False
short,4,SnF3,0.9737526178359985,29.698375870069604,False
short,4,SnF4,0.9943241477012634,76.5661252900232,False
short,4,SnI2,0.9777803421020508,34.80278422273782,False
short,4,SnI3,0.9951285719871521,80.2784222737819,False
short,4,SnI4,0.9940333962440491,75.87006960556845,False
short,4,SrBr2,0.9782069325447083,35.498839907192576,False
short,4,SrCl2,0.9661477208137512,24.361948955916475,False
short,4,SrF2,0.978492021560669,36.19489559164733,False
short,4,SrF3,0.9901836514472961,66.12529002320186,False
short,4,SrI2,0.9779488444328308,35.03480278422274,False
short,4,Ta2Br5,0.9910966157913208,68.90951276102089,False
short,4,Ta2Cl5,0.9898154735565186,65.19721577726219,False
short,4,Ta3Br7,0.9891858696937561,62.64501160092807,False
short,4,Ta3I7,0.9871347546577454,57.30858468677494,False
short,4,TaBr5,0.9994168281555176,96.75174013921114,False
short,4,TaCl3,0.9741681218147278,29.930394431554525,False
short,4,TaCl4,0.9946168065071106,77.9582366589327,False
short,4,TaCl5,1.0,100.0,True
short,4,TaF3,0.9897143840789795,64.50116009280742,False
short,4,TaF5,0.9982972145080566,90.48723897911833,False
short,4,TaI4,0.9961891770362854,82.36658932714617,False
short,4,TaI5,0.9974714517593384,86.3109048723898,False
short,4,Tb4F15,0.9929434657096863,72.8538283062645,False
short,4,Tb5Br8,0.9750474095344543,30.8584686774942,False
short,4,Tb6Br7,0.8771618604660034,14.153132250580047,False
short,4,TbBr,0.8140535950660706,10.672853828306264,False
short,4,TbCl3,0.9984901547431946,91.87935034802784,False
short,4,TbCl,0.8254883885383606,13.225058004640372,False
short,4,TbF3,0.9763870239257812,32.71461716937355,False
short,4,TcBr4,0.9974743127822876,86.5429234338747,False
short,4,TcCl3,0.9990023970603943,94.89559164733178,False
short,4,TcCl4,0.9982793927192688,90.25522041763341,False
short,4,Th2Br5,0.9897615313529968,64.96519721577727,False
short,4,ThBr4,0.9892957806587219,63.10904872389791,False
short,4,ThCl4,0.9890586733818054,62.18097447795824,False
short,4,ThF4,0.9881222248077393,58.70069605568445,False
short,4,ThI2,0.9653488397598267,22.041763341067284,False
short,4,ThI3,0.9926510453224182,72.38979118329466,False
short,4,ThI4,0.9904029965400696,67.05336426914154,False
short,4,Ti7Br16,0.9945890307426453,77.7262180974478,False
short,4,Ti7Cl16,0.9944540858268738,77.26218097447796,False
short,4,TiBr2,0.9848552346229553,51.508120649651964,False
short,4,TiBr3,0.9977431893348694,87.47099767981439,False
short,4,TiBr4,0.9814740419387817,43.619489559164734,False
short,4,TiCl2,0.9845154881477356,51.27610208816705,False
short,4,TiCl3,0.9991025328636169,95.35962877030161,False
short,4,TiCl4,0.9783246517181396,35.730858468677496,False
short,4,TiF2,0.9661477208137512,24.361948955916475,False
short,4,TiF3,0.9897446036338806,64.73317865429235,False
short,4,TiF4,0.9955126047134399,80.97447795823666,False
short,4,TiI3,0.9969891905784607,84.68677494199535,False
short,4,TiI4,0.9973087906837463,86.07888631090486,False
short,4,Tl2Br3,0.9440010786056519,17.633410672853827,False
short,4,Tl2Cl3,0.9404962062835693,16.937354988399072,False
short,4,TlBr2,0.968123197555542,25.754060324825982,False
short,4,TlBr3,0.9708384871482849,27.610208816705335,False
short,4,TlBr,0.810673177242279,9.976798143851507,False
short,4,TlCl2,0.9646587371826172,21.809744779582367,False
short,4,TlCl3,0.924087405204773,16.009280742459396,False
short,4,TlCl,0.8100370168685913,9.744779582366588,False
short,4,TlF3,0.985869824886322,53.596287703016245,False
short,4,TlF,0.7861459255218506,3.248259860788863,False
short,4,TlI3,0.9863036274909973,55.91647331786543,False
short,4,TlI,0.8090378642082214,9.51276102088167,False
short,4,Tm7Cl15,0.9834731221199036,49.419953596287705,False
short,4,TmCl2,0.9722074866294861,28.538283062645007,False
short,4,TmCl3,0.9977625608444214,87.70301624129931,False
short,4,TmI2,0.9808863401412964,42.22737819025522,False
short,4,U2F9,0.9839510917663574,50.34802784222738,False
short,4,UBr3,0.9818081855773926,45.243619489559165,False
short,4,UBr4,0.9953923225402832,80.74245939675174,False
short,4,UBr5,0.9938624501228333,74.94199535962876,False
short,4,UCl3,0.9807520508766174,41.76334106728538,False
short,4,UCl4,0.9916447997093201,70.06960556844548,False
short,4,UCl5,0.99708092212677,84.91879350348029,False
short,4,UCl6,0.992332398891449,71.46171693735499,False
short,4,UF3,0.9742125272750854,30.162412993039446,False
short,4,UF4,0.9890984296798706,62.41299303944315,False
short,4,UF5,0.9960773587226868,82.13457076566125,False
short,4,UF6,0.9873635172843933,57.540603248259856,False
short,4,UI3,0.9882824420928955,59.86078886310905,False
short,4,UI4,0.9922281503677368,71.22969837587007,False
short,4,VBr2,0.9857878088951111,52.90023201856149,False
short,4,VCl2,0.98634272813797,56.148491879350345,False
short,4,VCl3,0.9993717670440674,96.05568445475639,False
short,4,VCl4,0.9798233509063721,38.97911832946635,False
short,4,VCl5,0.9998750686645508,99.53596287703016,False
short,4,VF2,0.9821780323982239,46.8677494199536,False
short,4,VF3,0.9983476400375366,90.95127610208816,False
short,4,VF4,0.9971145391464233,85.1508120649652,False
short,4,VF5,0.9987280368804932,93.27146171693735,False
short,4,VI2,0.986164927482605,54.524361948955914,False
short,4,W15I47,0.9899072647094727,65.4292343387471,False
short,4,W2Br5,0.9905534982681274,67.51740139211137,False
short,4,W3Br7,0.9670692682266235,25.05800464037123,False
short,4,W3Br8,0.9806705713272095,41.29930394431555,False
short,4,W3I8,0.9949454069137573,79.35034802784223,False
short,4,W5I16,0.9895729422569275,63.80510440835266,False
short,4,WBr2,0.9706524610519409,27.37819025522042,False
short,4,WBr4,0.9947410225868225,78.42227378190255,False
short,4,WBr5,0.9997932314872742,98.83990719257541,False
short,4,WBr6,0.9925031065940857,72.15777262180974,False
short,4,WCl3,0.9951435327529907,80.51044083526682,False
short,4,WCl4,0.9947885870933533,78.65429234338747,False
short,4,WCl5,0.9998189806938171,99.07192575406032,False
short,4,WCl6,0.9965697526931763,83.52668213457076,False
short,4,WF6,0.995826005935669,81.20649651972158,False
short,4,WI3,0.9949277639389038,79.11832946635731,False
short,4,WI4,0.9950518012046814,79.81438515081206,False
short,4,Y2Cl3,0.941857099533081,17.40139211136891,False
short,4,YCl3,0.9998430013656616,99.30394431554525,False
short,4,YCl,0.8219939470291138,12.296983758700696,False
short,4,YF3,0.9785079956054688,36.42691415313225,False
short,4,YI3,0.9995282888412476,97.6798143851508,False
short,4,YI,0.8037909269332886,4.408352668213457,False
short,4,YbBr2,0.97891765832901,36.89095127610209,False
short,4,YbF3,0.97972571849823,38.74709976798144,False
short,4,YbI2,0.9818098545074463,45.47563805104408,False
short,4,ZnBr2,0.9820219874382019,45.93967517401392,False
short,4,ZnCl2,0.9668008685112,24.593967517401392,True
short,4,ZnF2,0.9831035733222961,48.72389791183295,False
short,4,ZnI2,0.9641394019126892,20.88167053364269,False
short,4,Zr2Cl5,0.9904983639717102,67.28538283062645,False
short,4,ZrBr2,0.9780939221382141,35.266821345707655,False
short,4,ZrBr3,0.9988067150115967,93.7354988399072,False
short,4,ZrBr,0.7995298504829407,3.480278422273782,False
short,4,ZrCl2,0.9798937439918518,39.443155452436194,False
short,4,ZrCl3,0.9989001154899597,94.19953596287704,False
short,4,ZrCl4,0.9980684518814087,90.02320185614849,True
short,4,ZrCl,0.8124365210533142,10.440835266821345,False
short,4,ZrF4,0.990265429019928,66.5893271461717,False
short,4,ZrI2,0.9857917428016663,53.1322505800464,False
short,4,ZrI4,0.99767005443573,87.23897911832947,False
baseline,4,AcBr3,0.990044116973877,54.292343387471,False
baseline,4,AcCl3,0.9903240203857422,57.076566125290014,False
baseline,4,Ag2F5,0.9946629405021667,77.26218097447796,False
baseline,4,Ag2F,0.449382483959198,0.6960556844547563,False
baseline,4,Ag3F8,0.9948139190673828,78.42227378190255,False
baseline,4,AgBr,0.7886766195297241,12.296983758700696,False
baseline,4,AgCl,0.7886766195297241,12.296983758700696,False
baseline,4,AgF2,0.9791305661201477,33.17865429234338,False
baseline,4,AgF,0.7886765599250793,7.65661252900232,False
baseline,4,AgI,0.7886766195297241,12.296983758700696,False
baseline,4,AlBr3,0.997227668762207,86.07888631090486,True
baseline,4,AlCl3,0.9992119073867798,93.50348027842227,True
baseline,4,AlF3,0.9976478815078735,87.93503480278422,False
baseline,4,AlI3,0.9854734539985657,48.027842227378194,False
baseline,4,Au3F8,0.9939696788787842,73.78190255220419,False
baseline,4,AuBr3,0.9929089546203613,68.90951276102089,False
baseline,4,AuBr,0.7736455798149109,3.248259860788863,False
baseline,4,AuCl2,0.9701681733131409,21.57772621809745,False
baseline,4,AuCl3,0.9900445938110352,54.524361948955914,False
baseline,4,AuCl,0.7626914978027344,0.9280742459396751,False
baseline,4,AuF5,0.9937713742256165,72.15777262180974,False
baseline,4,AuI,0.777506411075592,3.944315545243619,False
baseline,4,BaBr2,0.9738596677780151,23.665893271461716,False
baseline,4,BaCl2,0.9762575626373291,27.610208816705335,False
baseline,4,BaF2,0.9762576818466187,28.770301624129928,False
baseline,4,BaF3,0.9924517869949341,67.51740139211137,False
baseline,4,BaI2,0.9739772081375122,23.897911832946637,False
baseline,4,BeBr2,0.9527199268341064,18.561484918793504,False
baseline,4,BeCl2,0.9786036014556885,31.786542923433874,False
baseline,4,BeF2,0.9615198969841003,19.489559164733176,False
baseline,4,BeI2,0.9729547500610352,23.201856148491878,False
baseline,4,Bi4I,0.26588571071624756,0.46403712296983757,False
baseline,4,Bi6Br7,0.8615808486938477,14.617169373549885,False
baseline,4,Bi6Cl7,0.8604344129562378,14.385150812064964,False
baseline,4,Bi9I2,0.2633967995643616,0.23201856148491878,False
baseline,4,BiBr3,0.9972744584083557,86.5429234338747,False
baseline,4,BiBr,0.7893191576004028,12.761020881670534,False
baseline,4,BiCl3,0.998194694519043,89.0951276102088,False
baseline,4,BiF3,0.9909691214561462,60.556844547563806,False
baseline,4,BiF5,0.9888707399368286,51.27610208816705,False
baseline,4,BiI3,0.9992504715919495,94.43155452436194,False
baseline,4,BiI,0.7846137285232544,5.56844547563805,False
baseline,4,CaBr2,0.9805676341056824,36.89095127610209,False
baseline,4,CaCl2,0.9807242155075073,37.81902552204176,False
baseline,4,CaF2,0.9762576818466187,28.770301624129928,False
baseline,4,CaI2,0.981373131275177,43.1554524361949,False
baseline,4,Cd13I28,0.9941607713699341,75.4060324825986,False
baseline,4,CdBr2,0.9816214442253113,44.31554524361949,False
baseline,4,CdCl2,0.981110692024231,40.60324825986079,False
baseline,4,CdCl4,0.9540488719940186,18.793503480278424,False
baseline,4,CdF2,0.9762575626373291,27.610208816705335,False
baseline,4,CdI2,0.996078372001648,81.67053364269141,False
baseline,4,Ce2Br5,0.992246150970459,64.96519721577727,False
baseline,4,CeBr3,0.9907088875770569,59.164733178654295,False
baseline,4,CeCl3,0.9902257323265076,56.148491879350345,False
baseline,4,CeF3,0.9900094866752625,54.060324825986086,False
baseline,4,CeF4,0.9899595975875854,53.596287703016245,False
baseline,4,CoBr2,0.9808716773986816,38.51508120649652,False
baseline,4,CoBr,0.7875461578369141,6.0324825986078885,False
baseline,4,CoCl2,0.9806180596351624,37.58700696055685,False
baseline,4,CoF2,0.9800013303756714,33.64269141531322,False
baseline,4,CoF3,0.9992551207542419,94.89559164733178,False
baseline,4,CoI2,0.980912446975708,38.97911832946635,False
baseline,4,Cr2F5,0.9940986037254333,74.70997679814386,False
baseline,4,CrBr2,0.9778553247451782,31.09048723897912,False
baseline,4,CrBr3,0.9995089173316956,96.98375870069606,False
baseline,4,CrCl2,0.9741859436035156,24.361948955916475,False
baseline,4,CrCl3,0.9994866847991943,96.75174013921114,False
baseline,4,CrF2,0.9772675037384033,29.466357308584683,False
baseline,4,CrF3,0.9992175102233887,93.96751740139212,False
baseline,4,CrF4,0.995692253112793,80.2784222737819,False
baseline,4,CrF5,0.9923450946807861,65.89327146171694,False
baseline,4,CrI2,0.9777182340621948,30.62645011600928,False
baseline,4,CsBr3,0.9701830744743347,21.809744779582367,False
baseline,4,CsBr,0.7886766195297241,12.296983758700696,False
baseline,4,CsCl,0.7886765599250793,7.65661252900232,False
baseline,4,CsF,0.7886766195297241,12.296983758700696,False
baseline,4,CsI3,0.9845000505447388,46.8677494199536,False
baseline,4,CsI4,0.981410562992096,43.38747099767982,False
baseline,4,CsI,0.7886765003204346,6.728538283062645,False
baseline,4,CuBr2,0.9748885631561279,25.290023201856147,False
baseline,4,CuBr,0.7886766195297241,12.296983758700696,False
baseline,4,CuCl2,0.974195122718811,24.825986078886313,False
baseline,4,CuCl,0.7886766195297241,12.296983758700696,False
baseline,4,CuF2,0.9773679971694946,29.930394431554525,False
baseline,4,CuF,0.7749027609825134,3.7122969837587005,False
baseline,4,CuI,0.7799844145774841,4.176334106728538,False
baseline,4,Dy5Cl11,0.9867898225784302,49.419953596287705,False
baseline,4,DyBr2,0.9777637124061584,30.8584686774942,False
baseline,4,DyCl3,0.9943438172340393,76.10208816705337,False
baseline,4,Er4I5,0.8742814064025879,14.849187935034802,False
baseline,4,Er6I7,0.849322497844696,13.921113689095128,False
baseline,4,ErF3,0.9897691011428833,52.66821345707656,False
baseline,4,EuBr2,0.9780232906341553,31.554524361948953,False
baseline,4,EuCl2,0.9741231203079224,24.129930394431554,False
baseline,4,EuCl3,0.990764319896698,59.62877030162414,False
baseline,4,EuF2,0.9762576222419739,28.074245939675173,False
baseline,4,EuF3,0.9913400411605835,61.25290023201856,False
baseline,4,EuI2,0.9788468480110168,32.01856148491879,False
baseline,4,FeBr2,0.9809666872024536,39.90719257540603,False
baseline,4,FeBr3,0.9995529651641846,97.91183294663574,False
baseline,4,FeCl2,0.9810397028923035,40.37122969837587,False
baseline,4,FeCl3,0.9999998807907104,100.0,True
baseline,4,FeF2,0.9789090156555176,32.25058004640371,False
baseline,4,FeF3,0.9990894794464111,92.5754060324826,False
baseline,4,FeI2,0.9811716079711914,41.53132250580047,False
baseline,4,Ga2I3,0.9220007658004761,15.777262180974477,False
baseline,4,Ga3Cl7,0.9829232692718506,46.17169373549884,False
baseline,4,GaBr2,0.9624910354614258,20.185614849187935,False
baseline,4,GaBr3,0.9852659702301025,47.56380510440835,False
baseline,4,GaCl2,0.9501265287399292,18.097447795823665,False
baseline,4,GaCl3,0.9999998211860657,100.0,True
baseline,4,GaF3,0.9991203546524048,92.5754060324826,True
baseline,4,GaI2,0.9738034605979919,23.4338747099768,False
baseline,4,GaI3,0.9817184209823608,44.5475638051044,False
baseline,4,Gd2Br3,0.9245662689208984,16.009280742459396,False
baseline,4,Gd2Cl3,0.925953209400177,16.473317865429234,False
baseline,4,GdBr3,0.9999415874481201,100.0,False
baseline,4,GdBr,0.7670135498046875,1.8561484918793503,False
baseline,4,GdCl3,0.990878164768219,60.092807424593964,False
baseline,4,HfCl4,0.9998270869255066,99.53596287703016,False
baseline,4,HfF4,0.9901552796363831,54.988399071925755,False
baseline,4,HfI3,0.9992592930793762,95.1276102088167,False
baseline,4,HfI4,0.9995372891426086,97.4477958236659,False
baseline,4,HgBr2,0.961667537689209,19.721577726218097,False
baseline,4,HgBr,0.7995303869247437,13.68909512761021,False
baseline,4,HgCl2,0.9597654342651367,19.25754060324826,False
baseline,4,HgCl,0.7972838878631592,13.225058004640372,False
baseline,4,HgF2,0.9762575626373291,27.610208816705335,False
baseline,4,HgF,0.7739789485931396,3.480278422273782,False
baseline,4,HgI2,0.9750022292137146,25.52204176334107,False
baseline,4,HgI,0.7986866235733032,13.45707656612529,False
baseline,4,HoF3,0.9897451400756836,52.204176334106734,False
baseline,4,In2Cl3,0.9320833086967468,16.937354988399072,False
baseline,4,In4Br7,0.9691483974456787,21.11368909512761,False
baseline,4,In5Br7,0.9127601385116577,15.54524361948956,False
baseline,4,In5Cl9,0.9621701240539551,19.953596287703014,False
baseline,4,In7Br9,0.8867751359939575,15.081206496519723,False
baseline,4,In7Cl9,0.8894097805023193,15.31322505800464,False
baseline,4,InBr2,0.9673520922660828,20.88167053364269,False
baseline,4,InBr3,0.9999999403953552,100.0,True
baseline,4,InBr,0.7835564613342285,4.640371229698376,False
baseline,4,InCl,0.7932178974151611,12.993039443155451,False
baseline,4,InF3,0.999251127243042,94.66357308584686,False
baseline,4,InI2,0.9704196453094482,22.041763341067284,False
baseline,4,InI3,0.9795076847076416,33.17865429234338,True
baseline,4,InI,0.7844852805137634,5.336426914153132,False
baseline,4,IrBr3,0.9997643232345581,99.07192575406032,False
baseline,4,IrCl3,0.9997187256813049,98.83990719257541,False
baseline,4,IrF3,0.9982950687408447,89.79118329466357,False
baseline,4,IrF4,0.993927538394928,73.08584686774941,False
baseline,4,IrF6,0.9921018481254578,63.80510440835266,False
baseline,4,KBr,0.7886765599250793,7.65661252900232,False
baseline,4,KCl,0.7886766195297241,12.296983758700696,False
baseline,4,KF3,0.9814949035644531,43.619489559164734,False
baseline,4,KF5,0.9816105365753174,44.08352668213457,False
baseline,4,KF,0.7886766195297241,12.296983758700696,False
baseline,4,KI,0.7886766195297241,12.296983758700696,False
baseline,4,La2Br5,0.9921166896820068,64.2691415313225,False
baseline,4,La2I5,0.9927908778190613,68.67749419953596,False
baseline,4,LaBr2,0.9802644848823547,34.80278422273782,False
baseline,4,LaBr3,0.9903939962387085,57.540603248259856,False
baseline,4,LaBr,0.768536388874054,2.088167053364269,False
baseline,4,LaCl3,0.9901797771453857,55.68445475638051,False
baseline,4,LaCl,0.7828154563903809,4.408352668213457,False
baseline,4,LaF3,0.9902175664901733,55.91647331786543,False
baseline,4,LaI2,0.9758689403533936,26.450116009280745,False
baseline,4,LaI3,0.9938623905181885,72.38979118329466,False
baseline,4,LaI,0.7840633392333984,5.104408352668213,False
baseline,4,LiBr,0.7886766195297241,12.296983758700696,False
baseline,4,LiCl,0.7886766195297241,12.296983758700696,False
baseline,4,LiF,0.7886766195297241,12.296983758700696,False
baseline,4,LiI,0.7892822027206421,12.529002320185615,False
baseline,4,MgBr2,0.9813206195831299,42.459396751740144,False
baseline,4,MgCl2,0.9811367988586426,40.835266821345705,False
baseline,4,MgF2,0.980276346206665,35.03480278422274,False
baseline,4,MgI2,0.9813721179962158,42.92343387470998,False
baseline,4,MnBr2,0.9813181161880493,42.22737819025522,False
baseline,4,MnCl2,0.9809360504150391,39.21113689095127,False
baseline,4,MnF2,0.9802901744842529,35.498839907192576,False
baseline,4,MnF3,0.996359646320343,83.06264501160094,False
baseline,4,MnF4,0.9980901479721069,88.8631090487239,False
baseline,4,MnI2,0.9812835454940796,41.9953596287703,False
baseline,4,MoBr2,0.9827263355255127,45.93967517401392,False
baseline,4,MoCl2,0.9833129644393921,46.403712296983755,False
baseline,4,MoCl3,0.9988208413124084,91.415313225058,False
baseline,4,MoCl4,0.9987816214561462,90.95127610208816,False
baseline,4,MoCl5,0.9977617263793945,88.16705336426914,False
baseline,4,MoF3,0.9992225170135498,94.19953596287704,False
baseline,4,MoF5,0.9959621429443359,81.20649651972158,False
baseline,4,MoF6,0.991595983505249,61.48491879350348,False
baseline,4,MoI2,0.9820929765701294,44.779582366589324,False
baseline,4,NaBr,0.7886766195297241,12.296983758700696,False
baseline,4,NaCl3,0.985649585723877,48.25986078886311,False
baseline,4,NaCl,0.7886766195297241,12.296983758700696,False
baseline,4,NaF,0.7886765003204346,6.728538283062645,False
baseline,4,NaI,0.7886766195297241,12.296983758700696,False
baseline,4,Nb2F5,0.9952961206436157,79.81438515081206,False
baseline,4,Nb3Br8,0.9982629418373108,89.32714617169374,False
baseline,4,Nb3Cl7,0.9927332401275635,68.44547563805105,False
baseline,4,Nb3Cl8,0.997817873954773,88.63109048723898,False
baseline,4,Nb3I8,0.9983184337615967,90.25522041763341,False
baseline,4,Nb6I11,0.9741895794868469,24.593967517401392,False
baseline,4,NbBr4,0.9958829879760742,80.74245939675174,False
baseline,4,NbBr5,0.9973681569099426,87.23897911832947,False
baseline,4,NbCl4,0.9969682097434998,85.38283062645012,False
baseline,4,NbCl5,0.997782289981842,88.39907192575406,False
baseline,4,NbF3,0.992626428604126,67.98143851508121,False
baseline,4,NbF4,0.9929353594779968,69.1415313225058,False
baseline,4,NbF5,0.994606614112854,76.79814385150812,False
baseline,4,NbI3,0.9991949200630188,93.27146171693735,False
baseline,4,NbI4,0.9943140149116516,75.87006960556845,False
baseline,4,NbI5,0.9962946772575378,82.5986078886311,False
baseline,4,Nd4Br9,0.9874639511108398,50.11600928074246,False
baseline,4,NdBr3,0.993592381477356,71.22969837587007,False
baseline,4,NdCl2,0.9766938090324402,29.23433874709977,False
baseline,4,NdCl3,0.9903459548950195,57.30858468677494,False
baseline,4,NdF3,0.9896485805511475,51.972157772621806,False
baseline,4,NdI2,0.9762491583824158,26.68213457076566,False
baseline,4,NiBr2,0.9805231690406799,36.65893271461717,False
baseline,4,NiCl2,0.9805711507797241,37.12296983758701,False
baseline,4,NiF2,0.9802849292755127,35.266821345707655,False
baseline,4,NiF3,0.9988702535629272,91.87935034802784,False
baseline,4,NiI2,0.9806024432182312,37.35498839907193,False
baseline,4,NpBr3,0.9939398169517517,73.31786542923435,False
baseline,4,NpCl3,0.9901630878448486,55.22041763341067,False
baseline,4,NpF3,0.9902678728103638,56.61252900232019,False
baseline,4,NpF4,0.9899225234985352,53.36426914153132,False
baseline,4,NpI3,0.9941357970237732,75.1740139211137,False
baseline,4,OsBr4,0.9985694885253906,90.48723897911833,False
baseline,4,OsCl4,0.9982834458351135,89.55916473317865,False
baseline,4,OsF5,0.995783805847168,80.51044083526682,False
baseline,4,OsF6,0.9924035668373108,66.8213457076566,False
baseline,4,PaBr4,0.9917377829551697,62.41299303944315,False
baseline,4,PaBr5,0.9950354695320129,79.35034802784223,False
baseline,4,PaCl4,0.9916063547134399,61.7169373549884,False
baseline,4,PaCl5,0.9961586594581604,82.13457076566125,False
baseline,4,PbBr2,0.9757952094078064,26.218097447795824,False
baseline,4,PbCl2,0.975432813167572,25.754060324825982,False
baseline,4,PbCl4,0.9842401742935181,46.635730858468676,False
baseline,4,PbF2,0.9762575626373291,27.610208816705335,False
baseline,4,PbF4,0.994712233543396,77.9582366589327,False
baseline,4,PbI2,0.9815881848335266,43.851508120649655,False
baseline,4,PdBr2,0.9709795713424683,22.505800464037122,False
baseline,4,PdCl2,0.9804927706718445,36.42691415313225,False
baseline,4,PdF2,0.9801204204559326,34.33874709976798,False
baseline,4,PdF3,0.9968224763870239,84.91879350348029,False
baseline,4,PdF4,0.9936214089393616,71.46171693735499,False
baseline,4,PdI2,0.9742281436920166,25.05800464037123,False
baseline,4,Pr2Br5,0.9922711849212646,65.19721577726219,False
baseline,4,Pr2I5,0.9930680990219116,70.06960556844548,False
baseline,4,PrBr3,0.9904883503913879,58.23665893271461,False
baseline,4,PrCl3,0.9902496933937073,56.380510440835266,False
baseline,4,PrF3,0.9895633459091187,51.74013921113689,False
baseline,4,PrI2,0.9807612895965576,38.05104408352668,False
baseline,4,Pt3I8,0.9944578409194946,76.5661252900232,False
baseline,4,PtBr3,0.9970943927764893,85.84686774941996,False
baseline,4,PtCl2,0.9803454875946045,35.96287703016242,False
baseline,4,PtCl3,0.9971991777420044,86.07888631090486,False
baseline,4,PtCl4,0.9898496866226196,53.1322505800464,False
baseline,4,PtF4,0.9947113394737244,77.7262180974478,False
baseline,4,PtF5,0.9924360513687134,67.05336426914154,False
baseline,4,PtF6,0.9904823899269104,58.0046403712297,False
baseline,4,PtI2,0.9728538990020752,22.96983758700696,False
baseline,4,PtI3,0.9972911477088928,86.77494199535964,False
baseline,4,PtI4,0.9950242042541504,79.11832946635731,False
baseline,4,PuBr3,0.9938743114471436,72.62180974477958,False
baseline,4,PuCl3,0.9901725649833679,55.4524361948956,False
baseline,4,PuF3,0.9904402494430542,57.772621809744784,False
baseline,4,PuI3,0.9941160082817078,74.94199535962876,False
baseline,4,RbBr,0.7886766195297241,12.296983758700696,False
baseline,4,RbCl,0.7886766195297241,12.296983758700696,False
baseline,4,RbF,0.7837104797363281,4.872389791183294,False
baseline,4,RbI3,0.988503098487854,50.81206496519721,False
baseline,4,RbI,0.7886765003204346,6.728538283062645,False
baseline,4,ReCl3,0.9955712556838989,80.04640371229699,False
baseline,4,ReCl4,0.991840124130249,63.341067285382834,False
baseline,4,ReCl5,0.9921138882637024,64.03712296983758,False
baseline,4,ReCl6,0.991686999797821,62.18097447795824,False
baseline,4,ReF7,0.9873205423355103,49.88399071925754,False
baseline,4,ReI3,0.9964510798454285,83.75870069605568,False
baseline,4,RhBr3,0.9997855424880981,99.30394431554525,False
baseline,4,RhCl3,0.9996948838233948,98.60788863109049,False
baseline,4,RhF3,0.9989498853683472,92.34338747099768,False
baseline,4,RhF5,0.996101438999176,81.90255220417633,False
baseline,4,RuBr3,0.9987820386886597,91.1832946635731,False
baseline,4,RuCl3,0.9994533658027649,96.2877030162413,False
baseline,4,RuF3,0.9991896748542786,93.03944315545245,False
baseline,4,RuF4,0.9947272539138794,78.19025522041764,False
baseline,4,RuF5,0.996631920337677,83.9907192575406,False
baseline,4,Sc5Cl8,0.9503281116485596,18.329466357308586,False
baseline,4,Sc7Cl10,0.9462401866912842,17.633410672853827,False
baseline,4,Sc7Cl12,0.9582781791687012,19.02552204176334,False
baseline,4,ScCl3,0.9995442628860474,97.6798143851508,False
baseline,4,ScCl,0.7873902916908264,5.800464037122969,False
baseline,4,ScF3,0.9931755065917969,70.30162412993039,False
baseline,4,Sm11Br24,0.986626923084259,49.187935034802784,False
baseline,4,Sm5Br11,0.98624587059021,48.72389791183295,False
baseline,4,Sm6Br13,0.9852235317230225,47.33178654292343,False
baseline,4,SmBr3,0.9940231442451477,74.24593967517401,False
baseline,4,SmCl2,0.9766006469726562,29.00232018561485,False
baseline,4,SmF3,0.989974319934845,53.82830626450116,False
baseline,4,SmI2,0.9776504039764404,30.39443155452436,False
baseline,4,Sn3F8,0.996039867401123,81.4385150812065,False
baseline,4,SnBr2,0.9811406135559082,41.067285382830626,False
baseline,4,SnBr4,0.9800715446472168,34.106728538283065,False
baseline,4,SnCl2,0.9789153933525085,32.25058004640371,True
baseline,4,SnCl4,0.9822539687156677,45.243619489559165,False
baseline,4,SnF2,0.9773738384246826,30.162412993039446,False
baseline,4,SnF3,0.9881793260574341,50.580046403712295,False
baseline,4,SnF4,0.9942148327827454,75.63805104408353,False
baseline,4,SnI2,0.9798893928527832,33.4106728538283,False
baseline,4,SnI3,0.9963819980621338,83.52668213457076,False
baseline,4,SnI4,0.9789862632751465,32.71461716937355,False
baseline,4,SrBr2,0.979093074798584,32.94663573085847,False
baseline,4,SrCl2,0.9762576818466187,28.770301624129928,False
baseline,4,SrF2,0.977943480014801,31.322505800464036,False
baseline,4,SrF3,0.9929517507553101,69.37354988399072,False
baseline,4,SrI2,0.9789494276046753,32.48259860788863,False
baseline,4,Ta2Br5,0.9933499693870544,70.76566125290023,False
baseline,4,Ta2Cl5,0.993622899055481,71.6937354988399,False
baseline,4,Ta3Br7,0.9923338890075684,65.66125290023201,False
baseline,4,Ta3I7,0.9917527437210083,62.64501160092807,False
baseline,4,TaBr5,0.9975106716156006,87.47099767981439,False
baseline,4,TaCl3,0.9645423889160156,20.417633410672853,False
baseline,4,TaCl4,0.9970013499259949,85.61484918793504,False
baseline,4,TaCl5,0.9970696568489075,85.61484918793504,True
baseline,4,TaF3,0.992626428604126,67.98143851508121,False
baseline,4,TaF5,0.9949094653129578,78.65429234338747,False
baseline,4,TaI4,0.9939577579498291,73.54988399071925,False
baseline,4,TaI5,0.9968987107276917,85.1508120649652,False
baseline,4,Tb4F15,0.9934980869293213,70.99767981438515,False
baseline,4,Tb5Br8,0.9493104219436646,17.865429234338748,False
baseline,4,Tb6Br7,0.8548341393470764,14.153132250580047,False
baseline,4,TbBr,0.7667133808135986,1.6241299303944314,False
baseline,4,TbCl3,0.99942547082901,95.82366589327145,False
baseline,4,TbCl,0.7660318613052368,1.3921113689095126,False
baseline,4,TbF3,0.989761471748352,52.43619489559165,False
baseline,4,TcBr4,0.9991958141326904,93.50348027842227,False
baseline,4,TcCl3,0.9991504549980164,92.80742459396751,False
baseline,4,TcCl4,0.9992153644561768,93.7354988399072,False
baseline,4,Th2Br5,0.9951165318489075,79.58236658932715,False
baseline,4,ThBr4,0.990926206111908,60.32482598607889,False
baseline,4,ThCl4,0.9908396601676941,59.86078886310905,False
baseline,4,ThF4,0.989848256111145,52.90023201856149,False
baseline,4,ThI2,0.9756900072097778,25.986078886310903,False
baseline,4,ThI3,0.994409441947937,76.33410672853829,False
baseline,4,ThI4,0.9918190836906433,62.87703016241299,False
baseline,4,Ti7Br16,0.9923867583274841,66.5893271461717,False
baseline,4,Ti7Cl16,0.9922723770141602,65.4292343387471,False
baseline,4,TiBr2,0.9813480973243713,42.69141531322506,False
baseline,4,TiBr3,0.9986162185668945,90.71925754060325,False
baseline,4,TiBr4,0.9858286380767822,48.49187935034803,False
baseline,4,TiCl2,0.9809893369674683,40.13921113689095,False
baseline,4,TiCl3,0.9993010759353638,95.35962877030161,False
baseline,4,TiCl4,0.9877034425735474,50.34802784222738,False
baseline,4,TiF2,0.9762576222419739,28.074245939675173,False
baseline,4,TiF3,0.9926342964172363,68.21345707656613,False
baseline,4,TiF4,0.9930320382118225,69.83758700696056,False
baseline,4,TiI3,0.9983166456222534,90.02320185614849,False
baseline,4,TiI4,0.9996552467346191,98.37587006960557,False
baseline,4,Tl2Br3,0.9331613779067993,17.16937354988399,False
baseline,4,Tl2Cl3,0.9312808513641357,16.70533642691415,False
baseline,4,TlBr2,0.9725077152252197,22.73781902552204,False
baseline,4,TlBr3,0.9701287746429443,21.34570765661253,False
baseline,4,TlBr,0.7886765599250793,7.65661252900232,False
baseline,4,TlCl2,0.9705793857574463,22.2737819025522,False
baseline,4,TlCl3,0.937799870967865,17.40139211136891,False
baseline,4,TlCl,0.7886766195297241,12.296983758700696,False
baseline,4,TlF3,0.9930188655853271,69.60556844547564,False
baseline,4,TlF,0.7721680402755737,2.784222737819025,False
baseline,4,TlI3,0.9900638461112976,54.75638051044084,False
baseline,4,TlI,0.7886766195297241,12.296983758700696,False
baseline,4,Tm7Cl15,0.986434280872345,48.95591647331787,False
baseline,4,TmCl2,0.9772997498512268,29.698375870069604,False
baseline,4,TmCl3,0.998894214630127,92.11136890951276,False
baseline,4,TmI2,0.9808850288391113,38.74709976798144,False
baseline,4,U2F9,0.9848988652229309,47.09976798143852,False
baseline,4,UBr3,0.9907490611076355,59.39675174013921,False
baseline,4,UBr4,0.993719756603241,71.92575406032483,False
baseline,4,UBr5,0.9946630001068115,77.49419953596288,False
baseline,4,UCl3,0.9905402660369873,58.46867749419954,False
baseline,4,UCl4,0.99234938621521,66.12529002320186,False
baseline,4,UCl5,0.9966776967048645,84.22273781902551,False
baseline,4,UCl6,0.9921377301216125,64.73317865429235,False
baseline,4,UF3,0.9890866875648499,51.508120649651964,False
baseline,4,UF4,0.990540623664856,58.70069605568445,False
baseline,4,UF5,0.9963414669036865,82.830626450116,False
baseline,4,UF6,0.9868815541267395,49.651972157772626,False
baseline,4,UI3,0.9939877986907959,74.0139211136891,False
baseline,4,UI4,0.9949847459793091,78.88631090487239,False
baseline,4,VBr2,0.9811675548553467,41.29930394431555,False
baseline,4,VCl2,0.9808208346366882,38.2830626450116,False
baseline,4,VCl3,0.9995163679122925,97.21577726218096,False
baseline,4,VCl4,0.9886372685432434,51.04408352668214,False
baseline,4,VCl5,0.9963805675506592,83.29466357308584,False
baseline,4,VF2,0.980169951915741,34.5707656612529,False
baseline,4,VF3,0.998855710029602,91.64733178654292,False
baseline,4,VF4,0.9967381954193115,84.45475638051045,False
baseline,4,VF5,0.9924457669258118,67.28538283062645,False
baseline,4,VI2,0.9809572696685791,39.443155452436194,False
baseline,4,W15I47,0.9932354688644409,70.53364269141531,False
baseline,4,W2Br5,0.9940949082374573,74.47795823665894,False
baseline,4,W3Br7,0.9853920340538025,47.79582366589327,False
baseline,4,W3Br8,0.9913207292556763,61.02088167053365,False
baseline,4,W3I8,0.9967765212059021,84.68677494199535,False
baseline,4,W5I16,0.992121696472168,64.50116009280742,False
baseline,4,WBr2,0.9824938774108887,45.707656612529,False
baseline,4,WBr4,0.9946516752243042,77.03016241299304,False
baseline,4,WBr5,0.9972947239875793,87.00696055684455,False
baseline,4,WBr6,0.9916343092918396,61.94895591647332,False
baseline,4,WCl3,0.9976210594177246,87.70301624129931,False
baseline,4,WCl4,0.9959062933921814,80.97447795823666,False
baseline,4,WCl5,0.9972324371337891,86.3109048723898,False
baseline,4,WCl6,0.9918307662010193,63.10904872389791,False
baseline,4,WF6,0.9919093251228333,63.57308584686775,False
baseline,4,WI3,0.9962239265441895,82.36658932714617,False
baseline,4,WI4,0.990321159362793,56.8445475638051,False
baseline,4,Y2Cl3,0.9257365465164185,16.241299303944317,False
baseline,4,YCl3,0.9999256730079651,99.76798143851508,False
baseline,4,YCl,0.7655739784240723,1.160092807424594,False
baseline,4,YF3,0.9911622405052185,60.78886310904872,False
baseline,4,YI3,0.9996466040611267,98.14385150812065,False
baseline,4,YI,0.7699782848358154,2.320185614849188,False
baseline,4,YbBr2,0.9811906218528748,41.76334106728538,False
baseline,4,YbF3,0.9905535578727722,58.93271461716937,False
baseline,4,YbI2,0.980959951877594,39.675174013921115,False
baseline,4,ZnBr2,0.9822779297828674,45.47563805104408,False
baseline,4,ZnCl2,0.967181384563446,20.649651972157773,True
baseline,4,ZnF2,0.9804513454437256,36.19489559164733,False
baseline,4,ZnI2,0.9653523564338684,20.649651972157773,False
baseline,4,Zr2Cl5,0.9938851594924927,72.8538283062645,False
baseline,4,ZrBr2,0.9803316593170166,35.730858468677496,False
baseline,4,ZrBr3,0.9994466304779053,96.05568445475639,False
baseline,4,ZrBr,0.7718349695205688,2.5522041763341066,False
baseline,4,ZrCl2,0.9800571203231812,33.874709976798144,False
baseline,4,ZrCl3,0.9994776248931885,96.51972157772622,False
baseline,4,ZrCl4,1.0000001192092896,100.0,True
baseline,4,ZrCl,0.7730048894882202,3.0162412993039442,False
baseline,4,ZrF4,0.9923571944236755,66.35730858468676,False
baseline,4,ZrI2,0.9821724891662598,45.011600928074245,False
baseline,4,ZrI4,0.9993278980255127,95.59164733178655,False
