formula,median_mean_percentile,min_mean_percentile,median_nearest_percentile,min_nearest_percentile,settings
PtCl3,99.929676511955,99.85935302390999,85.72433192686358,84.24753867791843,6
PtBr3,99.78902953586498,99.57805907172997,88.0450070323488,86.21659634317862,6
TiBr3,99.50773558368496,98.87482419127988,92.19409282700423,90.9985935302391,6
TiCl3,99.36708860759494,97.32770745428974,91.42053445850914,90.15471167369901,6
PtI3,99.29676511954993,98.59353023909986,84.59915611814345,83.54430379746836,6
CrCl3,99.15611814345992,98.73417721518987,78.12939521800281,73.27707454289732,6
OsBr4,99.08579465541492,96.20253164556962,89.66244725738397,88.32630098452883,6
OsCl4,98.66385372714487,94.09282700421942,88.88888888888889,86.91983122362869,6
MoCl3,98.59353023909986,94.79606188466948,91.77215189873418,91.56118143459916,6
TcBr4,97.8902953586498,93.53023909985936,94.02250351617441,92.40506329113924,6
TaCl4,97.39803094233474,95.0773558368495,87.41209563994374,84.24753867791843,6
ZrI4,97.39803094233474,94.51476793248945,94.9367088607595,94.51476793248945,6
PtI4,97.25738396624473,97.0464135021097,75.59774964838255,70.88607594936708,6
HfI4,97.18706047819973,93.95218002812939,95.9212376933896,95.35864978902954,6
TaI4,97.18706047819971,94.37412095639944,78.76230661040788,74.82419127988749,6
NbCl4,97.1167369901547,94.51476793248945,86.9901547116737,84.38818565400844,6
NbBr4,96.9057665260197,94.23347398030943,82.55977496483825,78.19971870604782,6
WCl4,96.76511954992966,94.79606188466948,80.9423347398031,78.48101265822784,6
TcCl3,96.69479606188466,91.9831223628692,94.0225035161744,93.67088607594937,6
TiI3,96.48382559774964,93.81153305203938,83.61462728551336,81.57524613220815,6
RuCl3,96.27285513361463,94.79606188466948,93.74120956399437,85.51336146272855,6
UI4,96.27285513361463,93.81153305203938,80.9423347398031,74.54289732770746,6
RhCl3,95.9915611814346,95.0773558368495,95.92123769338959,94.9367088607595,6
RuF4,95.8509142053446,94.65541490857946,82.91139240506328,77.49648382559775,6
PdF3,95.78059071729959,92.68635724331928,88.1153305203938,87.34177215189874,6
WBr4,95.56962025316456,93.24894514767934,75.31645569620252,71.0267229254571,6
IrCl3,95.42897327707453,95.0773558368495,96.41350210970464,95.21800281293952,6
CrBr3,95.42897327707453,93.95218002812939,96.41350210970464,95.9212376933896,6
NbF4,95.14767932489451,90.9985935302391,88.0450070323488,84.81012658227847,6
VCl3,95.0773558368495,93.53023909985936,96.48382559774966,96.0618846694796,6
TcCl4,95.0773558368495,90.85794655414908,96.55414908579465,95.63994374120956,6
IrBr3,95.0070323488045,94.09282700421942,96.9760900140647,95.78059071729957,6
TiI4,94.86638537271449,91.27988748241913,97.39803094233474,94.9367088607595,6
MnF4,94.79606188466948,89.87341772151899,92.9676511954993,91.56118143459916,6
RhBr3,94.72573839662448,93.67088607594937,97.67932489451476,96.48382559774966,6
BiBr3,94.72573839662448,91.27988748241913,89.80309423347398,86.77918424753868,6
PdF4,94.44444444444444,92.54571026722925,75.0351617440225,69.62025316455697,6
NbI4,94.44444444444443,91.9831223628692,74.26160337552743,69.33895921237693,6
FeBr3,94.0225035161744,92.9676511954993,97.81997187060477,97.0464135021097,6
ScCl3,93.74120956399437,92.68635724331928,97.53867791842475,96.90576652601969,6
IrF4,93.38959212376935,91.42053445850914,73.55836849507736,69.05766526019691,6
WI3,93.31926863572434,88.0450070323488,68.14345991561181,52.18002812939522,6
MoCl4,93.17862165963433,90.15471167369901,95.28832630098454,93.95218002812939,6
YCl3,92.75668073136427,91.84247538677918,98.94514767932489,98.31223628691983,6
RuBr3,92.68635724331926,92.12376933895922,87.13080168776372,84.10689170182842,6
NiF3,92.40506329113924,91.56118143459916,94.58509142053445,94.09282700421942,6
NbI3,92.26441631504923,91.56118143459916,90.15471167369901,88.74824191279887,6
HfCl4,92.26441631504923,90.29535864978902,99.29676511954993,99.15611814345992,6
PtF4,91.98312236286921,90.15471167369901,72.9957805907173,68.77637130801688,6
VF4,91.9831223628692,88.60759493670885,91.49085794655414,89.59212376933895,6
WI4,91.91279887482419,84.9507735583685,73.90998593530239,67.9324894514768,6
AuBr3,91.77215189873418,90.9985935302391,64.9789029535865,53.867791842475384,6
Pt3I8,91.70182841068917,86.21659634317862,72.9957805907173,69.19831223628692,6
VF3,91.56118143459915,89.17018284106891,98.45288326300985,97.60900140646976,6
GdBr3,91.27988748241913,90.014064697609,99.50773558368496,99.43741209563994,6
SnF4,91.06891701828411,90.71729957805907,71.72995780590716,69.47960618846695,6
RhF3,90.9985935302391,90.43600562587905,96.9760900140647,96.20253164556962,6
CoF3,90.9282700421941,89.45147679324894,98.87482419127988,98.45288326300985,6
HfI3,90.57665260196906,90.014064697609,90.43600562587905,88.18565400843882,6
ZrCl3,90.36568213783403,89.17018284106891,91.9127988748242,89.73277074542897,6
AlF3,90.36568213783403,87.62306610407876,87.48241912798875,73.83966244725738,6
PbF4,90.22503516174402,89.59212376933895,71.80028129395218,68.35443037974683,6
YI3,89.87341772151899,84.66947960618847,96.76511954992966,96.20253164556962,6
ZrBr3,89.17018284106891,86.21659634317862,91.77215189873418,89.17018284106891,6
FeF3,88.95921237693389,88.46694796061885,100.0,100.0,6
ReI3,88.88888888888889,81.29395218002813,66.03375527426161,36.0056258790436,6
ReCl3,88.81856540084388,86.21659634317862,70.18284106891701,64.13502109704642,6
TbCl3,88.81856540084388,83.54430379746836,94.30379746835442,92.54571026722925,6
ReCl4,88.46694796061885,84.10689170182842,80.16877637130801,78.62165963431787,6
SnI3,88.32630098452884,85.37271448663853,83.89592123769339,81.0126582278481,6
CrF3,88.25597749648384,84.52883263009845,99.78902953586498,99.57805907172997,6
CrF4,88.11533052039381,84.66947960618847,89.31082981715893,82.84106891701828,6
BiCl3,87.69338959212376,81.29395218002813,86.49789029535864,81.85654008438819,6
TiF4,87.41209563994374,82.84106891701828,83.26300984528832,80.73136427566807,6
AuCl3,87.34177215189874,84.38818565400844,63.36146272855134,42.47538677918425,6
Au3F8,87.27144866385373,84.81012658227847,66.31504922644163,65.82278481012658,6
PaCl5,87.27144866385373,81.85654008438819,79.60618846694797,76.93389592123769,6
UF5,86.70886075949366,83.82559774964838,76.44163150492264,75.24613220815752,6
MnF3,86.56821378340365,83.96624472573839,67.15893108298172,65.68213783403657,6
Ag3F8,86.42756680731364,84.9507735583685,75.17580872011251,72.43319268635724,6
W3I8,86.21659634317862,81.15330520393812,67.58087201125176,43.319268635724335,6
NbBr5,85.9353023909986,82.27848101265823,93.38959212376933,92.9676511954993,6
RuF5,85.8649789029536,83.12236286919831,90.57665260196906,89.87341772151899,6
BiI3,85.86497890295358,81.85654008438819,92.89732770745428,91.84247538677918,6
NbI5,85.79465541490859,80.73136427566807,88.46694796061884,85.37271448663853,6
UBr4,85.72433192686357,82.13783403656821,76.65260196905766,69.19831223628692,6
UCl5,85.65400843881856,81.85654008438819,88.67791842475387,86.63853727144867,6
RhF5,85.65400843881855,82.70042194092827,87.55274261603375,85.23206751054853,6
TaI5,85.58368495077356,81.0126582278481,91.20956399437412,90.71729957805907,6
TaF5,85.51336146272857,83.54430379746836,87.27144866385373,84.24753867791843,6
WBr5,85.51336146272855,81.71589310829818,93.81153305203938,93.53023909985936,6
InF3,85.44303797468355,82.41912798874824,96.0618846694796,95.21800281293952,6
NbF5,85.16174402250351,83.26300984528832,85.0914205344585,83.54430379746836,6
OsF5,85.16174402250351,82.55977496483825,86.21659634317862,84.52883263009845,6
MoF3,85.0914205344585,81.71589310829818,95.35864978902953,94.51476793248945,6
MoCl5,84.73980309423348,81.15330520393812,96.20253164556962,95.49929676511954,6
PaBr5,84.73980309423348,78.05907172995781,82.70042194092827,78.90295358649789,6
RuF3,84.66947960618847,80.8720112517581,93.53023909985936,92.82700421940928,6
TaBr5,84.52883263009846,81.57524613220815,97.46835443037975,96.76511954992968,6
UBr5,84.45850914205346,79.0436005625879,82.9817158931083,79.46554149085794,6
MoF5,84.45850914205344,82.41912798874824,93.45991561181435,92.54571026722925,6
Nb3Cl8,84.0365682137834,80.59071729957806,88.25597749648384,85.79465541490859,6
Nb3Br8,83.96624472573839,80.45007032348805,87.34177215189874,84.9507735583685,6
AuF5,83.26300984528832,78.76230661040788,78.83263009845288,73.55836849507736,6
Nb3I8,83.05203938115329,80.59071729957806,87.34177215189874,83.12236286919831,6
NbCl5,82.9817158931083,79.60618846694796,99.29676511954993,98.59353023909986,6
PtF5,82.63009845288326,77.63713080168776,74.89451476793249,69.90154711673699,6
WCl3,82.55977496483825,79.74683544303798,75.31645569620252,65.9634317862166,6
WCl5,82.55977496483825,79.32489451476793,99.71870604781998,99.43741209563994,6
TmCl3,82.55977496483825,78.48101265822784,92.40506329113924,91.27988748241913,6
W5I16,81.50492264416314,75.24613220815752,62.51758087201125,28.973277074542896,6
VCl5,81.0126582278481,77.77777777777779,98.52320675105486,98.31223628691983,6
W15I47,80.66104078762307,74.54289732770746,62.23628691983122,28.270042194092827,6
IrF3,80.52039381153305,77.0745428973277,88.95921237693389,87.20112517580873,6
Ag2F5,80.52039381153305,73.69901547116737,71.37834036568213,67.79184247538677,6
Sn3F8,80.30942334739804,78.34036568213783,79.0436005625879,70.60478199718706,6
PbCl4,80.23909985935302,79.74683544303798,72.78481012658227,64.27566807313643,6
Cr2F5,80.16877637130801,72.9957805907173,78.90295358649789,71.58931082981715,6
BiF5,79.957805907173,74.54289732770746,65.9634317862166,64.55696202531645,6
Zr2Cl5,79.88748241912799,77.21518987341773,66.52601969057665,63.71308016877637,6
ReCl5,79.46554149085794,75.80872011251758,92.33473980309424,91.70182841068917,6
Tb4F15,79.39521800281294,75.10548523206751,76.16033755274262,74.54289732770746,6
UCl4,78.83263009845288,75.24613220815752,73.83966244725738,71.30801687763713,6
VF5,78.69198312236287,77.77777777777779,90.50632911392405,89.0295358649789,6
CsI4,78.69198312236287,63.150492264416314,51.265822784810126,24.47257383966245,6
CrF5,78.41068917018283,76.79324894514767,90.78762306610408,88.0450070323488,6
ThI4,77.84810126582278,73.9803094233474,70.74542897327707,69.90154711673699,6
ScF3,77.84810126582278,73.27707454289732,64.1350210970464,41.91279887482419,6
ZrF4,77.77777777777777,74.40225035161744,71.30801687763713,70.042194092827,6
ThI3,77.49648382559775,71.0267229254571,83.75527426160338,82.70042194092827,6
BaF3,77.14486638537272,74.40225035161744,82.20815752461321,70.042194092827,6
PaBr4,77.0042194092827,74.68354430379746,73.55836849507736,71.0267229254571,6
TiF3,76.65260196905767,70.74542897327707,55.55555555555556,38.95921237693389,6
RbI3,76.51195499296765,72.0112517580872,64.69760900140648,33.33333333333333,6
W2Br5,76.44163150492264,74.26160337552743,63.29113924050633,29.957805907172997,6
TlI3,76.44163150492264,73.55836849507736,71.58931082981715,47.39803094233474,6
NbF3,76.44163150492264,70.46413502109705,54.9929676511955,38.81856540084388,6
TaF3,76.44163150492264,70.46413502109705,54.9929676511955,38.81856540084388,6
PaCl4,76.37130801687763,74.26160337552743,73.27707454289734,70.88607594936708,6
UF4,76.09001406469761,73.69901547116737,69.69057665260198,68.21378340365682,6
Ta2Cl5,75.52742616033755,74.1209563994374,59.985935302391,39.24050632911392,6
IrF6,75.52742616033755,66.1040787623066,83.12236286919831,80.028129395218,6
OsF6,75.52742616033755,65.9634317862166,83.40365682137833,80.45007032348805,6
WF6,75.38677918424754,66.66666666666666,85.0914205344585,81.15330520393812,6
ThBr4,75.31645569620252,73.13642756680731,73.41772151898735,70.46413502109705,6
WCl6,75.31645569620252,67.65119549929676,85.65400843881858,81.29395218002813,6
MoF6,75.31645569620252,67.51054852320675,86.42756680731364,81.71589310829818,6
ThCl4,75.17580872011251,72.85513361462729,73.06610407876231,70.32348804500702,6
ReCl6,75.17580872011251,65.68213783403657,80.80168776371309,76.79324894514767,6
WBr6,75.10548523206751,65.54149085794656,79.957805907173,76.37130801687763,6
CsI3,75.10548523206751,64.83825597749649,49.50773558368495,24.894514767932492,6
UCl6,74.9648382559775,65.40084388185655,80.09845288326301,76.09001406469761,6
HfF4,74.68354430379748,72.57383966244726,69.971870604782,67.65119549929676,6
SrF3,74.68354430379748,70.60478199718706,84.52883263009845,72.57383966244726,6
DyCl3,74.61322081575247,69.47960618846695,87.13080168776372,85.93530239099859,6
PtF6,74.54289732770745,63.85372714486639,72.29254571026723,68.77637130801688,6
PuI3,74.26160337552741,68.77637130801688,88.11533052039381,85.79465541490859,6
W3Br8,74.12095639943742,63.85372714486639,36.56821378340366,24.613220815752463,6
NpI3,74.1209563994374,68.63572433192687,87.76371308016877,85.65400843881856,6
SnI4,73.69901547116737,68.77637130801688,65.54149085794656,62.869198312236286,6
Ti7Cl16,73.62869198312237,63.43178621659634,69.33895921237693,63.150492264416314,6
CeF4,73.48804500703235,71.72995780590718,69.26863572433193,67.08860759493672,6
Ta2Br5,73.41772151898735,71.16736990154712,64.34599156118144,35.58368495077356,6
NpF4,73.27707454289734,71.58931082981715,69.40928270042194,66.80731364275668,6
SmBr3,73.20675105485232,68.35443037974683,86.70886075949367,84.9507735583685,6
ThF4,72.9957805907173,71.16736990154712,69.0576652601969,66.66666666666666,6
UI3,72.92545710267228,68.21378340365682,87.34177215189874,85.23206751054853,6
KF5,72.92545710267228,43.319268635724335,50.91420534458509,23.628691983122362,6
NpBr3,72.71448663853727,67.79184247538677,85.9353023909986,84.52883263009845,6
Ti7Br16,72.71448663853727,63.150492264416314,70.74542897327709,63.29113924050633,6
PuBr3,72.36286919831224,67.65119549929676,86.07594936708861,84.66947960618847,6
LaI3,71.87060478199719,67.36990154711674,86.35724331926863,84.38818565400844,6
Nb2F5,71.80028129395217,68.49507735583686,78.69198312236287,73.13642756680731,6
UF6,71.51898734177215,62.58790436005626,64.27566807313643,53.30520393811533,6
NdBr3,71.37834036568213,66.66666666666666,85.0210970464135,83.54430379746836,6
Th2Br5,70.9563994374121,68.35443037974683,78.19971870604783,72.57383966244726,6
SnBr4,70.8860759493671,63.57243319268636,62.65822784810126,47.81997187060478,6
KF3,70.60478199718706,30.801687763713083,24.542897327707458,21.237693389592124,6
Ta3Br7,69.54992967651197,55.69620253164557,54.71167369901548,32.91139240506329,6
Nb3Cl7,69.33895921237693,66.9479606188467,65.61181434599156,57.102672292545705,6
U2F9,68.70604781997187,67.08860759493672,64.0646976090014,62.16596343178622,6
TlF3,68.49507735583684,63.29113924050633,83.19268635724333,80.59071729957806,6
ReF7,68.28410689170184,61.60337552742617,66.94796061884668,54.289732770745424,6
GdCl3,67.93248945147678,46.554149085794656,80.45007032348803,77.63713080168776,6
Ta3I7,67.36990154711674,37.9746835443038,49.15611814345992,26.300984528832632,6
SnCl4,67.22925457102673,62.30661040787623,61.32208157524613,39.80309423347398,6
CeBr3,66.52601969057665,45.14767932489451,80.23909985935302,77.49648382559775,6
Pr2I5,66.45569620253164,65.26019690576652,78.12939521800283,68.77637130801688,6
UBr3,66.1040787623066,45.0070323488045,79.81715893108299,76.93389592123769,6
La2I5,65.47116736990154,63.9943741209564,77.28551336146273,68.07313642756681,6
CrBr2,65.11954992967651,58.93108298171589,30.37974683544304,28.129395218002813,6
PrBr3,64.48663853727146,44.44444444444444,79.39521800281294,76.65260196905767,6
Cd13I28,64.27566807313643,60.900140646976084,63.85372714486638,59.634317862165965,6
EuCl3,64.0646976090014,44.303797468354425,78.62165963431787,75.24613220815752,6
UCl3,63.78340365682138,44.0225035161744,78.76230661040788,75.52742616033755,6
LaBr3,63.43178621659634,42.75668073136428,78.97327707454289,75.80872011251758,6
NdCl3,63.29113924050633,42.616033755274266,78.48101265822785,74.9648382559775,6
Ce2Br5,63.22081575246132,53.30520393811533,76.51195499296765,66.9479606188467,6
AcCl3,62.9395218002813,41.20956399437412,77.77777777777777,74.82419127988749,6
PrCl3,62.72855133614628,41.068917018284104,77.77777777777777,74.68354430379746,6
CeCl3,62.51758087201125,40.50632911392405,77.56680731364276,74.54289732770746,6
LaCl3,62.306610407876235,40.225035161744024,77.00421940928271,74.26160337552743,6
PuCl3,62.16596343178622,39.943741209563996,77.28551336146273,74.40225035161744,6
Pr2Br5,62.025316455696206,45.56962025316456,76.16033755274262,66.38537271448664,6
NpCl3,62.025316455696206,40.08438818565401,76.72292545710266,73.9803094233474,6
La2Br5,61.67369901547117,45.71026722925457,76.01969057665261,66.24472573839662,6
PdCl2,61.18143459915612,60.19690576652602,26.863572433192683,24.613220815752463,6
PtCl2,60.970464135021096,46.132208157524616,25.738396624472575,23.90998593530239,6
CdI2,60.54852320675106,56.68073136427567,39.66244725738397,37.83403656821378,6
NiCl2,60.54852320675106,53.16455696202531,45.71026722925457,37.27144866385373,6
BiF3,60.54852320675105,37.552742616033754,80.73136427566807,74.9648382559775,6
SnF3,60.47819971870605,36.9901547116737,25.87904360056259,21.659634317862167,6
CrI2,60.478199718706044,54.289732770745424,26.722925457102672,24.894514767932492,6
NiI2,60.40787623066104,55.69620253164557,45.71026722925457,36.28691983122363,6
CuBr2,60.337552742616026,58.368495077355846,26.160337552742618,25.17580872011252,6
NiBr2,60.056258790436004,56.118143459915615,42.54571026722925,35.72433192686357,6
CoBr2,59.91561181434599,54.008438818565395,47.32770745428973,37.83403656821378,6
AcBr3,59.91561181434599,39.24050632911392,77.0042194092827,74.1209563994374,6
FeBr2,59.77496483825598,54.9929676511955,48.80450070323488,39.09985935302391,6
VCl2,59.70464135021098,52.883263009845294,45.56962025316456,38.53727144866385,6
CuCl2,59.56399437412096,46.69479606188467,24.894514767932492,24.753867791842477,6
CoI2,59.353023909985936,53.30520393811533,47.39803094233474,38.39662447257383,6
VI2,59.212376933895925,54.57102672292545,47.81997187060478,38.25597749648382,6
CoCl2,59.14205344585091,52.03938115330521,44.796061884669484,38.81856540084388,6
YF3,59.071729957805914,36.56821378340366,79.39521800281294,75.24613220815752,6
FeCl2,58.57946554149086,53.727144866385366,48.59353023909986,39.66244725738397,6
MgCl2,57.59493670886076,51.33614627285513,45.991561181434605,41.35021097046413,6
PdBr2,57.45428973277075,45.9915611814346,23.347398030942333,23.066104078762308,6
ZnBr2,57.10267229254572,41.35021097046413,30.52039381153305,19.40928270042194,6
FeI2,56.89170182841069,53.30520393811533,48.734177215189874,40.787623066104075,6
TiCl2,56.89170182841069,46.41350210970464,41.701828410689174,33.0520393811533,6
GaI3,56.61040787623067,46.27285513361463,67.86216596343179,63.29113924050633,6
MnBr2,56.540084388185655,51.89873417721519,48.030942334739805,41.77215189873418,6
EuF3,56.54008438818565,35.86497890295359,79.18424753867792,73.9803094233474,6
YbF3,55.97749648382559,34.59915611814346,79.957805907173,74.40225035161744,6
VBr2,55.83684950773558,51.61744022503516,47.257383966244724,42.05344585091421,6
MnCl2,55.69620253164557,45.28832630098453,44.65541490857946,42.897327707454295,6
ZrCl2,54.922644163150494,44.163150492264414,39.45147679324894,36.708860759493675,6
MnI2,54.85232067510548,52.18002812939522,48.452883263009845,43.037974683544306,6
TiBr4,53.72714486638537,38.25597749648382,61.74402250351618,28.691983122362867,6
MgI2,53.164556962025316,50.773558368495074,46.76511954992968,45.0070323488045,6
CrCl2,52.74261603375528,28.41068917018284,26.511954992967652,23.488045007032348,6
CeF3,52.67229254571026,34.177215189873415,74.19127988748242,70.32348804500702,6
PdI2,52.60196905766526,28.129395218002813,25.457102672292542,22.362869198312236,6
NdF3,52.39099859353024,33.755274261603375,73.48804500703235,70.18284106891703,6
PtI2,52.18002812939522,28.551336146272853,24.331926863572434,21.940928270042196,6
CsBr3,52.109704641350206,22.925457102672294,20.88607594936709,17.440225035161745,6
PuF3,51.828410689170184,33.47398030942335,75.24613220815752,71.0267229254571,6
MgBr2,51.75808720112518,44.163150492264414,45.780590717299575,43.17862165963432,6
NpF3,51.40646976090014,32.77074542897328,74.40225035161744,70.88607594936708,6
LaF3,51.19549929676512,32.63009845288326,74.40225035161743,70.74542897327707,6
ErF3,50.70323488045007,31.926863572433195,76.16033755274262,72.0112517580872,6
SmF3,50.63291139240506,31.78621659634318,75.31645569620252,71.44866385372714,6
HoF3,50.56258790436006,31.645569620253166,75.66807313642757,71.72995780590718,6
TbF3,50.14064697609001,31.08298171589311,75.10548523206751,71.16736990154712,6
NaCl3,50.0,33.19268635724332,71.44866385372714,67.79184247538677,6
Dy5Cl11,49.57805907172995,31.78621659634318,63.57243319268636,60.75949367088608,6
ZrI2,49.226441631504926,38.39662447257383,46.48382559774964,35.30239099859353,6
HgI2,48.80450070323488,41.20956399437412,23.488045007032348,23.066104078762308,6
TiBr2,48.171589310829816,43.60056258790436,46.694796061884674,42.19409282700422,6
Ga3Cl7,48.171589310829816,30.520393811533054,37.41209563994374,26.863572433192683,6
UF3,47.89029535864979,29.535864978902953,72.29254571026723,67.36990154711674,6
Sm11Br24,47.46835443037975,28.270042194092827,62.72855133614627,60.19690576652602,6
ZrBr2,46.90576652601969,36.0056258790436,38.888888888888886,36.9901547116737,6
Tm7Cl15,46.76511954992968,27.848101265822784,62.16596343178621,59.49367088607595,6
Nd4Br9,46.76511954992968,27.004219409282697,63.64275668073137,61.04078762306611,6
PrF3,46.0618846694796,27.70745428973277,71.44866385372714,66.52601969057666,6
Sm6Br13,45.639943741209564,26.582278481012654,62.16596343178622,59.774964838255976,6
SnBr2,45.358649789029535,42.75668073136428,34.17721518987342,29.254571026722925,6
Sm5Br11,45.358649789029535,26.441631504922647,62.37693389592124,60.337552742616026,6
TaCl3,44.86638537271449,20.112517580872012,22.50351617440225,18.70604781997187,6
TiCl4,44.23347398030943,30.09845288326301,63.502109704641356,27.004219409282697,6
W3Br7,43.95218002812939,25.738396624472575,22.644163150492265,20.534458509142052,6
CdCl2,43.881856540084385,34.59915611814346,47.116736990154706,34.73980309423347,6
AuCl2,43.81153305203938,34.88045007032349,21.09704641350211,20.534458509142052,6
MoCl2,43.45991561181435,27.285513361462726,23.909985935302394,21.80028129395218,6
CuF2,43.31926863572433,33.19268635724332,30.87201125175809,29.957805907172997,6
GaBr3,42.82700421940928,29.957805907172997,73.76933895921238,64.69760900140648,6
YbI2,42.61603375527426,34.59915611814346,44.65541490857946,39.09985935302391,6
AgF2,41.27988748241913,33.755274261603375,30.942334739803094,29.39521800281294,6
CrF2,40.43600562587904,32.91139240506329,29.746835443037973,29.11392405063291,6
AlI3,38.18565400843882,28.270042194092827,74.40225035161744,65.26019690576652,6
FeF2,38.11533052039381,32.77074542897328,34.59915611814346,30.37974683544304,6
TmI2,37.9746835443038,33.895921237693386,42.47538677918425,37.552742616033754,6
CdBr2,36.849507735583686,34.177215189873415,50.070323488045005,35.0210970464135,6
LaBr2,36.42756680731364,33.61462728551336,39.31082981715893,32.34880450070324,6
CaI2,35.30239099859353,33.755274261603375,45.077355836849506,35.16174402250351,6
PbI2,34.10689170182841,33.0520393811533,44.51476793248945,34.73980309423347,6
HgBr2,33.895921237693386,25.457102672292546,19.831223628691983,19.268635724331926,6
WBr2,33.333333333333336,25.035161744022506,23.277074542897328,21.09704641350211,6
CoF2,33.26300984528832,30.66104078762307,40.57665260196906,32.63009845288326,6
CaCl2,33.26300984528832,29.957805907172997,46.55414908579466,24.050632911392405,6
ZnF2,33.05203938115331,31.78621659634318,46.48382559774964,32.34880450070324,6
MoBr2,33.05203938115331,24.894514767932492,23.066104078762308,20.675105485232066,6
TlBr2,32.9817158931083,30.66104078762307,22.151898734177216,22.081575246132207,6
MnF2,32.419127988748244,30.66104078762307,44.65541490857946,32.48945147679325,6
VCl4,31.92686357243319,26.582278481012654,64.20534458509142,27.285513361462726,6
InI2,31.71589310829817,29.11392405063291,21.518987341772153,21.37834036568214,6
PrI2,31.575246132208157,29.39521800281294,39.24050632911393,32.48945147679325,6
MgF2,31.012658227848103,29.254571026722925,43.459915611814345,33.895921237693386,6
SnF2,30.87201125175809,26.300984528832632,24.47257383966245,22.925457102672294,6
NiF2,30.731364275668074,29.39521800281294,43.10829817158931,33.61462728551336,6
VF2,30.731364275668074,29.39521800281294,40.9985935302391,33.0520393811533,6
PdF2,30.59071729957806,28.691983122362867,40.365682137834035,32.77074542897328,6
GaI2,30.098452883263008,21.37834036568214,19.901547116736992,18.70604781997187,6
CaBr2,29.676511954992968,27.70745428973277,43.319268635724335,34.88045007032349,6
YbBr2,29.043600562587905,27.70745428973277,38.39662447257384,35.16174402250351,6
TlCl2,28.9732770745429,20.81575246132208,21.870604781997187,20.393811533052038,6
InBr2,28.69198312236287,23.347398030942333,20.464135021097043,19.971870604781998,6
SrF2,28.059071729957807,26.019690576652604,33.33333333333333,31.08298171589311,6
ZnI2,27.988748241912795,26.72292545710267,20.11251758087201,18.846694796061886,6
SrBr2,27.566807313642755,25.59774964838256,34.31786216596343,30.801687763713083,6
SnI2,27.42616033755274,26.300984528832632,36.28691983122363,31.926863572433195,6
SrI2,27.285513361462726,25.457102672292546,34.036568213783404,30.520393811533054,6
EuI2,27.074542897327703,25.31645569620253,35.09142053445851,30.09845288326301,6
MoI2,27.074542897327703,20.956399437412095,21.518987341772153,18.9873417721519,6
PbBr2,26.090014064697613,24.753867791842477,31.0126582278481,30.520393811533054,6
SmI2,25.527426160337555,23.769338959212376,32.419127988748244,31.504922644163152,6
ThI2,25.38677918424754,23.769338959212376,32.48945147679325,28.129395218002813,6
DyBr2,25.386779184247537,23.90998593530239,32.137834036568215,31.364275668073137,6
SmCl2,25.246132208157526,24.613220815752463,31.92686357243319,29.676511954992968,6
PtCl4,25.246132208157526,22.644163150492265,62.58790436005626,27.70745428973277,6
NdCl2,25.105485232067515,24.050632911392405,31.645569620253163,29.535864978902953,6
TmCl2,24.964838255977497,22.78481012658228,31.434599156118146,30.37974683544304,6
PbCl2,24.68354430379747,22.644163150492265,29.88748241912799,29.39521800281294,6
PbF2,23.839662447257382,21.659634317862167,28.340365682137836,27.566807313642755,6
HgCl2,23.628691983122362,19.69057665260197,18.776371308016877,18.424753867791843,6
HgF2,23.347398030942337,21.09704641350211,28.41068917018284,27.285513361462726,6
BaCl2,23.136427566807313,21.37834036568214,28.270042194092824,26.863572433192683,6
EuF2,23.136427566807313,20.81575246132208,28.059071729957804,27.004219409282697,6
SrCl2,22.714486638537274,20.675105485232066,27.848101265822784,26.582278481012654,6
CdF2,22.644163150492265,20.393811533052038,27.566807313642755,26.441631504922647,6
EuBr2,22.573839662447256,21.80028129395218,29.957805907172997,28.41068917018284,6
BaF2,22.573839662447256,20.534458509142052,27.777777777777775,26.72292545710267,6
BeI2,22.573839662447256,19.40928270042194,23.347398030942333,20.253164556962027,6
NdI2,22.50351617440225,21.237693389592124,30.59071729957806,24.613220815752463,6
GaBr2,22.36286919831224,20.112517580872012,19.549929676511955,19.12798874824191,6
TiF2,22.22222222222222,20.253164556962027,27.49648382559775,26.441631504922647,6
CaF2,22.22222222222222,20.112517580872012,27.285513361462726,26.300984528832632,6
LaI2,21.870604781997187,20.393811533052038,29.39521800281294,24.331926863572434,6
Nb6I11,21.659634317862164,19.971870604781998,20.88607594936709,20.112517580872012,6
In4Br7,21.30801687763713,18.70604781997187,18.917018284106895,18.846694796061886,6
BaI2,20.88607594936709,19.268635724331926,26.441631504922643,25.738396624472575,6
EuCl2,20.60478199718706,19.12798874824191,26.582278481012658,25.738396624472575,6
BaBr2,20.464135021097047,18.9873417721519,26.090014064697606,25.17580872011252,6
Sc7Cl12,20.253164556962027,18.28410689170183,20.815752461322084,18.424753867791843,6
BeCl2,19.831223628691983,18.565400843881857,24.19127988748242,19.971870604781998,6
GaCl2,19.760900140646974,19.40928270042194,19.69057665260197,18.9873417721519,6
TlBr3,19.40928270042194,17.440225035161745,22.151898734177216,20.81575246132208,6
In5Cl9,19.268635724331926,18.9873417721519,18.495077355836848,17.72151898734177,6
BeBr2,19.057665260196906,18.70604781997187,21.448663853727147,20.253164556962027,6
CdCl4,18.776371308016877,18.424753867791843,18.0028129395218,17.580872011251756,6
Sc5Cl8,18.28410689170183,18.143459915611814,18.28410689170183,18.0028129395218,6
BeF2,18.21378340365682,17.580872011251756,18.424753867791843,17.862165963431785,6
Tb5Br8,18.07313642756681,18.0028129395218,18.21378340365682,17.862165963431785,6
Ga2I3,17.79184247538678,17.018284106891702,16.736990154711673,16.736990154711673,6
Tl2Br3,17.65119549929676,17.158931082981717,17.29957805907173,17.29957805907173,6
Gd2Br3,17.580872011251756,17.29957805907173,17.79184247538678,17.72151898734177,6
Tl2Cl3,17.51054852320675,17.018284106891702,17.158931082981717,17.158931082981717,6
Y2Cl3,17.440225035161745,17.158931082981717,17.65119549929676,17.580872011251756,6
Gd2Cl3,17.229254571026722,17.018284106891702,17.51054852320675,17.440225035161745,6
In2Cl3,17.08860759493671,16.877637130801688,17.018284106891702,16.877637130801688,6
Sc7Cl10,16.877637130801688,16.736990154711673,16.877637130801688,16.736990154711673,6
In5Br7,16.736990154711673,16.59634317862166,16.526019690576653,16.17440225035162,6
In7Cl9,16.31504922644163,16.31504922644163,16.31504922644163,16.033755274261605,6
In7Br9,16.17440225035162,16.17440225035162,16.17440225035162,16.17440225035162,6
Er4I5,16.104078762306614,16.033755274261605,16.17440225035162,16.033755274261605,6
TlCl3,16.10407876230661,15.330520393811534,18.07313642756681,17.018284106891702,6
Bi6Br7,15.822784810126583,15.471167369901547,15.822784810126583,15.471167369901547,6
Bi6Cl7,15.752461322081576,15.330520393811534,15.541490857946554,15.330520393811534,6
Tb6Br7,15.682137834036569,15.611814345991561,15.611814345991561,15.471167369901547,6
Er6I7,15.682137834036569,15.471167369901547,15.611814345991561,15.471167369901547,6
CuI,15.18987341772152,15.049226441631506,14.838255977496484,13.783403656821378,6
AgI,15.049226441631506,14.908579465541491,15.260196905766527,15.049226441631506,6
AuBr,14.627285513361462,13.080168776371309,4.430379746835443,1.8284106891701828,6
BiI,14.556962025316455,14.20534458509142,14.486638537271448,14.345991561181433,6
AuI,14.41631504922644,13.361462728551334,4.852320675105485,1.969057665260197,6
CuBr,14.41631504922644,10.548523206751055,11.884669479606188,6.891701828410689,6
BiBr,13.783403656821378,11.673699015471167,13.783403656821378,11.251758087201125,6
CuCl,12.869198312236287,9.70464135021097,7.524613220815752,2.5316455696202533,6
InCl,12.58790436005626,11.11111111111111,11.251758087201125,5.9071729957805905,6
LiI,12.517580872011253,7.7355836849507735,12.447257383966244,3.938115330520394,6
NaI,12.306610407876232,11.533052039381154,10.126582278481013,6.329113924050633,6
InBr,12.09563994374121,11.251758087201125,13.642756680731363,6.751054852320674,6
InI,11.251758087201125,10.548523206751055,13.783403656821378,9.70464135021097,6
TlCl,10.90014064697609,10.68917018284107,10.90014064697609,6.891701828410689,6
CuF,10.829817158931082,6.751054852320674,3.4458509142053444,2.8129395218002813,6
TlBr,10.478199718706048,9.282700421940929,12.939521800281295,9.423347398030943,6
CsI,10.267229254571028,8.720112517580873,10.970464135021098,9.423347398030943,6
AgCl,10.267229254571026,9.0014064697609,13.783403656821378,11.533052039381154,6
TlI,10.056258790436006,9.142053445850914,13.0098452883263,9.985935302390999,6
NaF,9.49367088607595,7.7355836849507735,12.447257383966246,10.267229254571026,6
CsCl,8.790436005625878,8.438818565400844,12.165963431786217,10.126582278481013,6
KBr,8.790436005625878,8.438818565400844,12.165963431786217,10.126582278481013,6
RbBr,8.579465541490858,6.469760900140647,10.829817158931084,9.423347398030943,6
CsF,8.368495077355837,6.469760900140647,11.533052039381154,8.438818565400844,6
LiBr,8.227848101265824,7.7355836849507735,11.462728551336147,9.0014064697609,6
RbCl,8.227848101265824,7.7355836849507735,11.462728551336147,9.0014064697609,6
KCl,8.08720112517581,7.172995780590717,11.814345991561183,10.548523206751055,6
NaCl,8.08720112517581,5.766526019690577,11.11111111111111,10.68917018284107,6
LiF,7.805907172995781,5.766526019690577,10.68917018284107,7.454289732770746,6
KI,7.7355836849507735,6.469760900140647,11.181434599156118,8.438818565400844,6
AgBr,7.7355836849507735,5.9071729957805905,9.915611814345992,7.454289732770746,6
LaBr,7.59493670886076,2.5316455696202533,5.133614627285514,2.6722925457102673,6
YCl,7.594936708860759,2.9535864978902953,5.414908579465542,4.219409282700422,6
ZrCl,7.524613220815752,1.6877637130801686,5.063291139240507,2.109704641350211,6
KF,7.383966244725738,6.329113924050633,10.548523206751055,9.282700421940929,6
RbI,7.10267229254571,5.344585091420535,9.774964838255977,7.172995780590717,6
AgF,7.032348804500703,5.9071729957805905,10.056258790436004,9.70464135021097,6
ZrBr,6.751054852320675,1.4064697609001406,5.485232067510548,1.969057665260197,6
LiCl,6.680731364275668,4.781997187060478,10.267229254571026,7.032348804500703,6
LaCl,6.540084388185654,1.6877637130801686,2.9535864978902953,1.1251758087201125,6
NaBr,6.39943741209564,5.9071729957805905,9.985935302390999,9.70464135021097,6
TlF,5.977496483825597,1.8284106891701828,5.836849507735584,1.8284106891701828,6
CsBr,5.69620253164557,5.485232067510549,9.49367088607595,7.59493670886076,6
TbCl,5.485232067510549,2.8129395218002813,5.063291139240507,4.641350210970464,6
TbBr,5.344585091420534,1.969057665260197,4.922644163150492,2.5316455696202533,6
HgBr,5.274261603375527,1.6877637130801686,2.390998593530239,1.5471167369901548,6
HgCl,4.9929676511954995,1.5471167369901548,1.8284106891701828,1.4064697609001406,6
GdBr,4.852320675105485,2.250351617440225,4.711673699015471,4.219409282700422,6
LaI,4.781997187060478,4.360056258790436,8.08720112517581,6.188466947960619,6
AuCl,4.430379746835443,1.4064697609001406,1.3361462728551337,1.1251758087201125,6
RbF,4.360056258790436,3.938115330520394,7.665260196905766,5.485232067510549,6
YI,3.586497890295359,1.1251758087201125,3.727144866385373,1.6877637130801686,6
HgI,3.5161744022503516,0.9845288326300985,1.4767932489451476,1.2658227848101267,6
ScCl,2.742616033755274,0.8438818565400843,1.8987341772151898,0.8438818565400843,6
HgF,2.109704641350211,0.8438818565400843,2.180028129395218,1.4064697609001406,6
CoBr,1.2658227848101267,0.7032348804500703,0.8438818565400843,0.7032348804500703,6
Ag2F,0.5625879043600562,0.5625879043600562,0.5625879043600562,0.42194092827004215,6
Bi4I,0.2812939521800281,0.2812939521800281,0.2812939521800281,0.2812939521800281,6
Bi9I2,0.14064697609001406,0.14064697609001406,0.14064697609001406,0.14064697609001406,6
