material_id,formula,n_X,h,k,l,frac_exact6,mean_inplane_count,median_inplane_count,mean_psi6_exact6,mean_psi4_exact6,psi6_minus_psi4,psi6_over_psi4,strict_exact6_all,fallback_sixfold
mp-27972,AcBr3,6,1,1,1,0.0,2.0,3.0,0.0,0.0,0.0,0.0,False,False
mp-27971,AcCl3,6,1,1,1,0.0,2.0,3.0,0.0,0.0,0.0,0.0,False,False
mp-542298,Ag2F5,20,0,1,-2,0.5,4.6,6.0,0.3338399614145639,0.2688554664423183,0.06498449497224562,1.241707917760295,False,False
mp-1391,Ag2F,1,0,0,1,1.0,6.0,6.0,0.9999999999998993,2.1146319976039765e-07,0.9999997885366996,4728955.208910903,True,True
mp-562412,Ag3F8,16,0,1,0,0.75,6.5,6.0,0.675431004707927,0.15218133766274128,0.5232496670451858,4.438330054666706,False,True
mp-23231,AgBr,1,0,0,1,1.0,6.0,6.0,0.9999999999998219,2.813062122423419e-07,0.9999997186936097,3554845.0637781653,True,True
mp-22922,AgCl,1,1,0,0,1.0,6.0,6.0,0.9999999999999982,2.8321506886928783e-08,0.9999999716784913,35308855.70433853,True,True
mp-570687,AgCl,2,1,0,-1,1.0,6.0,6.0,0.980519315406589,0.02795388094365778,0.9525654344629312,35.076321509090874,True,True
mp-570858,AgCl,2,1,1,1,0.0,0.0,0.0,0.0,0.0,0.0,0.0,False,False
mp-2284,AgF2,8,1,1,1,0.0,2.5,2.0,0.0,0.0,0.0,0.0,False,False
mp-7715,AgF2,4,1,1,1,0.0,3.0,3.0,0.0,0.0,0.0,0.0,False,False
mp-7592,AgF,1,0,0,1,1.0,6.0,6.0,0.9999999999999701,1.148661506799426e-07,0.9999998851338194,8705784.89903715,True,True
mp-22894,AgI,2,0,0,1,1.0,6.0,6.0,0.9999999999995239,4.5997640968190654e-07,0.9999995400231143,2174024.5346300844,True,True
mp-22915,AgI,1,1,1,1,0.0,0.0,0.0,0.0,0.0,0.0,0.0,False,False
mp-22919,AgI,1,0,1,0,1.0,6.0,6.0,1.0,7.99983741853228e-17,0.9999999999999999,1000000000000.0,True,True
mp-22925,AgI,1,0,1,0,1.0,6.0,6.0,0.9999999999999556,1.4027386906525984e-07,0.9999998597260865,7128911.5119133415,True,True
mp-567809,AgI,2,1,0,1,1.0,6.0,6.0,0.9841308616458091,0.031764272267850294,0.9523665893779588,30.9823204305512,True,True
mp-580941,AgI,4,0,0,1,1.0,6.0,6.0,0.9999999999998286,2.759994839665236e-07,0.9999997240003446,3623195.180035627,True,True
mp-23288,AlBr3,12,0,1,-1,1.0,6.0,6.0,0.9635569046773521,0.06537315349157247,0.8981837511857796,14.739336458682054,True,True
mp-25469,AlCl3,6,2,-1,-1,1.0,6.0,6.0,0.9514169198888184,0.06804063095792266,0.8833762889308957,13.98307021105064,True,True
mp-25470,AlCl3,3,0,0,1,1.0,6.0,6.0,0.9999999999999662,1.2233068292286336e-07,0.9999998776692833,8174564.026839649,True,True
mp-1103295,AlF3,9,1,1,3,0.6666666666666666,4.666666666666667,6.0,0.873482810150069,0.25453528601114866,0.6189475241389204,3.4316766992840844,False,True
mp-1323,AlF3,48,1,0,0,0.4166666666666667,4.75,5.0,0.2315827734452252,0.1837751522756959,0.0478076211695293,1.2601419211331097,False,False
mp-468,AlF3,6,0,1,1,1.0,6.0,6.0,0.33373965884527346,0.46303433075531686,-0.1292946719100434,0.7207665537474648,True,False
mp-555026,AlF3,30,1,-3,-3,0.4,4.0,4.0,0.17156321255032295,0.4358818241470455,-0.26431861159672254,0.39360029036779887,False,False
mp-559871,AlF3,18,2,1,2,0.6666666666666666,5.0,6.0,0.2855211487125438,0.3686771446022071,-0.08315599588966327,0.7744476512657534,False,False
mp-30930,AlI3,12,1,1,2,1.0,6.0,6.0,0.9830064978582912,0.03541722450010463,0.9475892733581865,27.75504042829181,True,True
mp-17407,Au3F8,16,1,2,1,0.375,4.125,4.5,0.21278682466856136,0.1436089603980756,0.06917786427048575,1.481709943994642,False,False
mp-27213,AuBr3,24,1,0,-1,0.3333333333333333,3.0,3.0,0.8914091922206175,0.22548691558748235,0.6659222766331352,3.953263496013261,False,True
mp-505366,AuBr,4,1,0,2,1.0,6.0,6.0,0.9519595684711207,0.05174267703594369,0.900216891435177,18.397957411631992,True,True
mp-570140,AuBr,4,1,1,1,0.0,0.0,0.0,0.0,0.0,0.0,0.0,False,False
mp-541656,AuCl2,8,0,1,0,0.5,4.5,4.5,0.2487000301283726,0.06139301689493935,0.18730701323343324,4.050949810040579,False,False
mp-27647,AuCl3,12,0,3,1,0.16666666666666666,3.6666666666666665,4.0,0.9730347294645663,0.10939300329592808,0.8636417261686382,8.894853419759666,False,True
mp-32780,AuCl,4,1,1,1,0.0,2.0,2.0,0.0,0.0,0.0,0.0,False,False
mp-30103,AuF5,40,2,0,3,0.5,5.9,6.0,0.3344499036241686,0.40810012535667867,-0.07365022173251007,0.8195290391833624,False,False
mp-27725,AuI,4,1,1,1,0.0,0.0,0.0,0.0,0.0,0.0,0.0,False,False
mp-27456,BaBr2,8,1,1,1,0.0,1.5,1.5,0.0,0.0,0.0,0.0,False,False
mp-23199,BaCl2,8,0,1,-3,0.25,4.0,4.0,0.5649679177009039,0.31356433823312646,0.25140357946777747,1.8017607515076086,False,False
mp-567680,BaCl2,6,1,-2,0,0.16666666666666666,3.6666666666666665,3.5,0.7292789381411918,0.2743149171608737,0.45496402098031813,2.6585464096854117,False,True
mp-568662,BaCl2,2,1,1,1,0.0,0.0,0.0,0.0,0.0,0.0,0.0,False,False
mp-1029,BaF2,2,1,1,1,1.0,6.0,6.0,0.9999999999998936,2.174497006868869e-07,0.999999782550193,4598764.665304493,True,True
mp-555585,BaF2,8,1,0,0,1.0,6.0,6.0,0.6026324761302164,0.20167276373943266,0.40095971239078376,2.9881698696252106,True,True
mp-8644,BaF2,4,0,0,1,1.0,6.0,6.0,0.9999999999998249,2.7892207446131915e-07,0.9999997210777505,3585230.7564079324,True,True
mp-1080821,BaF3,6,0,0,1,0.6666666666666666,6.666666666666667,6.0,0.26291583161986365,0.6392818695221558,-0.37636603790229217,0.4112674614351028,False,False
mp-23260,BaI2,8,1,1,1,0.0,1.5,1.5,0.0,0.0,0.0,0.0,False,False
mp-568536,BaI2,6,1,1,1,0.0,1.0,1.0,0.0,0.0,0.0,0.0,False,False
mp-30139,BeBr2,4,1,1,-2,1.0,6.0,6.0,0.9419617669458342,0.07949824612940208,0.8624635208164322,11.848837085192672,True,True
mp-23267,BeCl2,4,1,1,0,1.0,6.0,6.0,0.9295936962600398,0.08597182128853734,0.8436218749715025,10.812771933028515,True,True
mp-570974,BeCl2,32,2,-3,-2,0.0625,3.5,3.0,0.7356153064119395,0.1603170925497352,0.5752982138622043,4.5885020412513375,False,True
mp-15951,BeF2,6,0,0,1,1.0,6.0,6.0,0.99999995885784,0.0001352326665713176,0.9998647261912686,7394.662726187319,True,True
mp-30140,BeI2,32,1,1,1,0.0,1.5,1.5,0.0,0.0,0.0,0.0,False,False
mp-570886,BeI2,4,1,-1,1,1.0,6.0,6.0,0.9519682322268789,0.07342491074427883,0.8785433214826001,12.965194272313841,True,True
mp-583234,Bi4I,4,0,3,1,0.5,5.0,5.0,0.9971081889849553,0.03373161469035972,0.9633765742945957,29.56004917457813,False,True
mp-27709,Bi6Br7,56,1,1,1,0.0,1.3214285714285714,1.0,0.0,0.0,0.0,0.0,False,False
mp-582968,Bi6Cl7,56,1,1,1,0.0,1.3928571428571428,1.5,0.0,0.0,0.0,0.0,False,False
mp-28149,Bi9I2,4,1,1,1,0.0,1.5,1.5,0.0,0.0,0.0,0.0,False,False
mp-610430,BiBr3,12,3,1,0,0.3333333333333333,5.0,5.0,0.9528970280279307,0.04162593208357801,0.9112710959443527,22.891908489032044,False,True
mp-568758,BiBr,8,1,1,1,0.0,0.5,0.5,0.0,0.0,0.0,0.0,False,False
mp-22908,BiCl3,12,1,1,1,0.0,1.3333333333333333,1.0,0.0,0.0,0.0,0.0,False,False
mp-23237,BiF3,12,0,0,1,1.0,6.0,6.0,0.4282077533566196,0.06506602201379065,0.36314173134282896,6.581126986153565,True,False
mp-557466,BiF3,12,1,1,-1,1.0,6.0,6.0,0.9996120940309255,8.621991338867574e-05,0.9995258741175369,11593.749688946176,True,True
mp-27743,BiF5,5,0,1,3,1.0,6.0,6.0,0.20013618299293362,0.326789907030995,-0.12665372403806135,0.6124307351204434,True,False
mp-22849,BiI3,6,1,1,1,1.0,6.0,6.0,0.9895431434211975,0.03520312279127205,0.9543400206299255,28.10952736461596,True,True
mp-569157,BiI3,6,0,0,1,1.0,6.0,6.0,0.9944233126314826,0.025499003340434298,0.9689243092910483,38.99851689711358,True,True
mp-27708,BiI,8,1,1,1,0.0,0.0,0.0,0.0,0.0,0.0,0.0,False,False
mp-568388,BiI,4,1,1,1,0.0,1.0,1.0,0.0,0.0,0.0,0.0,False,False
mp-22888,CaBr2,4,0,1,0,1.0,6.0,6.0,0.9807286859271918,0.08807907393164241,0.8926496119955494,11.134638934650118,True,True
mp-23214,CaCl2,4,0,1,0,1.0,6.0,6.0,0.9700181292013266,0.1084052276770225,0.861612901524304,8.948075198839613,True,True
mp-571627,CaCl2,8,1,1,1,0.0,1.0,1.0,0.0,0.0,0.0,0.0,False,False
mp-571642,CaCl2,8,1,0,0,1.0,6.0,6.0,0.9586727602016302,0.05617857265289547,0.9024941875487347,17.064740432706948,True,True
mp-10464,CaF2,8,1,0,0,1.0,6.0,6.0,0.5929612006580046,0.19473240975075692,0.3982287909072477,3.0450052018405724,True,False
mp-2741,CaF2,2,0,0,1,1.0,6.0,6.0,0.9999999999999931,5.5332919526465924e-08,0.9999999446670735,18072424.31011958,True,True
mp-30031,CaI2,2,0,0,1,1.0,6.0,6.0,0.9999999999998727,2.3774446950733655e-07,0.9999997622554031,4206196.687023307,True,True
mp-703595,Cd13I28,28,0,0,1,1.0,6.0,6.0,0.9999999999999046,2.0576543989531824e-07,0.9999997942344647,4859902.6177994115,True,True
mp-27934,CdBr2,4,0,0,1,1.0,6.0,6.0,0.999999999999759,3.272200805525463e-07,0.9999996727796784,3056047.1665160386,True,True
mp-568690,CdBr2,2,1,1,1,1.0,6.0,6.0,0.9999999999997935,3.02749472844538e-07,0.9999996972503207,3303061.0775441187,True,True
mp-22881,CdCl2,2,1,1,1,1.0,6.0,6.0,0.9999999999996607,3.8832022799210603e-07,0.9999996116794327,2575194.202914377,True,True
mp-1080124,CdCl4,8,1,1,1,0.0,0.5,0.5,0.0,0.0,0.0,0.0,False,False
mp-241,CdF2,2,1,0,0,1.0,6.0,6.0,0.9999999999998485,2.593708439055606e-07,0.9999997406290045,3855483.4650727278,True,True
mp-1188728,CdI2,12,0,0,1,1.0,6.0,6.0,0.9999999999999075,2.0274244153480894e-07,0.999999797257466,4932366.368036547,True,True
mp-28248,CdI2,4,0,0,1,1.0,6.0,6.0,0.9999999999999017,2.0880538937340725e-07,0.9999997911945123,4789148.4171014335,True,True
mp-567259,CdI2,2,0,0,1,1.0,6.0,6.0,0.9999999999999359,1.6876472170633168e-07,0.9999998312352142,5925408.994778191,True,True
mp-567296,CdI2,6,0,0,1,1.0,6.0,6.0,0.9999999999999076,2.026049927110427e-07,0.999999797394915,4935712.524252143,True,True
mp-567336,CdI2,8,0,0,1,1.0,6.0,6.0,0.9999999999999192,1.8959912228785742e-07,0.9999998104007969,5274286.019540095,True,True
mp-567359,CdI2,10,0,0,1,1.0,6.0,6.0,0.9999999999995974,4.229454980763157e-07,0.9999995770540994,2364370.833944091,True,True
mp-567402,CdI2,12,0,0,1,1.0,6.0,6.0,0.999999999999952,1.4600781417411753e-07,0.9999998539921379,6848948.5008482495,True,True
mp-567442,CdI2,12,0,0,1,1.0,6.0,6.0,0.9999999999999009,2.0979610461306375e-07,0.9999997902037963,4766532.733504491,True,True
mp-567483,CdI2,12,0,0,1,1.0,6.0,6.0,0.9999999999934454,1.7067890420509958e-06,0.9999982932044033,585895.4887545892,True,True
mp-567534,CdI2,16,0,0,1,1.0,6.0,6.0,0.9999999999998224,2.808809985512729e-07,0.9999997191188238,3560226.5911813867,True,True
mp-568289,CdI2,6,0,0,1,1.0,6.0,6.0,0.99999999999993,1.76543122821186e-07,0.9999998234568072,5664338.457481536,True,True
mp-569468,CdI2,32,0,0,1,1.0,6.0,6.0,0.9999999999999668,1.2152454992207427e-07,0.9999998784754169,8228789.990509747,True,True
mp-569611,CdI2,34,0,0,1,1.0,6.0,6.0,0.9999999999999316,1.7392322063593237e-07,0.999999826076711,5749663.537413431,True,True
mp-569666,CdI2,34,0,0,1,1.0,6.0,6.0,1.0,2.660630382459046e-16,0.9999999999999998,1000000000000.0,True,True
mp-569722,CdI2,34,0,0,1,1.0,6.0,6.0,0.9999999999998677,2.424444851930579e-07,0.9999997575553825,4124655.5853954377,True,True
mp-569964,CdI2,16,0,0,1,1.0,6.0,6.0,0.9999999999999132,1.9633324321746374e-07,0.99999980366667,5093380.945641933,True,True
mp-569994,CdI2,8,0,0,1,1.0,6.0,6.0,0.9999999999999288,1.778003783317448e-07,0.9999998221995505,5624284.995243944,True,True
mp-570019,CdI2,16,0,0,1,1.0,6.0,6.0,0.9999999999999509,1.4758221790478683e-07,0.999999852417733,6775884.074632246,True,True
mp-570054,CdI2,16,0,0,1,1.0,6.0,6.0,0.9999999999998181,2.8430776604980906e-07,0.9999997156920521,3517315.1050141347,True,True
mp-570082,CdI2,16,0,0,1,1.0,6.0,6.0,0.9999999999999248,1.8258911916367538e-07,0.9999998174108057,5476777.611832999,True,True
mp-570089,CdI2,24,0,0,1,1.0,6.0,6.0,0.9999999999863302,2.464840642939495e-06,0.9999975351456872,405705.7412010864,True,True
mp-570127,CdI2,16,0,0,1,1.0,6.0,6.0,0.9999999999999705,1.1423189035247369e-07,0.9999998857680801,8754122.83657718,True,True
mp-570165,CdI2,18,0,0,1,1.0,6.0,6.0,0.9999999999995792,4.32487507088116e-07,0.9999995675120721,2312205.517177718,True,True
mp-570263,CdI2,18,0,0,1,1.0,6.0,6.0,0.9999999999999862,7.839644253437138e-08,0.9999999216035437,12755680.840512067,True,True
mp-570314,CdI2,18,0,0,1,1.0,6.0,6.0,0.9999999999998265,2.777374849830827e-07,0.9999997222623415,3600522.270376062,True,True
mp-570410,CdI2,18,0,0,1,1.0,6.0,6.0,0.9999999999997891,3.06403614847568e-07,0.9999996935961742,3263669.067668398,True,True
mp-570437,CdI2,6,0,0,1,1.0,6.0,6.0,0.9999999999999466,1.5403101353419097e-07,0.9999998459689331,6492199.051705727,True,True
mp-570448,CdI2,26,0,0,1,1.0,6.0,6.0,0.9999999999998893,2.2168661375651752e-07,0.9999997783132756,4510872.276204317,True,True
mp-570472,CdI2,10,0,0,1,1.0,6.0,6.0,0.9999999999997872,3.074094564959722e-07,0.9999996925903307,3252990.3647023607,True,True
mp-570492,CdI2,26,0,0,1,1.0,6.0,6.0,0.9999999999999404,1.624581439950443e-07,0.9999998375417963,6155431.641706092,True,True
mp-570511,CdI2,10,0,0,1,1.0,6.0,6.0,0.999999999999919,1.8955566236462082e-07,0.9999998104442566,5275495.268911374,True,True
mp-570552,CdI2,26,0,0,1,1.0,6.0,6.0,0.9999999999998485,2.59461855792121e-07,0.9999997405379927,3854131.0704300264,True,True
mp-570559,CdI2,10,0,0,1,1.0,6.0,6.0,0.9999999999998398,2.667841667571936e-07,0.999999733215673,3748348.3827207885,True,True
mp-570610,CdI2,26,0,0,1,1.0,6.0,6.0,0.9999999999999987,2.357939204663491e-08,0.9999999764206067,42409914.4720193,True,True
mp-570613,CdI2,12,0,0,1,1.0,6.0,6.0,0.9999999999999719,1.116619723315929e-07,0.9999998883379996,8955600.363482371,True,True
mp-570671,CdI2,12,0,0,1,1.0,6.0,6.0,0.9999999999994382,4.997223126835306e-07,0.9999995002771256,2001111.3664895103,True,True
mp-570695,CdI2,12,0,0,1,1.0,6.0,6.0,0.9999999994411849,1.5759388612678772e-05,0.9999842400525722,63454.23823337049,True,True
mp-570781,CdI2,12,0,0,1,1.0,6.0,6.0,0.9999999999925362,1.8213104669441513e-06,0.9999981786820692,549055.2094999849,True,True
mp-570882,CdI2,12,0,0,1,1.0,6.0,6.0,0.9999999999998689,2.4106135622189893e-07,0.9999997589385127,4148321.4716479103,True,True
mp-570939,CdI2,12,0,0,1,1.0,6.0,6.0,0.9999999658503979,0.0001232046473920667,0.9998767612030058,8116.576663444832,True,True
mp-571037,CdI2,14,0,0,1,1.0,6.0,6.0,0.9999999999999487,1.5049375671108462e-07,0.999999849506192,6644793.922712235,True,True
mp-571091,CdI2,14,0,0,1,1.0,6.0,6.0,0.9999999999999984,2.4709461823725192e-08,0.9999999752905366,40470326.99999286,True,True
mp-571136,CdI2,14,0,0,1,1.0,6.0,6.0,0.9999999999999553,1.4147732448477241e-07,0.9999998585226307,7068270.506540346,True,True
mp-571197,CdI2,14,0,0,1,1.0,6.0,6.0,0.9999999999732071,3.450803480329908e-06,0.9999965491697268,289787.5830001203,True,True
mp-571225,CdI2,14,0,0,1,1.0,6.0,6.0,0.9999999999998473,2.6046534111832917e-07,0.9999997395345063,3839282.4001314947,True,True
mp-571514,CdI2,16,0,0,1,1.0,6.0,6.0,0.9999999999997762,3.1534334683651383e-07,0.9999996846564293,3171146.65659401,True,True
mp-571516,CdI2,32,0,0,1,1.0,6.0,6.0,0.999999999999973,1.0943256790188306e-07,0.9999998905674051,9138047.467702396,True,True
mp-571519,CdI2,14,0,0,1,1.0,6.0,6.0,0.9999999999998526,2.5594721077229336e-07,0.9999997440526418,3907055.6658244464,True,True
mp-571535,CdI2,16,0,0,1,1.0,6.0,6.0,0.999999999999783,3.1052424402369373e-07,0.999999689475539,3220360.4686128167,True,True
mp-571538,CdI2,20,0,0,1,1.0,6.0,6.0,0.999999999999425,5.054230109735965e-07,0.999999494576414,1978540.70409878,True,True
mp-571539,CdI2,16,0,0,1,1.0,6.0,6.0,0.9999999999998912,2.1987281391576068e-07,0.9999997801270772,4548083.87717737,True,True
mp-571559,CdI2,20,0,0,1,1.0,6.0,6.0,0.9999999999998946,2.1616607496870752e-07,0.9999997838338197,4626072.801408158,True,True
mp-571567,CdI2,16,0,0,1,1.0,6.0,6.0,0.9999999999996478,3.9556871039004546e-07,0.9999996044309375,2528005.814751148,True,True
mp-571568,CdI2,16,0,0,1,1.0,6.0,6.0,0.9999999999999672,1.2053584300275365e-07,0.9999998794641243,8296287.436900592,True,True
mp-571569,CdI2,18,0,0,1,1.0,6.0,6.0,0.9999999999999969,3.736714050577183e-08,0.9999999626328564,26761480.44685234,True,True
mp-571578,CdI2,20,0,0,1,1.0,6.0,6.0,0.9999999999999499,1.492186696647251e-07,0.9999998507812803,6701574.288571394,True,True
mp-571579,CdI2,20,0,0,1,1.0,6.0,6.0,0.9999999814864526,9.071053935453421e-05,0.9999092709470981,11024.077120499087,True,True
mp-571583,CdI2,20,0,0,1,1.0,6.0,6.0,0.9999999999999314,1.7497373791496662e-07,0.9999998250261934,5715143.380464955,True,True
mp-571592,CdI2,16,0,0,1,1.0,6.0,6.0,0.9999999999999075,2.0275304286963547e-07,0.9999997972468646,4932108.469725308,True,True
mp-571593,CdI2,24,0,0,1,1.0,6.0,6.0,0.9999999999997821,3.111674059218839e-07,0.9999996888323761,3213704.2022030554,True,True
mp-571595,CdI2,20,0,0,1,1.0,6.0,6.0,0.9999999999999751,1.0507161549680234e-07,0.9999998949283596,9517318.21455061,True,True
mp-571603,CdI2,24,0,0,1,1.0,6.0,6.0,0.9999999999999117,1.9805703578911583e-07,0.999999801942876,5049050.623299627,True,True
mp-571605,CdI2,20,0,0,1,1.0,6.0,6.0,0.9999999999999515,1.4651773890296623e-07,0.9999998534822125,6825112.150155538,True,True
mp-571607,CdI2,24,0,0,1,1.0,6.0,6.0,0.9999999999999437,1.582035985005841e-07,0.9999998417963452,6320968.735715904,True,True
mp-571613,CdI2,24,0,0,1,1.0,6.0,6.0,0.9999999999999124,1.9709951130283377e-07,0.9999998029004011,5073579.297025559,True,True
mp-571615,CdI2,20,0,0,1,1.0,6.0,6.0,0.9999999999183184,6.025173485818072e-06,0.9999939747448326,165970.32471713846,True,True
mp-571616,CdI2,20,0,0,1,1.0,6.0,6.0,0.9999999999998801,2.304937029706839e-07,0.9999997695061771,4338513.317767594,True,True
mp-571635,CdI2,24,0,0,1,1.0,6.0,6.0,0.9999999999998996,2.1120688165420054e-07,0.999999788793018,4734694.211513214,True,True
mp-571646,CdI2,24,0,0,1,1.0,6.0,6.0,0.9999999999999929,5.582471198068386e-08,0.9999999441752809,17913213.78148815,True,True
mp-571654,CdI2,24,0,0,1,1.0,6.0,6.0,0.9999999999999845,8.334162525944567e-08,0.9999999166583592,11998806.08143825,True,True
mp-571660,CdI2,24,0,0,1,1.0,6.0,6.0,0.9999999999999852,8.14194410615744e-08,0.9999999185805442,12282078.910904381,True,True
mp-571667,CdI2,26,0,0,1,1.0,6.0,6.0,0.9999999999999147,1.9468115076697675e-07,0.999999805318764,5136604.114267143,True,True
mp-571668,CdI2,24,0,0,1,1.0,6.0,6.0,0.9999999999997704,3.194302725750635e-07,0.9999996805694978,3130573.6677314406,True,True
mp-574663,CdI2,8,1,1,1,1.0,6.0,6.0,0.9999999999999902,6.56403984549094e-08,0.9999999343595918,15234520.562621566,True,True
mp-582042,CdI2,30,0,0,1,1.0,6.0,6.0,0.9999999999998832,2.277325608872858e-07,0.9999997722673223,4391115.596749577,True,True
mp-582084,CdI2,36,0,0,1,1.0,6.0,6.0,0.9999999999998591,2.5010274766528086e-07,0.9999997498971115,3998356.712730664,True,True
mp-582619,CdI2,12,0,0,1,1.0,6.0,6.0,0.9999999999999876,7.436577658591273e-08,0.999999925634211,13447045.750200903,True,True
mp-624399,CdI2,18,0,0,1,1.0,6.0,6.0,0.9999999999997896,3.058274504387296e-07,0.9999996941723391,3269817.665370534,True,True
mp-624400,CdI2,20,0,0,1,1.0,6.0,6.0,0.9999999999999419,1.6095919318589723e-07,0.9999998390407487,6212754.799565925,True,True
mp-624406,CdI2,20,0,0,1,1.0,6.0,6.0,0.9999999999995202,4.617590846947833e-07,0.9999995382404354,2165631.4583621174,True,True
mp-624417,CdI2,22,0,0,1,1.0,6.0,6.0,0.9999999999999756,1.0399116904840441e-07,0.9999998960088066,9616201.155835733,True,True
mp-624418,CdI2,22,0,0,1,1.0,6.0,6.0,0.9999999999999422,1.6082353082357622e-07,0.9999998391764113,6217995.556240737,True,True
mp-627557,CdI2,18,0,0,1,1.0,6.0,6.0,0.9999999999999969,3.7357437789182475e-08,0.9999999626425591,26768431.112520386,True,True
mp-647489,CdI2,14,0,0,1,1.0,6.0,6.0,0.9999999999999964,3.9614082451014696e-08,0.999999960385914,25243548.20628647,True,True
mp-669326,CdI2,18,0,0,1,1.0,6.0,6.0,0.9999999999997377,3.4147181055299335e-07,0.999999658527927,2928499.42248614,True,True
mp-669334,CdI2,30,0,0,1,1.0,6.0,6.0,0.9999999999999847,8.343476736254365e-08,0.9999999165652174,11985411.257332928,True,True
mp-669340,CdI2,28,0,0,1,1.0,6.0,6.0,0.9999999999999477,1.5215762501365798e-07,0.9999998478423227,6572132.023683898,True,True
mp-669357,CdI2,22,0,0,1,1.0,6.0,6.0,0.999999999999953,1.450970334439191e-07,0.9999998549029195,6891939.664544963,True,True
mp-669358,CdI2,22,0,0,1,1.0,6.0,6.0,0.9999999999999706,1.1507548602442014e-07,0.9999998849244846,8689948.090141118,True,True
mp-669360,CdI2,24,0,0,1,1.0,6.0,6.0,0.9999999999999997,5.83025771624418e-09,0.999999994169742,171519004.59113738,True,True
mp-680046,CdI2,28,0,0,1,1.0,6.0,6.0,0.9999999999999705,1.1507549943276454e-07,0.999999884924471,8689947.077607455,True,True
mp-680047,CdI2,28,0,0,1,1.0,6.0,6.0,0.9999999999999872,7.456730398099029e-08,0.9999999254326832,13410703.439873872,True,True
mp-680055,CdI2,22,0,0,1,1.0,6.0,6.0,0.9999999999999815,9.1294572313267e-08,0.9999999087054091,10953553.696145205,True,True
mp-680092,CdI2,20,0,0,1,1.0,6.0,6.0,0.9999999999999568,1.3887077554101628e-07,0.9999998611291813,7200939.118429572,True,True
mp-680093,CdI2,22,0,0,1,1.0,6.0,6.0,0.9999999999999541,1.427253784043168e-07,0.9999998572745757,7006462.418807703,True,True
mp-680094,CdI2,22,0,0,1,1.0,6.0,6.0,0.9999999999999443,1.5679289081980287e-07,0.9999998432070535,6377840.186320774,True,True
mp-680095,CdI2,40,0,0,1,1.0,6.0,6.0,0.9999999999999309,1.7513242083193228e-07,0.9999998248675102,5709965.038167272,True,True
mp-680111,CdI2,8,0,0,1,1.0,6.0,6.0,0.9999999999995896,4.2707991582790916e-07,0.9999995729196737,2341482.1510888776,True,True
mp-680112,CdI2,22,0,0,1,1.0,6.0,6.0,0.9999999999998864,2.2450808016557052e-07,0.9999997754918063,4454182.670229085,True,True
mp-680113,CdI2,22,0,0,1,1.0,6.0,6.0,0.999999999999935,1.7029562113397627e-07,0.9999998297043139,5872141.593195796,True,True
mp-680114,CdI2,22,0,0,1,1.0,6.0,6.0,0.9999999999999392,1.6485419530742753e-07,0.9999998351457439,6065966.34156076,True,True
mp-680115,CdI2,28,0,0,1,1.0,6.0,6.0,0.9999999999999962,4.171738620002025e-08,0.99999995828261,23970821.06739254,True,True
mp-680116,CdI2,28,0,0,1,1.0,6.0,6.0,0.9999999999999976,3.022998907814944e-08,0.9999999697700085,33079734.081770092,True,True
mp-680118,CdI2,30,0,0,1,1.0,6.0,6.0,0.9999999999999727,1.0943255572201182e-07,0.999999890567417,9138048.484769396,True,True
mp-680119,CdI2,30,0,0,1,1.0,6.0,6.0,0.9999999999999455,1.561882663866964e-07,0.9999998438116791,6402529.608236449,True,True
mp-680120,CdI2,30,0,0,1,1.0,6.0,6.0,0.9999999999999999,7.255197635133115e-09,0.9999999927448022,137832220.4701254,True,True
mp-680133,CdI2,34,0,0,1,1.0,6.0,6.0,0.9999999999999446,1.5659133250951214e-07,0.9999998434086121,6386049.495678183,True,True
mp-680144,CdI2,38,0,0,1,1.0,6.0,6.0,0.9999999999997661,3.224531683153248e-07,0.9999996775465978,3101225.5367944557,True,True
mp-680145,CdI2,40,0,0,1,1.0,6.0,6.0,0.9999999999999737,1.0782030145033527e-07,0.9999998921796722,9274691.190328369,True,True
mp-680146,CdI2,38,0,0,1,1.0,6.0,6.0,0.9999999999999872,7.476884331892707e-08,0.9999999252311439,13374554.90296245,True,True
mp-680148,CdI2,40,0,0,1,1.0,6.0,6.0,0.9999999999999922,5.844464791524424e-08,0.9999999415553443,17110206.591545913,True,True
mp-680152,CdI2,30,0,0,1,1.0,6.0,6.0,0.9999999999998758,2.3478622383634994e-07,0.999999765213652,4259193.676954799,True,True
mp-680153,CdI2,42,0,0,1,1.0,6.0,6.0,0.9999999999999035,2.0697468254411202e-07,0.999999793025221,4831508.799569125,True,True
mp-680163,CdI2,50,0,0,1,1.0,6.0,6.0,0.9999999999999991,1.894412688427127e-08,0.9999999810558722,52786808.60347639,True,True
mp-680172,CdI2,44,0,0,1,1.0,6.0,6.0,0.9999999999999997,1.0681262596758914e-08,0.999999989318737,93621890.75881687,True,True
mp-680196,CdI2,58,0,0,1,1.0,6.0,6.0,0.9999999999999848,8.257164230540714e-08,0.9999999174283425,12110695.295381093,True,True
mp-684029,CdI2,28,0,0,1,1.0,6.0,6.0,0.9999999999999812,9.189917175252389e-08,0.9999999081008095,10881490.887566324,True,True
mp-1104603,Ce2Br5,10,1,1,1,0.0,2.2,2.0,0.0,0.0,0.0,0.0,False,False
mp-569850,CeBr3,6,1,1,1,0.0,2.0,3.0,0.0,0.0,0.0,0.0,False,False
mp-582011,CeCl3,6,1,1,1,0.0,2.0,3.0,0.0,0.0,0.0,0.0,False,False
mp-22070,CeF3,18,1,-2,0,0.7777777777777778,5.777777777777778,6.0,0.4038349364240477,0.47360723007652955,-0.06977229365248183,0.8526789938548712,False,False
mp-510560,CeF3,18,0,0,1,0.7777777777777778,5.333333333333333,6.0,0.835758013369679,0.12183977438492545,0.7139182389847536,6.859484249612027,False,True
mp-542001,CeF4,24,1,1,2,0.3333333333333333,3.75,3.5,0.16543135800979225,0.15686144699533236,0.008569911014459891,1.0546336348326233,False,False
mp-30033,CoBr2,2,0,0,1,1.0,6.0,6.0,0.9999999999993014,5.571383247333888e-07,0.9999994428609768,1794886.3964399474,True,True
mp-1059765,CoBr,1,0,0,1,1.0,6.0,6.0,0.9999999999999855,8.021024152999521e-08,0.9999999197897439,12467235.865709594,True,True
mp-23240,CoCl2,2,1,1,1,1.0,6.0,6.0,0.9999999999997489,3.340673120999156e-07,0.9999996659324367,2993408.7047123625,True,True
mp-555908,CoF2,4,1,3,0,1.0,6.0,6.0,0.373198485551107,0.14256615419111943,0.2306323313599876,2.6177214898482117,True,False
mp-559473,CoF3,6,3,1,3,1.0,6.0,6.0,0.7223912499540059,0.04115395259348876,0.6812372973605172,17.553386842076993,True,True
mp-569610,CoI2,2,0,0,1,1.0,6.0,6.0,0.9999999999997327,3.446887669216538e-07,0.9999996553109657,2901167.9403727944,True,True
mp-558380,Cr2F5,10,1,-1,0,0.4,6.0,6.0,0.8021973066013023,0.08655449865899237,0.7156428079423099,9.268117995366149,False,True
mp-567624,CrBr2,2,0,0,1,1.0,6.0,6.0,0.9439865891608193,0.16945467556057076,0.7745319136002486,5.570732032255999,True,True
mp-27734,CrBr3,18,0,0,1,1.0,6.0,6.0,0.9605879466309487,0.07031457315930896,0.8902733734716397,13.661292438689522,True,True
mp-22857,CrCl2,4,0,1,0,1.0,6.0,6.0,0.9611610605256434,0.13956065898562434,0.8216004015400191,6.887048739320221,True,True
mp-1192095,CrCl3,18,1,1,1,0.2222222222222222,3.3333333333333335,3.0,0.21311348742398434,0.07935635940913871,0.13375712801484563,2.685525004054585,False,False
mp-1193047,CrCl3,18,3,-2,2,0.1111111111111111,3.0,2.0,0.5433987457275806,0.2231641167427993,0.32023462898478133,2.434973658215212,False,False
mp-27630,CrCl3,6,2,-1,-1,1.0,6.0,6.0,0.9576450753127963,0.0616675968115733,0.895977478501223,15.529145366875605,True,True
mp-567504,CrCl3,6,1,1,1,1.0,6.0,6.0,0.9567125188046952,0.07389325125891374,0.8828192675457814,12.947224577417508,True,True
mp-569890,CrCl3,18,0,0,1,1.0,6.0,6.0,0.9557328439059847,0.07477612053694546,0.8809567233690392,12.781257399329446,True,True
mp-554340,CrF2,4,3,0,-1,1.0,6.0,6.0,0.814482689181453,0.14736550271769663,0.6671171864637563,5.526956269689055,True,True
mp-560338,CrF3,6,2,1,1,0.6666666666666666,5.333333333333333,6.0,0.7910235091065903,0.08135373959690695,0.7096697695096833,9.723259348936736,False,True
mp-20488,CrF4,16,0,1,3,0.75,5.75,6.0,0.23024999307940666,0.3162578252704647,-0.08600783219105804,0.7280452045178523,False,False
mp-554855,CrF4,32,1,1,0,0.375,4.25,4.5,0.4874050206669806,0.21336254737124238,0.2740424732957382,2.2843982070523143,False,False
mp-639662,CrF5,20,0,1,-2,0.6,6.6,6.0,0.25403850286891205,0.24926348834301315,0.004775014525898902,1.0191564940282307,False,False
mp-27215,CrI2,2,0,1,1,1.0,6.0,6.0,0.9464649072864505,0.08163918612989653,0.864825721156554,11.593267304018996,True,True
mp-567687,CrI2,4,0,0,1,1.0,6.0,6.0,0.9469849256421249,0.16456677487987345,0.7824181507622514,5.754411401289127,True,True
mp-27641,CsBr3,12,1,1,1,0.0,0.6666666666666666,0.5,0.0,0.0,0.0,0.0,False,False
mp-22906,CsBr,1,1,1,1,0.0,0.0,0.0,0.0,0.0,0.0,0.0,False,False
mp-571222,CsBr,1,1,1,1,0.0,0.0,0.0,0.0,0.0,0.0,0.0,False,False
mp-22865,CsCl,1,1,1,1,0.0,0.0,0.0,0.0,0.0,0.0,0.0,False,False
mp-573697,CsCl,1,0,1,0,1.0,6.0,6.0,0.9999999999999899,6.714065934178628e-08,0.9999999328593305,14894104.553090392,True,True
mp-1784,CsF,1,0,0,1,1.0,6.0,6.0,0.9999999999999974,3.314918284939168e-08,0.9999999668508146,30166656.1297558,True,True
mp-8455,CsF,1,1,1,1,0.0,0.0,0.0,0.0,0.0,0.0,0.0,False,False
mp-22876,CsI3,12,1,1,1,0.0,0.6666666666666666,0.5,0.0,0.0,0.0,0.0,False,False
mp-571011,CsI4,16,1,1,1,0.0,1.125,1.0,0.0,0.0,0.0,0.0,False,False
mp-1056920,CsI,1,1,1,1,0.0,0.0,0.0,0.0,0.0,0.0,0.0,False,False
mp-1079694,CsI,4,1,1,1,0.0,0.0,0.0,0.0,0.0,0.0,0.0,False,False
mp-614603,CsI,1,1,1,1,0.0,0.0,0.0,0.0,0.0,0.0,0.0,False,False
mp-23219,CuBr2,2,1,0,1,1.0,6.0,6.0,0.9353400216362338,0.14257445582599743,0.7927655658102364,6.560361855967759,True,True
mp-2360071,CuBr2,2,0,1,2,1.0,6.0,6.0,0.9632250572822464,0.11721616857272554,0.8460088887095208,8.217510169551597,True,True
mp-22913,CuBr,1,1,0,0,1.0,6.0,6.0,0.9992906133816952,0.01759732667892337,0.9816932867027719,56.78650124615595,True,True
mp-22917,CuBr,2,1,0,1,1.0,6.0,6.0,0.9860059042603642,0.07160970335941,0.9143962009009542,13.76916616050744,True,True
mp-23212,CuBr,8,1,1,1,0.0,1.5,2.0,0.0,0.0,0.0,0.0,False,False
mp-23227,CuBr,2,0,0,1,1.0,6.0,6.0,0.9999999999995394,4.5239416722552746e-07,0.9999995476053721,2210461.744306751,True,True
mp-570354,CuBr,1,0,1,0,1.0,6.0,6.0,1.0,7.459086818853016e-17,0.9999999999999999,1000000000000.0,True,True
mp-30999,CuCl2,2,1,0,1,1.0,6.0,6.0,0.9280552732729842,0.13199199462010916,0.7960632786528751,7.031148183979286,True,True
mp-22914,CuCl,1,1,0,1,1.0,6.0,6.0,0.9999999999995539,4.4517326948665617e-07,0.9999995548262844,2246316.3638569014,True,True
mp-23287,CuCl,8,1,1,1,0.0,1.5,2.0,0.0,0.0,0.0,0.0,False,False
mp-571386,CuCl,1,1,0,0,1.0,6.0,6.0,1.0,1.3343220141622404e-16,0.9999999999999999,1000000000000.0,True,True
mp-1229,CuF2,4,3,0,-2,1.0,6.0,6.0,0.3382819355968479,0.008051191549764266,0.33023074404708364,42.01638148911667,True,False
mp-10634,CuF,1,1,0,0,1.0,6.0,6.0,1.0,1.3662212848141106e-16,0.9999999999999999,1000000000000.0,True,True
mp-1007922,CuI,2,1,-1,0,1.0,6.0,6.0,0.9999983479532126,0.0008572467985496027,0.999141101154663,1166.523280862798,True,True
mp-22863,CuI,2,0,1,1,1.0,6.0,6.0,0.9833269099879323,0.08751665211670523,0.895810257871227,11.235883528504335,True,True
mp-22895,CuI,4,0,1,2,1.0,6.0,6.0,0.9999285383349481,0.0015298109321012598,0.9983987274028469,653.6288356637014,True,True
mp-23306,CuI,2,1,1,1,1.0,6.0,6.0,0.9999999999999786,9.72838243576427e-08,0.9999999027161542,10279201.158084588,True,True
mp-569346,CuI,2,0,0,1,1.0,6.0,6.0,0.9999999999999857,8.0008702163629e-08,0.9999999199912835,12498640.434822274,True,True
mp-570136,CuI,6,0,0,1,1.0,6.0,6.0,0.9999999999999868,7.656012491084991e-08,0.9999999234398619,13061629.682088844,True,True
mp-669497,Dy5Cl11,44,1,1,1,0.0,1.2727272727272727,1.0,0.0,0.0,0.0,0.0,False,False
mp-30025,DyBr2,16,1,1,1,0.0,1.0,1.0,0.0,0.0,0.0,0.0,False,False
mp-28448,DyCl3,6,0,1,-3,0.3333333333333333,4.666666666666667,5.0,0.9502207264382949,0.0839577937971538,0.8662629326411411,11.317838207303009,False,True
mp-541637,Er4I5,5,2,2,-3,0.6,5.2,6.0,0.992078568308008,0.06045625891205055,0.9316223093959575,16.40985707950017,False,True
mp-571258,Er6I7,7,3,3,-1,0.7142857142857143,5.428571428571429,6.0,0.9949885181401289,0.033489737909406084,0.9614987802307228,29.710250967974037,False,True
mp-9371,ErF3,12,0,0,1,1.0,6.0,6.0,0.5113068826970675,0.05886805318610261,0.45243882951096487,8.685642806645001,True,False
mp-23311,EuBr2,20,1,1,1,0.0,0.8,0.5,0.0,0.0,0.0,0.0,False,False
mp-22887,EuCl2,8,1,1,1,0.0,1.75,2.0,0.0,0.0,0.0,0.0,False,False
mp-569895,EuCl3,6,1,1,1,0.0,2.0,3.0,0.0,0.0,0.0,0.0,False,False
mp-504731,EuF2,2,0,0,1,1.0,6.0,6.0,0.9999999999999059,2.0434065281646572e-07,0.999999795659253,4893788.809112222,True,True
mp-19908,EuF3,12,0,0,1,1.0,6.0,6.0,0.745444320299469,0.021846043784694864,0.7235982765147742,34.12262319192642,True,True
mp-1102093,EuI2,8,1,1,1,0.0,1.0,1.0,0.0,0.0,0.0,0.0,False,False
mp-23305,EuI2,8,1,1,1,0.0,0.75,1.0,0.0,0.0,0.0,0.0,False,False
mp-570799,EuI2,16,1,1,1,0.0,1.25,1.5,0.0,0.0,0.0,0.0,False,False
mp-22880,FeBr2,2,0,0,1,1.0,6.0,6.0,0.9991543737360538,0.019565123047353247,0.9795892506887005,51.0681364649643,True,True
mp-23232,FeBr3,6,1,1,1,1.0,6.0,6.0,0.9509818147314065,0.07891999134008765,0.8720618233913189,12.049948290457458,True,True
mp-23229,FeCl2,2,1,1,1,1.0,6.0,6.0,0.9999999999999022,2.084142915957745e-07,0.9999997915856106,4798135.446197859,True,True
mp-571096,FeCl2,2,0,0,1,1.0,6.0,6.0,0.9993510817429445,0.016842328995348845,0.9825087527475956,59.33568225741962,True,True
mp-23204,FeCl3,6,0,0,1,1.0,6.0,6.0,0.8580269697264852,0.13989575503353135,0.7181312146929538,6.133330990070616,True,True
mp-556911,FeF2,4,1,0,-3,1.0,6.0,6.0,0.394772565015686,0.13641590510737456,0.2583566599083114,2.8938895703177416,True,False
mp-22398,FeF3,6,2,1,-1,1.0,6.0,6.0,0.838994628647603,0.14987415065547885,0.6891204779921242,5.597994217002974,True,True
mp-559450,FeF3,12,1,1,1,0.0,4.0,4.0,0.0,0.0,0.0,0.0,False,False
mp-571122,FeI2,2,0,0,1,1.0,6.0,6.0,0.9999999999996383,4.009213385621103e-07,0.9999995990782997,2494254.86701731,True,True
mp-636675,Ga2I3,12,1,1,1,0.0,1.3333333333333333,1.0,0.0,0.0,0.0,0.0,False,False
mp-616204,Ga3Cl7,28,1,1,1,0.0,2.142857142857143,2.0,0.0,0.0,0.0,0.0,False,False
mp-28384,GaBr2,16,1,1,1,0.0,1.125,1.0,0.0,0.0,0.0,0.0,False,False
mp-650841,GaBr2,24,1,1,1,0.0,2.0,2.0,0.0,0.0,0.0,0.0,False,False
mp-30953,GaBr3,12,1,-1,-2,1.0,6.0,6.0,0.9830131231900688,0.033002822397947884,0.950010300792121,29.785728969992356,True,True
mp-568848,GaCl2,16,1,1,1,0.0,1.125,1.0,0.0,0.0,0.0,0.0,False,False
mp-30952,GaCl3,6,1,1,1,0.0,2.0,2.0,0.0,0.0,0.0,0.0,False,False
mp-588,GaF3,6,2,1,1,0.6666666666666666,5.333333333333333,6.0,0.799588181465963,0.08966998518485014,0.7099181962811129,8.91701029968559,False,True
mp-570738,GaI2,24,1,1,1,0.0,2.0,2.0,0.0,0.0,0.0,0.0,False,False
mp-30954,GaI3,12,1,1,2,1.0,6.0,6.0,0.9853601147503931,0.02828658924216444,0.9570735255082287,34.83488611209441,True,True
mp-618813,Gd2Br3,6,1,1,1,0.0,0.6666666666666666,1.0,0.0,0.0,0.0,0.0,False,False
mp-1078829,Gd2Cl3,6,1,1,1,0.0,0.3333333333333333,0.0,0.0,0.0,0.0,0.0,False,False
mp-27182,GdBr3,6,1,1,-2,1.0,6.0,6.0,0.9735939815277407,0.05011007485762547,0.9234839066701153,19.429106507901867,True,True
mp-1064427,GdBr,2,0,0,1,1.0,6.0,6.0,0.9999999999999983,2.7206990216313825e-08,0.9999999727930081,36755260.028739944,True,True
mp-23265,GdCl3,6,1,1,1,0.0,2.0,3.0,0.0,0.0,0.0,0.0,False,False
mp-29422,HfCl4,8,1,-1,-2,1.0,6.0,6.0,0.9583457562186504,0.04717711268258217,0.9111686435360682,20.313785683888884,True,True
mp-31033,HfF4,24,2,-1,-1,0.6666666666666666,4.5,6.0,0.3162497959206281,0.39028821556291016,-0.07403841964228208,0.8102980907699276,False,False
mp-568002,HfI3,6,0,0,1,1.0,6.0,6.0,0.9700907118710513,0.054141459570273,0.9159492523007784,17.91770520356808,True,True
mp-567273,HfI4,32,1,1,1,1.0,6.0,6.0,0.9948386686760109,0.016743809015044096,0.9780948596609668,59.415313909885214,True,True
mp-569059,HfI4,16,2,0,1,1.0,6.0,6.0,0.9607556270719702,0.054923593773897834,0.9058320332980723,17.492584899434686,True,True
mp-23292,HgBr2,4,0,0,1,1.0,6.0,6.0,0.9237490178559954,0.1655675542335361,0.7581814636224593,5.579287693970706,True,True
mp-23177,HgBr,2,1,1,1,0.0,0.0,0.0,0.0,0.0,0.0,0.0,False,False
mp-1102919,HgCl2,8,1,1,1,0.0,1.0,1.0,0.0,0.0,0.0,0.0,False,False
mp-22855,HgCl2,8,0,1,0,1.0,6.0,6.0,0.7238548517913739,0.22036904799590973,0.5034858037954641,3.2847392062283145,True,True
mp-22897,HgCl,2,1,1,1,0.0,0.0,0.0,0.0,0.0,0.0,0.0,False,False
mp-8177,HgF2,2,1,0,0,1.0,6.0,6.0,0.999999999999908,2.0229664034984384e-07,0.9999997977032676,4943235.825718842,True,True
mp-706,HgF,2,1,1,1,0.0,0.0,0.0,0.0,0.0,0.0,0.0,False,False
mp-23173,HgI2,4,0,0,1,1.0,6.0,6.0,0.9512657508671132,0.13556109369193195,0.8157046571751813,7.0172475373273615,True,True
mp-23192,HgI2,4,0,1,-2,1.0,6.0,6.0,0.9907331562379287,0.012163747941168252,0.9785694082967604,81.44966181720919,True,True
mp-567471,HgI2,16,3,0,2,1.0,6.0,6.0,0.9919119612564887,0.02206560148504859,0.9698463597714402,44.95286303111191,True,True
mp-568742,HgI2,16,1,0,1,1.0,6.0,6.0,0.9911445324606698,0.010729124303576108,0.9804154081570937,92.37888427952251,True,True
mp-583213,HgI2,32,1,1,0,1.0,6.0,6.0,0.9928318399075997,0.016198015741715796,0.976633824165884,61.293423573524244,True,True
mp-22859,HgI,2,1,1,1,0.0,0.0,0.0,0.0,0.0,0.0,0.0,False,False
mp-561877,HoF3,12,0,0,1,1.0,6.0,6.0,0.53162562408479,0.05668701591719327,0.4749386081675967,9.378260885374052,True,False
mp-667324,In2Cl3,96,1,1,1,0.0,0.7916666666666666,1.0,0.0,0.0,0.0,0.0,False,False
mp-568692,In4Br7,14,1,1,1,0.0,3.4285714285714284,4.0,0.0,0.0,0.0,0.0,False,False
mp-680760,In4Br7,28,1,1,1,0.0,0.8571428571428571,0.0,0.0,0.0,0.0,0.0,False,False
mp-568546,In5Br7,56,1,1,1,0.0,0.7142857142857143,1.0,0.0,0.0,0.0,0.0,False,False
mp-680178,In5Br7,112,1,1,1,0.0,0.6428571428571429,1.0,0.0,0.0,0.0,0.0,False,False
mp-28112,In5Cl9,18,1,1,1,0.0,4.0,4.0,0.0,0.0,0.0,0.0,False,False
mp-28988,In7Br9,36,1,1,1,0.0,0.6666666666666666,0.5,0.0,0.0,0.0,0.0,False,False
mp-28730,In7Cl9,36,1,1,1,0.0,0.6666666666666666,0.5,0.0,0.0,0.0,0.0,False,False
mp-568108,InBr2,16,1,1,1,0.0,1.125,1.0,0.0,0.0,0.0,0.0,False,False
mp-570219,InBr3,6,1,1,-1,1.0,6.0,6.0,0.9838317533239079,0.027013120794524406,0.9568186325293835,36.42051434217596,True,True
mp-22870,InBr,2,1,1,1,0.0,0.0,0.0,0.0,0.0,0.0,0.0,False,False
mp-23276,InCl,32,1,1,1,0.0,1.6875,2.0,0.0,0.0,0.0,0.0,False,False
mp-571555,InCl,2,1,1,1,0.0,0.0,0.0,0.0,0.0,0.0,0.0,False,False
mp-571636,InCl,2,1,1,1,0.0,0.0,0.0,0.0,0.0,0.0,0.0,False,False
mp-6949,InF3,6,1,1,1,1.0,6.0,6.0,0.9625131609592729,0.06848793938026333,0.8940252215790095,14.053761431120634,True,True
mp-29312,InI2,16,1,1,1,0.0,1.0,1.0,0.0,0.0,0.0,0.0,False,False
mp-567789,InI3,12,1,2,-2,1.0,6.0,6.0,0.9835164234441537,0.022427568446745816,0.9610888549974079,43.853011786788656,True,True
mp-23202,InI,2,1,1,1,0.0,0.0,0.0,0.0,0.0,0.0,0.0,False,False
mp-27397,IrBr3,6,1,-1,1,1.0,6.0,6.0,0.9707544232892159,0.03167624859782692,0.939078174691389,30.646129711073566,True,True
mp-27666,IrCl3,6,2,-1,-1,1.0,6.0,6.0,0.9684478141076642,0.026620721723695364,0.9418270923839689,36.37947250865251,True,True
mp-568208,IrCl3,12,1,-1,3,1.0,6.0,6.0,0.9708051489746091,0.041062975578521344,0.9297421733960878,23.64186071022102,True,True
mp-2437,IrF3,6,3,3,1,1.0,6.0,6.0,0.7084185148813876,0.0358118483361145,0.6726066665452731,19.781679745554552,True,True
mp-13841,IrF4,8,3,-1,-1,1.0,6.0,6.0,0.6851138535363691,0.015039270186552468,0.6700745833498166,45.55499336323988,True,True
mp-560553,IrF6,24,0,3,2,0.6666666666666666,5.666666666666667,6.0,0.30004195771065933,0.3896286562147625,-0.08958669850410317,0.7700715872019352,False,False
mp-23251,KBr,1,0,1,0,1.0,6.0,6.0,0.9999999999999776,9.990999434069991e-08,0.9999999000899832,10009008.674246434,True,True
mp-570891,KBr,1,1,1,1,0.0,0.0,0.0,0.0,0.0,0.0,0.0,False,False
mp-23193,KCl,1,0,1,0,1.0,6.0,6.0,0.999999999999997,3.567778272707247e-08,0.9999999643222143,28028647.622241173,True,True
mp-23289,KCl,1,1,1,1,0.0,0.0,0.0,0.0,0.0,0.0,0.0,False,False
mp-1544557,KF3,24,0,0,1,0.3333333333333333,4.333333333333333,5.0,0.4072466363436382,0.33177337131661744,0.07547326502702079,1.227484396133152,False,False
mp-867934,KF3,24,3,2,0,0.16666666666666666,3.1666666666666665,3.0,0.41555734341705686,0.49950760472370226,-0.0839502613066454,0.831933967545736,False,False
mp-1095521,KF5,10,1,-1,1,0.4,4.4,4.0,0.10301616944493086,0.15029212337545172,-0.047275953930520864,0.6854395768138919,False,False
mp-463,KF,1,1,0,0,1.0,6.0,6.0,0.9999999999999362,1.6849571507666651e-07,0.9999998315042211,5934869.023493745,True,True
mp-8454,KF,1,1,1,-1,1.0,6.0,6.0,1.0,1.3343220141622404e-16,0.9999999999999999,1000000000000.0,True,True
mp-22898,KI,1,1,1,1,0.0,0.0,0.0,0.0,0.0,0.0,0.0,False,False
mp-22901,KI,1,1,1,1,0.0,0.0,0.0,0.0,0.0,0.0,0.0,False,False
mp-28571,La2Br5,10,1,1,1,0.0,1.2,1.0,0.0,0.0,0.0,0.0,False,False
mp-30282,La2I5,10,1,1,1,0.0,1.0,1.0,0.0,0.0,0.0,0.0,False,False
mp-28572,LaBr2,4,0,0,1,1.0,6.0,6.0,0.9999999999997419,3.386599589945109e-07,0.9999996613397829,2952814.389302959,True,True
mp-23263,LaBr3,6,1,1,1,0.0,2.0,3.0,0.0,0.0,0.0,0.0,False,False
mp-27679,LaBr,2,1,1,1,1.0,6.0,6.0,0.9999999999999798,9.444037584412936e-08,0.9999999055596039,10588691.447505947,True,True
mp-22896,LaCl3,6,1,1,1,0.0,2.0,3.0,0.0,0.0,0.0,0.0,False,False
mp-27929,LaCl,2,1,1,1,1.0,6.0,6.0,0.9999999999999309,1.7519164088216413e-07,0.9999998248082901,5708034.898037985,True,True
mp-1101074,LaF3,6,1,0,1,1.0,6.0,6.0,0.5993458212316196,0.07951691072795776,0.5198289105036619,7.53733785360568,True,False
mp-334,LaF3,18,0,0,1,0.6666666666666666,4.666666666666667,6.0,0.827959839922905,0.13400070737595904,0.693959132546946,6.178772158268835,False,True
mp-8354,LaF3,6,0,0,1,1.0,6.0,6.0,0.9999999999998997,2.1097067702726367e-07,0.9999997890292227,4739995.216826602,True,True
mp-905,LaF3,18,0,0,1,0.7777777777777778,5.333333333333333,6.0,0.8498638183566419,0.11553022458937266,0.7343335937672693,7.356203291193279,False,True
mp-23194,LaI2,2,1,1,1,0.0,1.0,1.0,0.0,0.0,0.0,0.0,False,False
mp-27979,LaI3,6,0,1,-3,0.3333333333333333,4.666666666666667,5.0,0.9670939888802549,0.0732615099020365,0.8938324789782184,13.200574082808684,False,True
mp-22860,LaI,2,0,0,1,1.0,6.0,6.0,0.999999999999716,3.5527052668291346e-07,0.9999996447291893,2814756.4317718856,True,True
mp-23259,LiBr,1,1,1,1,1.0,6.0,6.0,0.9999999999998449,2.626024809778831e-07,0.9999997373973639,3808037.137638722,True,True
mp-22905,LiCl,4,1,-1,1,1.0,6.0,6.0,1.0,1.601043775561197e-16,0.9999999999999999,1000000000000.0,True,True
mp-1138,LiF,1,0,0,1,1.0,6.0,6.0,0.9999999999999432,1.5872262966567336e-07,0.9999998412773135,6300298.8427441055,True,True
mp-22899,LiI,1,1,0,0,1.0,6.0,6.0,0.9999999999999452,1.5598323314076346e-07,0.999999844016712,6410945.457820575,True,True
mp-568273,LiI,2,0,0,1,1.0,6.0,6.0,0.9999999999996033,4.1987869399122437e-07,0.9999995801209093,2381640.255412683,True,True
mp-570935,LiI,2,0,0,1,1.0,6.0,6.0,0.999999999999518,4.628138015737505e-07,0.9999995371857164,2160696.1516686007,True,True
mp-30034,MgBr2,2,0,0,1,1.0,6.0,6.0,0.9999999999999671,1.2086245013487108e-07,0.999999879137517,8273868.342765364,True,True
mp-23210,MgCl2,6,0,0,1,1.0,6.0,6.0,1.0,3.019518841300234e-16,0.9999999999999997,1000000000000.0,True,True
mp-570259,MgCl2,2,0,0,1,1.0,6.0,6.0,0.9999999999998216,2.8152133526654133e-07,0.9999997184784863,3552128.647915912,True,True
mp-1249,MgF2,4,1,2,0,1.0,6.0,6.0,0.8836302349227854,0.03253271881311952,0.8510975161096659,27.16127846549494,True,True
mp-1746,MgF2,8,3,-1,-2,0.75,6.25,6.0,0.36895665299579933,0.23043180103801586,0.13852485195778347,1.601153362225946,False,False
mp-23205,MgI2,2,0,0,1,1.0,6.0,6.0,0.9999999999997459,3.3600109255605223e-07,0.9999996639986534,2976180.798676791,True,True
mp-28306,MnBr2,2,0,0,1,1.0,6.0,6.0,0.9999999999993522,5.365552863288779e-07,0.9999994634440659,1863740.8399074257,True,True
mp-569843,MnBr2,2,1,1,1,1.0,6.0,6.0,0.9999999999993923,5.197033579327447e-07,0.9999994802960344,1924174.598326923,True,True
mp-571084,MnBr2,8,1,0,0,1.0,6.0,6.0,0.9967977153447766,0.0007135951512398419,0.9960841201935368,1396.8672763721588,True,True
mp-28233,MnCl2,2,1,1,1,1.0,6.0,6.0,0.9999999999999584,1.3589352579928208e-07,0.9999998641064326,7358702.293713254,True,True
mp-556585,MnF2,8,0,0,1,1.0,6.0,6.0,0.39145873325387603,0.1970263821185685,0.19443235113530755,1.986834093204331,True,False
mp-560902,MnF2,4,1,-3,0,1.0,6.0,6.0,0.36571027774675474,0.1439170003869822,0.22179327735977253,2.541119372717516,True,False
mp-556560,MnF3,6,0,0,1,1.0,6.0,6.0,0.312505782698036,0.3409498394666027,-0.02844405676856665,0.9165740719718014,True,False
mp-541103,MnF4,32,1,1,2,0.6875,6.0625,6.0,0.43617161632841783,0.21582670000882,0.22034491631959782,2.020934464135314,False,False
mp-28013,MnI2,2,0,0,1,1.0,6.0,6.0,0.9999999999999307,1.7557235654139043e-07,0.9999998244275742,5695657.446872538,True,True
mp-29555,MoBr2,24,1,1,1,0.0,2.1666666666666665,2.5,0.0,0.0,0.0,0.0,False,False
mp-620029,MoCl2,24,1,1,1,0.0,2.6666666666666665,3.0,0.0,0.0,0.0,0.0,False,False
mp-22853,MoCl3,6,0,0,1,1.0,6.0,6.0,0.9740920090024542,0.08409959184708715,0.889992417155367,11.582600909331196,True,True
mp-569005,MoCl4,24,0,0,1,1.0,6.0,6.0,0.9654725237012677,0.05287336767817045,0.9125991560230973,18.26009134840634,True,True
mp-29147,MoCl5,40,0,1,0,1.0,6.0,6.0,0.963121759068757,0.06328189179645449,0.8998398672723025,15.219547515529838,True,True
mp-569436,MoCl5,10,0,1,-1,1.0,6.0,6.0,0.9552727887653354,0.0770390434126447,0.8782337453526907,12.39985267792854,True,True
mp-569855,MoCl5,40,0,1,0,1.0,6.0,6.0,0.962821498537916,0.06838308824854002,0.894438410289376,14.079818902570144,True,True
mp-571256,MoCl5,30,0,1,1,1.0,6.0,6.0,0.9579015076495333,0.07417992244271873,0.8837215852068145,12.913217972008784,True,True
mp-554201,MoF3,3,1,1,1,0.0,4.0,4.0,0.0,0.0,0.0,0.0,False,False
mp-557539,MoF3,6,1,1,1,1.0,6.0,6.0,0.9684397568840658,0.0625557038354137,0.905884053048652,15.481238280558165,True,True
mp-504759,MoF5,20,1,1,-3,0.4,5.4,5.5,0.3188401423791912,0.18081587516379174,0.13802426721539948,1.7633415323204915,False,False
mp-557259,MoF6,24,1,-1,3,0.5,5.5,6.0,0.6016012169045089,0.17004646884725996,0.4315547480572489,3.5378636262354983,False,True
mp-558836,MoF6,6,1,1,1,1.0,6.0,6.0,0.28530745065138025,0.021639763437417237,0.263667687213963,13.184407097448032,True,False
mp-1198690,MoI2,24,1,1,1,0.0,2.1666666666666665,2.5,0.0,0.0,0.0,0.0,False,False
mp-22916,NaBr,1,0,0,1,1.0,6.0,6.0,0.9999999999999886,7.101861578364814e-08,0.9999999289813728,14080815.135096397,True,True
mp-1078558,NaCl3,6,1,1,1,0.0,2.0,2.0,0.0,0.0,0.0,0.0,False,False
mp-22851,NaCl,1,1,1,-1,1.0,6.0,6.0,1.0,7.629277997537062e-17,0.9999999999999999,1000000000000.0,True,True
mp-22862,NaCl,1,0,0,1,1.0,6.0,6.0,0.9999999999998858,2.2543983722251805e-07,0.9999997745600485,4435773.25250127,True,True
mp-682,NaF,1,1,1,1,1.0,6.0,6.0,0.9999999999999685,1.1821665914571688e-07,0.9999998817833093,8459044.66617808,True,True
mp-23268,NaI,1,0,0,1,1.0,6.0,6.0,0.9999999999998616,2.481493214772904e-07,0.9999997518505401,4029831.6918483996,True,True
mp-723629,NaI,2,1,1,1,0.0,0.0,0.0,0.0,0.0,0.0,0.0,False,False
mp-466,Nb2F5,15,1,1,1,0.6,5.6,6.0,0.999066086764263,0.01429864765703295,0.9847674391072301,69.87136900830346,False,True
mp-27771,Nb3Br8,16,1,1,1,0.5,4.5,5.0,0.9999362962376095,1.4181344491667023e-05,0.9999221148931178,70510.68372432342,False,True
mp-27880,Nb3Cl7,28,0,0,1,0.5714285714285714,5.142857142857143,6.0,0.9854444036661392,0.06214343789011861,0.9233009657760206,15.857577841261243,False,True
mp-29950,Nb3Cl8,16,0,0,1,0.5,4.5,5.0,0.9996507252123819,8.421360098267861e-05,0.9995665116113992,11870.418953085666,False,True
mp-27772,Nb3I8,16,1,1,1,0.5,4.5,5.0,0.9998884643546522,2.4818499706824346e-05,0.9998636458549454,40288.03014550121,False,True
mp-1196526,Nb6I11,44,1,1,1,0.0,1.5454545454545454,1.5,0.0,0.0,0.0,0.0,False,False
mp-1080428,NbBr4,8,0,1,0,1.0,6.0,6.0,0.9691701050002794,0.06780817408218796,0.9013619309180915,14.292821154947802,True,True
mp-28601,NbBr5,40,1,0,0,1.0,6.0,6.0,0.9646922480470644,0.06042146850768705,0.9042707795393774,15.966051005932313,True,True
mp-568245,NbBr5,10,0,1,-1,1.0,6.0,6.0,0.9565942437818775,0.06541718135849017,0.8911770624233873,14.62298166806794,True,True
mp-31040,NbCl4,8,0,1,0,1.0,6.0,6.0,0.9681036273330353,0.06113617749934595,0.9069674498336894,15.83520048081829,True,True
mp-23307,NbCl5,30,1,0,0,1.0,6.0,6.0,0.9503288684244342,0.07232561108081316,0.8780032573436211,13.139589893856305,True,True
mp-568483,NbCl5,20,1,2,2,1.0,6.0,6.0,0.9591688215061028,0.05798442394181267,0.9011843975642901,16.5418358293708,True,True
mp-1795,NbF3,3,1,1,1,0.0,4.0,4.0,0.0,0.0,0.0,0.0,False,False
mp-1416,NbF4,4,2,0,-1,1.0,6.0,6.0,0.9301858321593399,0.04024629100519026,0.8899395411541496,23.11233678749132,True,True
mp-18687,NbF5,20,2,-3,-3,0.7,6.4,6.0,0.27635515192092924,0.41976962683415975,-0.1434144749132305,0.6583495666543546,False,False
mp-570722,NbI3,6,0,0,1,1.0,6.0,6.0,0.9613616963097836,0.06093178472433253,0.900429911585451,15.777671713690555,True,True
mp-570044,NbI4,16,1,-1,0,1.0,6.0,6.0,0.9751633983081468,0.06648452004080266,0.9086788782673442,14.667525579032123,True,True
mp-31487,NbI5,20,1,0,0,1.0,6.0,6.0,0.9724182392688296,0.06311218718139563,0.909306052087434,15.407772772538003,True,True
mp-569578,NbI5,10,0,1,-1,1.0,6.0,6.0,0.965985111393791,0.05632695288844573,0.9096581585053453,17.149607103847828,True,True
mp-570534,Nd4Br9,36,1,1,1,0.0,1.2777777777777777,1.0,0.0,0.0,0.0,0.0,False,False
mp-27975,NdBr3,6,0,1,-3,0.3333333333333333,4.666666666666667,5.0,0.9527296805415274,0.10103843241296259,0.8516912481285648,9.429379076741279,False,True
mp-28313,NdCl2,8,0,3,1,0.25,3.5,3.0,0.9932006500746746,0.03871619937861318,0.9544844506960615,25.65336128068703,False,True
mp-23183,NdCl3,6,1,1,1,0.0,2.0,3.0,0.0,0.0,0.0,0.0,False,False
mp-1191157,NdF3,18,1,1,0,0.7777777777777778,5.777777777777778,6.0,0.40313225401050884,0.4732348148792124,-0.07010256086870353,0.8518651657389231,False,False
mp-18511,NdF3,18,0,0,1,0.6666666666666666,4.666666666666667,6.0,0.8081002810126781,0.141365144472643,0.666735136540035,5.716404026093304,False,True
mp-254,NdF3,18,0,0,1,0.6666666666666666,4.0,6.0,0.7984134666301091,0.14434726706572673,0.6540661995643824,5.531199051150456,False,True
mp-28753,NdI2,2,1,1,1,0.0,1.0,1.0,0.0,0.0,0.0,0.0,False,False
mp-27637,NiBr2,2,1,1,1,1.0,6.0,6.0,0.9999999999994855,4.781275631351739e-07,0.9999995218719224,2091492.0558904703,True,True
mp-27396,NiCl2,2,1,1,1,1.0,6.0,6.0,0.9999999999990328,6.556057904224028e-07,0.9999993443932423,1525306.8453753877,True,True
mp-559798,NiF2,4,3,0,2,1.0,6.0,6.0,0.34671783280869295,0.018170212397451476,0.32854762041124147,19.081660974822892,True,False
mp-614777,NiF3,6,3,1,3,1.0,6.0,6.0,0.7016834142966184,0.041370389525148564,0.6603130247714698,16.961005742285156,True,True
mp-27638,NiI2,2,1,1,1,1.0,6.0,6.0,0.9999999999992584,5.741593630264271e-07,0.9999994258398953,1741676.7266986654,True,True
mp-23166,NpBr3,6,1,1,1,0.0,2.0,3.0,0.0,0.0,0.0,0.0,False,False
mp-567519,NpBr3,6,0,1,-3,0.3333333333333333,4.666666666666667,5.0,0.9523836327290602,0.09694106633457811,0.8554425663944821,9.824356887534593,False,True
mp-23278,NpCl3,6,1,1,1,0.0,2.0,3.0,0.0,0.0,0.0,0.0,False,False
mp-14107,NpF3,6,0,0,1,1.0,6.0,6.0,0.9999999999998231,2.802380456724914e-07,0.9999997197617775,3568394.8537398204,True,True
mp-504787,NpF4,24,1,2,1,0.3333333333333333,3.75,3.5,0.1711133371241017,0.15390392501862574,0.01720941210547597,1.1118191891687834,False,False
mp-504781,NpI3,6,1,-1,3,0.3333333333333333,4.666666666666667,5.0,0.9664400544166902,0.05332659931271931,0.9131134551039709,18.123039287565778,False,True
mp-28301,OsBr4,32,0,1,0,1.0,6.0,6.0,0.9682103299960115,0.054572035964651835,0.9136382940313597,17.741876638488517,True,True
mp-571035,OsCl4,4,1,-1,1,0.5,5.0,5.0,0.7026575526523123,0.13864114232697053,0.5640164103253418,5.068174863960429,False,True
mp-540830,OsF5,40,1,-2,3,0.45,5.2,5.0,0.5637243494316879,0.14959970996244726,0.41412463946924066,3.768218197570001,False,False
mp-22626,OsF6,24,0,3,2,0.6666666666666666,5.666666666666667,6.0,0.2948231977291968,0.3943404887474474,-0.09951729101825063,0.7476361320787788,False,False
mp-27474,PaBr4,8,1,1,1,0.0,0.5,0.5,0.0,0.0,0.0,0.0,False,False
mp-27642,PaBr5,20,1,2,2,1.0,6.0,6.0,0.9812814729768473,0.04318531273306846,0.9380961602437788,22.722574201146095,True,True
mp-27291,PaCl4,8,1,1,1,0.0,0.5,0.5,0.0,0.0,0.0,0.0,False,False
mp-27436,PaCl5,10,1,1,1,0.0,0.8,1.0,0.0,0.0,0.0,0.0,False,False
mp-28077,PbBr2,8,1,1,1,0.0,1.25,1.5,0.0,0.0,0.0,0.0,False,False
mp-23291,PbCl2,8,1,1,1,0.0,1.75,2.0,0.0,0.0,0.0,0.0,False,False
mp-619071,PbCl2,16,0,3,-2,0.25,3.5,3.0,0.8510480869404786,0.21872024391635708,0.6323278430241215,3.8910348292494414,False,True
mp-570355,PbCl4,8,1,0,-2,1.0,6.0,6.0,0.9970335504340524,0.016402274256891124,0.9806312761771613,60.786299193550335,True,True
mp-2511,PbF2,8,1,0,0,1.0,6.0,6.0,0.6326038055960693,0.15866279577079334,0.473941009825276,3.9870960455653277,True,True
mp-315,PbF2,2,0,1,0,1.0,6.0,6.0,0.9999999999998579,2.5132863631440284e-07,0.9999997486712215,3978854.1992839,True,True
mp-341,PbF4,4,1,0,-1,1.0,6.0,6.0,0.9304529617373068,0.19020799661048535,0.7402449651268215,4.891765742334805,True,True
mp-1203179,PbI2,24,0,0,1,1.0,6.0,6.0,0.9999999999998744,2.361970118570139e-07,0.9999997638028626,4233753.814824899,True,True
mp-22883,PbI2,2,1,1,1,1.0,6.0,6.0,0.9999999999996283,4.0638173819535864e-07,0.9999995936178901,2460740.4959690915,True,True
mp-22893,PbI2,2,0,0,1,1.0,6.0,6.0,0.9999999969319967,3.69263326974676e-05,0.9999630705992992,27080.945327684178,True,True
mp-540789,PbI2,4,1,1,1,1.0,6.0,6.0,0.9999999999995378,4.532369403311491e-07,0.9999995467625975,2206351.49303785,True,True
mp-567178,PbI2,6,0,0,1,1.0,6.0,6.0,0.9999999999998751,2.355923562722141e-07,0.9999997644075188,4244619.884205537,True,True
mp-567199,PbI2,10,0,0,1,1.0,6.0,6.0,0.9999999999999167,1.9232050684615812e-07,0.9999998076794099,5199653.51796749,True,True
mp-567246,PbI2,14,0,0,1,1.0,6.0,6.0,0.9999999999999892,6.897673505455772e-08,0.9999999310232541,14497641.838353626,True,True
mp-567503,PbI2,4,0,0,1,1.0,6.0,6.0,0.9999999999999668,1.214844176834941e-07,0.9999998785155492,8231508.361881338,True,True
mp-567542,PbI2,8,0,0,1,1.0,6.0,6.0,0.9999999999999094,2.005256165111391e-07,0.9999997994742928,4986894.030790125,True,True
mp-569595,PbI2,4,1,1,1,1.0,6.0,6.0,0.9999999999997848,3.0924379191827733e-07,0.9999996907559929,3233694.6646419694,True,True
mp-580202,PbI2,20,0,0,1,1.0,6.0,6.0,0.9999999999999233,1.8420138503477088e-07,0.9999998157985382,5428840.829894725,True,True
mp-680205,PbI2,30,0,0,1,1.0,6.0,6.0,0.9999999999999704,1.1487396615183266e-07,0.9999998851260042,8705192.599324357,True,True
mp-27857,PdBr2,16,0,0,1,1.0,6.0,6.0,0.7569460982022618,0.01608546866317636,0.7408606295390854,47.057758406200485,True,True
mp-1018888,PdCl2,4,1,1,1,0.0,2.0,2.0,0.0,0.0,0.0,0.0,False,False
mp-1018891,PdCl2,4,1,1,1,0.0,2.0,2.0,0.0,0.0,0.0,0.0,False,False
mp-29487,PdCl2,12,1,0,-3,0.3333333333333333,4.666666666666667,4.5,0.3456209203697583,0.1803761353333424,0.16524478503641588,1.9161122380798148,False,False
mp-1058,PdF2,4,1,-3,0,1.0,6.0,6.0,0.3753697395136619,0.1467168868701014,0.22865285264356053,2.5584630884787156,True,False
mp-20284,PdF2,8,1,1,1,0.0,3.75,4.0,0.0,0.0,0.0,0.0,False,False
mp-14112,PdF3,9,0,0,1,1.0,6.0,6.0,0.7456394004355664,0.18982802398361057,0.5558113764519559,3.927973250672112,True,True
mp-13868,PdF4,8,3,-1,-1,1.0,6.0,6.0,0.8274641945301802,0.04535407680988905,0.7821101177202912,18.244538368594,True,True
mp-27747,PdI2,8,0,1,0,1.0,6.0,6.0,0.8856668499798385,0.135658500214753,0.7500083497650855,6.528649871388754,True,True
mp-569017,PdI2,4,1,1,1,0.0,2.5,2.5,0.0,0.0,0.0,0.0,False,False
mp-23169,Pr2Br5,10,1,1,1,0.0,1.2,1.0,0.0,0.0,0.0,0.0,False,False
mp-22854,Pr2I5,10,1,1,1,0.0,2.6,3.0,0.0,0.0,0.0,0.0,False,False
mp-23221,PrBr3,6,1,1,1,0.0,2.0,3.0,0.0,0.0,0.0,0.0,False,False
mp-23211,PrCl3,6,1,1,1,0.0,2.0,3.0,0.0,0.0,0.0,0.0,False,False
mp-2651,PrF3,18,0,0,1,0.6666666666666666,4.0,6.0,0.8084020660856592,0.1403719880137495,0.6680300780719097,5.758998483418757,False,True
mp-569673,PrI2,8,1,0,0,1.0,6.0,6.0,0.9830248953414625,0.0039454578956214905,0.979079437445841,249.1535637555235,True,True
mp-28320,Pt3I8,32,1,1,1,0.375,4.625,5.0,0.8439276948058327,0.0650102260031667,0.7789174688026661,12.981460713038045,False,True
mp-23165,PtBr3,36,1,1,1,0.8333333333333334,5.833333333333333,6.0,0.9438204323914471,0.07838644294196344,0.8654339894494837,12.040608005267474,False,True
mp-23290,PtCl2,12,1,1,1,0.0,4.0,4.0,0.0,0.0,0.0,0.0,False,False
mp-567484,PtCl2,4,1,1,1,0.0,0.5,0.5,0.0,0.0,0.0,0.0,False,False
mp-31134,PtCl3,36,1,1,1,0.8333333333333334,5.833333333333333,6.0,0.9406850534426596,0.08552195197842008,0.8551631014642396,10.999340305983948,False,True
mp-680506,PtCl4,32,1,1,1,1.0,6.0,6.0,0.9516691148568566,0.059636974636953805,0.8920321402199027,15.957702761587754,True,True
mp-8943,PtF4,8,3,-1,-1,1.0,6.0,6.0,0.7440193904486141,0.0225179906666448,0.7215013997819693,33.04110928293024,True,True
mp-541341,PtF5,40,3,0,-2,0.9,5.9,6.0,0.7032391881416955,0.02973893512846117,0.6735002530132344,23.64708706293494,False,True
mp-505319,PtF6,24,0,3,-2,1.0,6.0,6.0,0.2840960366885373,0.4022770068144835,-0.1181809701259462,0.7062199227796103,True,False
mp-28319,PtI2,8,0,1,0,1.0,6.0,6.0,0.8682066376475356,0.16658499950159944,0.7016216381459361,5.211793620344547,True,True
mp-28268,PtI3,12,2,1,2,1.0,6.0,6.0,0.9483338772224085,0.04285320306582193,0.9054806741565865,22.129824829331444,True,True
mp-669496,PtI4,32,3,-2,0,0.125,3.0,3.0,0.7126161283342175,0.16340978130701905,0.5492063470271984,4.360914766756426,False,True
mp-27974,PuBr3,6,0,1,3,0.3333333333333333,4.666666666666667,5.0,0.958013701354671,0.09036337170471792,0.8676503296499531,10.601792333349294,False,True
mp-22918,PuCl3,6,1,1,1,0.0,2.0,3.0,0.0,0.0,0.0,0.0,False,False
mp-8033,PuF3,6,0,0,1,1.0,6.0,6.0,0.9999999999999417,1.6070874725532876e-07,0.9999998392911944,6222436.656862086,True,True
mp-27978,PuI3,6,1,-1,3,0.3333333333333333,4.666666666666667,5.0,0.968996942769941,0.04569712291011291,0.9232998198598281,21.204769164045096,False,True
mp-22867,RbBr,1,0,1,0,1.0,6.0,6.0,0.9999999999999849,8.163655333928057e-08,0.9999999183634316,12249414.742486697,True,True
mp-23303,RbBr,1,1,1,1,0.0,0.0,0.0,0.0,0.0,0.0,0.0,False,False
mp-23295,RbCl,1,0,1,0,1.0,6.0,6.0,0.9999999999999996,1.421250609085963e-08,0.9999999857874935,70360567.91160294,True,True
mp-23299,RbCl,1,1,1,1,0.0,0.0,0.0,0.0,0.0,0.0,0.0,False,False
mp-2064,RbF,1,1,1,-1,1.0,6.0,6.0,1.0,1.3343220141622404e-16,0.9999999999999999,1000000000000.0,True,True
mp-28328,RbI3,12,1,1,1,0.0,1.0,1.0,0.0,0.0,0.0,0.0,False,False
mp-22903,RbI,1,1,1,1,0.0,0.0,0.0,0.0,0.0,0.0,0.0,False,False
mp-23302,RbI,1,1,1,1,0.0,0.0,0.0,0.0,0.0,0.0,0.0,False,False
mp-23174,ReCl3,18,1,1,1,0.0,4.0,4.0,0.0,0.0,0.0,0.0,False,False
mp-27340,ReCl4,16,0,1,-1,1.0,6.0,6.0,0.8359889852273528,0.1284988308379368,0.707490154389416,6.505810051156847,True,True
mp-27645,ReCl5,40,1,0,0,0.8,5.7,6.0,0.9262574289767269,0.09198128940711525,0.8342761395696117,10.070063541695426,False,True
mp-1078114,ReCl6,6,0,0,1,1.0,6.0,6.0,0.9437030665676226,0.07415234801801283,0.8695507185496097,12.72654328273437,True,True
mp-643265,ReF7,14,0,3,-2,0.42857142857142855,5.142857142857143,6.0,0.4064235572547202,0.1709017648027801,0.23552179245194008,2.3781121144286086,False,False
mp-573815,ReI3,18,1,1,1,0.0,1.5555555555555556,2.0,0.0,0.0,0.0,0.0,False,False
mp-27871,RhBr3,6,1,-2,1,1.0,6.0,6.0,0.971863663746356,0.040150075524574676,0.9317135882217813,24.205774237000053,True,True
mp-27770,RhCl3,6,1,-2,1,1.0,6.0,6.0,0.9692842294829326,0.04112028879689803,0.9281639406860346,23.571921740881642,True,True
mp-2068,RhF3,6,3,1,3,1.0,6.0,6.0,0.7099889889723983,0.03401076217425756,0.6759782267981407,20.875421295609264,True,True
mp-21208,RhF3,9,0,0,1,1.0,6.0,6.0,0.921462962644587,0.095553873003485,0.8259090896411021,9.643386852681312,True,True
mp-540622,RhF5,40,0,2,3,0.8,5.8,6.0,0.15626652874874428,0.17561314156648858,-0.019346612817744302,0.8898339119432044,False,False
mp-22892,RuBr3,6,0,0,1,1.0,6.0,6.0,0.9398281427154878,0.07453730974270752,0.8652908329727802,12.608828329861174,True,True
mp-22850,RuCl3,12,1,0,0,1.0,6.0,6.0,0.9298561927867914,0.07950775948498916,0.8503484333018023,11.695162821967656,True,True
mp-570997,RuCl3,18,0,0,1,1.0,6.0,6.0,0.9673652845521947,0.06366685655489446,0.9036984279973003,15.194173811897228,True,True
mp-7570,RuF3,6,3,1,3,1.0,6.0,6.0,0.7162334586342087,0.023122057082492122,0.6931114015517166,30.97619974204355,True,True
mp-974434,RuF4,8,2,3,3,1.0,6.0,6.0,0.7421833492324346,0.054005260910153695,0.6881780883222809,13.742797215018998,True,True
mp-540829,RuF5,40,2,1,-3,0.6,5.6,6.0,0.6037105173718262,0.11714780000671805,0.4865627173651082,5.153408918794936,False,True
mp-542449,Sc5Cl8,8,0,1,0,0.75,5.0,6.0,0.9930321327873001,0.031920071649841224,0.9611120611374588,31.109959391091767,False,True
mp-27513,Sc7Cl10,10,0,0,1,0.6,4.4,6.0,0.9966767428937109,0.027614374478272873,0.969062368415438,36.09267860396045,False,True
mp-23186,Sc7Cl12,12,1,1,1,0.5,5.5,5.5,0.9984356540261142,0.014188852261877627,0.9842468017642366,70.36761223518371,False,True
mp-23309,ScCl3,6,1,1,1,1.0,6.0,6.0,0.9413127032938308,0.08685820384997574,0.854454499443855,10.837349399023909,True,True
mp-27507,ScCl,2,1,1,1,1.0,6.0,6.0,0.9999999999999989,2.2408670280477894e-08,0.9999999775913286,44625584.09238518,True,True
mp-1078300,ScF3,6,0,0,1,1.0,6.0,6.0,0.3245746942565734,0.4980510249434516,-0.17347633068687818,0.6516896422277726,True,False
mp-684193,Sm11Br24,96,1,1,1,0.0,1.7083333333333333,2.0,0.0,0.0,0.0,0.0,False,False
mp-680266,Sm5Br11,44,1,1,1,0.0,1.0909090909090908,1.0,0.0,0.0,0.0,0.0,False,False
mp-672351,Sm6Br13,26,1,1,1,0.0,0.6153846153846154,0.0,0.0,0.0,0.0,0.0,False,False
mp-27976,SmBr3,6,0,1,3,0.3333333333333333,4.666666666666667,5.0,0.9603983725107932,0.07983858747487996,0.8805597850359133,12.029250552722623,False,True
mp-29453,SmCl2,8,0,2,1,0.25,4.0,3.5,0.981516966058634,0.08165730871190731,0.8998596573467267,12.01995242730194,False,True
mp-7384,SmF3,12,0,0,1,1.0,6.0,6.0,0.6466824024153702,0.040860087370150386,0.6058223150452199,15.826750358047267,True,True
mp-581941,SmI2,16,1,1,1,0.0,0.75,0.5,0.0,0.0,0.0,0.0,False,False
mp-1443,Sn3F8,16,0,2,3,0.25,3.0,2.5,0.6888578488202511,0.2550618779906213,0.43379597082962984,2.7007479684815174,False,True
mp-1105170,SnBr2,12,1,1,1,0.0,1.5,1.0,0.0,0.0,0.0,0.0,False,False
mp-29862,SnBr2,8,0,1,-3,0.25,4.0,4.0,0.9559771129994193,0.12231516009947699,0.8336619528999424,7.815687869123813,False,True
mp-23216,SnBr4,16,0,1,1,1.0,6.0,6.0,0.9920758921046043,0.030761493375970308,0.961314398728634,32.25057639365375,True,True
mp-29179,SnCl2,16,1,1,1,0.0,1.0,1.0,0.0,0.0,0.0,0.0,False,False
mp-29866,SnCl4,16,0,1,1,1.0,6.0,6.0,0.9868297126357803,0.03063696384405558,0.9561927487917248,32.210427823684384,True,True
mp-2843,SnF2,16,0,2,1,0.25,5.0,5.0,0.31777550291907053,0.2719376874795698,0.04583781543950072,1.1685599957267578,False,False
mp-7456,SnF2,8,1,1,1,0.0,3.0,4.0,0.0,0.0,0.0,0.0,False,False
mp-8289,SnF3,6,1,1,1,0.0,4.0,4.0,0.0,0.0,0.0,0.0,False,False
mp-2706,SnF4,4,0,1,-1,1.0,6.0,6.0,0.9082192073756231,0.2207847688169,0.6874344385587231,4.113595390852447,True,True
mp-27194,SnI2,6,0,1,3,0.3333333333333333,4.666666666666667,5.0,0.9933691917077305,0.03126367302259846,0.962105518685132,31.77391188136113,False,True
mp-1095094,SnI3,6,1,1,1,0.0,0.3333333333333333,0.0,0.0,0.0,0.0,0.0,False,False
mp-23182,SnI4,32,1,1,-1,1.0,6.0,6.0,0.9852652537563752,0.022849512565029678,0.9624157411913455,43.119749314227676,True,True
mp-571436,SnI4,4,1,1,1,1.0,6.0,6.0,0.9981448917433275,0.0004123880264486495,0.9977325037168789,2420.4022127873695,True,True
mp-32711,SrBr2,20,1,1,1,0.0,0.8,0.5,0.0,0.0,0.0,0.0,False,False
mp-567744,SrBr2,8,1,1,1,0.0,1.0,1.0,0.0,0.0,0.0,0.0,False,False
mp-23209,SrCl2,2,0,0,1,1.0,6.0,6.0,0.9999999999999469,1.5363920478183432e-07,0.9999998463607421,6508755.375426044,True,True
mp-1019258,SrF2,4,0,0,1,1.0,6.0,6.0,0.9999999999999787,9.693749470775528e-08,0.999999903062484,10315925.772733796,True,True
mp-1102240,SrF2,8,1,0,0,1.0,6.0,6.0,0.4091346735478668,0.3142247715748527,0.09490990197301413,1.3020446207895653,True,False
mp-981,SrF2,2,1,0,0,1.0,6.0,6.0,0.9999999999998133,2.88085654143178e-07,0.9999997119141592,3471189.8548853644,True,True
mp-727311,SrF3,6,2,-3,-3,0.6666666666666666,5.0,6.0,0.2381111362423038,0.09844551091320472,0.13966562532909907,2.418709944552336,False,False
mp-23181,SrI2,16,1,1,1,0.0,1.0,1.0,0.0,0.0,0.0,0.0,False,False
mp-568284,SrI2,8,1,1,1,0.0,1.0,1.0,0.0,0.0,0.0,0.0,False,False
mp-680077,Ta2Br5,120,1,1,1,0.0,1.8,1.5,0.0,0.0,0.0,0.0,False,False
mp-23274,Ta2Cl5,120,1,1,1,0.0,1.8,1.5,0.0,0.0,0.0,0.0,False,False
mp-29412,Ta3Br7,28,0,0,1,0.5714285714285714,4.857142857142857,6.0,0.9553645949577356,0.12408634246497535,0.8312782524927602,7.6991921591,False,True
mp-23238,Ta3I7,28,0,0,1,0.5714285714285714,5.142857142857143,6.0,0.9458169998199242,0.13645793026147346,0.8093590695584507,6.931198487384352,False,True
mp-1203015,TaBr5,30,1,0,0,1.0,6.0,6.0,0.9581181085224436,0.06469763356004989,0.8934204749623937,14.809167751601839,True,True
mp-568846,TaBr5,40,1,0,0,1.0,6.0,6.0,0.957492682954587,0.06477293782740087,0.8927197451271861,14.78229512309598,True,True
mp-727406,TaCl3,36,1,1,1,0.16666666666666666,4.0,4.0,0.9859180411299651,0.04067592377009006,0.945242117359875,24.238368787949526,False,True
mp-29465,TaCl4,8,0,1,0,1.0,6.0,6.0,0.963634858795424,0.06856537445204577,0.8950694843433782,14.054249196427632,True,True
mp-29831,TaCl5,30,1,0,0,1.0,6.0,6.0,0.946570025793441,0.07379396797671683,0.8727760578167241,12.827200538831288,True,True
mp-8338,TaF3,3,1,1,1,0.0,4.0,4.0,0.0,0.0,0.0,0.0,False,False
mp-561197,TaF5,20,3,2,-3,0.6,6.0,6.0,0.2607973529963468,0.3939303318498862,-0.13313297885353936,0.6620392793102514,False,False
mp-567537,TaI4,16,1,0,-3,0.25,4.375,4.5,0.836462447312824,0.06589765559083062,0.7705647917219934,12.693356687930704,False,True
mp-570679,TaI5,40,1,0,0,1.0,6.0,6.0,0.9652123519024999,0.06038446677307563,0.9048278851294242,15.984447714505134,True,True
mp-684890,Tb4F15,30,0,1,1,0.4666666666666667,6.266666666666667,6.0,0.4067996852768448,0.310689402638123,0.09611028263872179,1.3093452233086518,False,False
mp-31007,Tb5Br8,8,1,1,1,0.75,5.5,6.0,0.9963627152359349,0.032814202027233626,0.9635485132087013,30.36376488475994,False,True
mp-30985,Tb6Br7,7,3,3,-1,0.7142857142857143,5.428571428571429,6.0,0.9987025698766546,0.016386653273297296,0.9823159166033574,60.94609760884367,False,True
mp-27924,TbBr,2,1,1,1,1.0,6.0,6.0,0.9999999999997928,3.034595148052195e-07,0.999999696540278,3295332.4948194795,True,True
mp-23293,TbCl3,6,0,1,-3,0.3333333333333333,4.666666666666667,5.0,0.9459013329133746,0.09711965271431064,0.848781680199064,9.739546080296018,False,True
mp-568170,TbCl3,6,1,1,1,0.0,2.0,3.0,0.0,0.0,0.0,0.0,False,False
mp-570232,TbCl3,12,1,1,-3,0.3333333333333333,5.166666666666667,5.0,0.5512966468916157,0.18753567254217887,0.3637609743494369,2.93968949703488,False,False
mp-27923,TbCl,2,1,1,1,1.0,6.0,6.0,1.0,4.106760246152096e-09,0.9999999958932397,243500944.79875425,True,True
mp-568342,TbCl,2,1,1,1,1.0,6.0,6.0,0.999999999999989,6.950389433281257e-08,0.9999999304960947,14387683.01545216,True,True
mp-11347,TbF3,12,0,0,1,1.0,6.0,6.0,0.5826119017559449,0.05039365735993282,0.5322182443960121,11.56121488850639,True,False
mp-570480,TcBr4,32,0,1,0,1.0,6.0,6.0,0.9674539947259337,0.06319075074239604,0.9042632439835377,15.310056983970092,True,True
mp-1078708,TcCl3,6,0,0,1,1.0,6.0,6.0,0.9751782676934077,0.10138481499264662,0.873793452700761,9.618583096138575,True,True
mp-1190915,TcCl3,18,1,1,1,0.0,4.0,4.0,0.0,0.0,0.0,0.0,False,False
mp-27780,TcCl4,32,0,1,0,1.0,6.0,6.0,0.9583626243960013,0.07035688257254759,0.8880057418234537,13.621448099378167,True,True
mp-1191061,Th2Br5,15,1,1,1,0.6,5.6,6.0,0.9987926263390947,0.01624051253627694,0.9825521138028178,61.50006806177208,False,True
mp-23160,ThBr4,8,1,1,1,0.0,0.5,0.5,0.0,0.0,0.0,0.0,False,False
mp-570229,ThBr4,8,1,1,1,0.0,0.5,0.5,0.0,0.0,0.0,0.0,False,False
mp-23215,ThCl4,8,1,1,1,0.0,0.5,0.5,0.0,0.0,0.0,0.0,False,False
mp-567431,ThCl4,8,1,1,1,0.0,3.5,3.5,0.0,0.0,0.0,0.0,False,False
mp-31034,ThF4,24,2,3,-2,0.20833333333333334,4.0,4.0,0.12869199450577393,0.18753874745689933,-0.0588467529511254,0.6862154954690112,False,False
mp-27652,ThI2,8,0,0,1,1.0,6.0,6.0,0.9999999999999238,1.8391367596150326e-07,0.9999998160862479,5437333.546686564,True,True
mp-540904,ThI3,24,1,1,1,0.0,1.3333333333333333,1.0,0.0,0.0,0.0,0.0,False,False
mp-27697,ThI4,16,1,1,1,0.0,1.5,1.5,0.0,0.0,0.0,0.0,False,False
mp-540672,Ti7Br16,32,1,-1,0,1.0,6.0,6.0,0.952207712560993,0.05776836266563937,0.8944393498953537,16.48320410381592,True,True
mp-540671,Ti7Cl16,32,1,-1,0,1.0,6.0,6.0,0.9533252936247258,0.057240350163449805,0.8960849434612761,16.654777458602293,True,True
mp-27785,TiBr2,2,0,0,1,1.0,6.0,6.0,0.9999999999999006,2.1016646505672315e-07,0.9999997898334356,4758133.033878665,True,True
mp-28214,TiBr3,6,0,0,1,1.0,6.0,6.0,0.9482352363608637,0.08373711877779207,0.8644981175830716,11.323953465334005,True,True
mp-27634,TiBr4,16,0,1,1,1.0,6.0,6.0,0.9783253018334364,0.04638352823383032,0.9319417735996061,21.092084606015035,True,True
mp-569814,TiBr4,32,1,1,1,1.0,6.0,6.0,0.9756227783658441,0.03825527743972005,0.9373675009261241,25.50295916434435,True,True
mp-28116,TiCl2,2,0,0,1,1.0,6.0,6.0,0.9999999999999787,9.713902785300965e-08,0.9999999028609509,10294523.44852755,True,True
mp-23275,TiCl3,6,0,0,1,1.0,6.0,6.0,0.9674667081613696,0.0635618938107975,0.9039048143505721,15.220860332468922,True,True
mp-569756,TiCl3,18,0,0,1,1.0,6.0,6.0,0.9806179697312716,0.048403695620594905,0.9322142741106767,20.259154950020722,True,True
mp-571143,TiCl3,6,0,0,1,1.0,6.0,6.0,0.9399951927885349,0.07444463937116802,0.8655505534173669,12.626768034994198,True,True
mp-571377,TiCl3,18,0,0,1,1.0,6.0,6.0,0.9658016301656327,0.0654658064253457,0.900335823740287,14.752764578971313,True,True
mp-30092,TiCl4,16,0,1,1,1.0,6.0,6.0,0.9727911117097681,0.05084545476248058,0.9219456569472875,19.132312145777117,True,True
mp-282,TiF2,2,1,1,1,1.0,6.0,6.0,1.0,1.0467283057891834e-16,0.9999999999999999,1000000000000.0,True,True
mp-246,TiF3,6,3,-2,0,0.6666666666666666,4.0,6.0,0.8938231442886723,0.19087226563384416,0.7029508786548281,4.682834047788375,False,True
mp-28974,TiF4,48,3,1,0,0.5,5.166666666666667,5.5,0.32227176945003805,0.269850049487899,0.05242171996213907,1.1942624063312979,False,False
mp-23264,TiI3,12,1,0,0,1.0,6.0,6.0,0.9476142854422062,0.06911036088250241,0.8785039245597037,13.71160956680992,True,True
mp-541013,TiI4,8,0,1,1,1.0,6.0,6.0,0.9529484441212608,0.0714094775060357,0.8815389666152251,13.344845493943227,True,True
mp-680345,Tl2Br3,96,1,1,1,0.0,0.75,1.0,0.0,0.0,0.0,0.0,False,False
mp-680294,Tl2Cl3,96,1,1,1,0.0,0.8333333333333334,1.0,0.0,0.0,0.0,0.0,False,False
mp-27398,TlBr2,16,1,1,1,0.0,1.125,1.0,0.0,0.0,0.0,0.0,False,False
mp-731800,TlBr3,12,1,1,1,0.0,0.8333333333333334,1.0,0.0,0.0,0.0,0.0,False,False
mp-22875,TlBr,1,1,1,1,0.0,0.0,0.0,0.0,0.0,0.0,0.0,False,False
mp-568560,TlBr,1,0,0,1,1.0,6.0,6.0,0.9999999999999055,2.0493052896300243e-07,0.9999997950693765,4879702.429209279,True,True
mp-568949,TlBr,2,1,1,1,0.0,0.0,0.0,0.0,0.0,0.0,0.0,False,False
mp-1077305,TlCl2,4,1,1,1,0.0,0.0,0.0,0.0,0.0,0.0,0.0,False,False
mp-27205,TlCl2,8,1,1,1,0.0,2.0,2.5,0.0,0.0,0.0,0.0,False,False
mp-726693,TlCl3,12,1,1,1,0.0,0.8333333333333334,1.0,0.0,0.0,0.0,0.0,False,False
mp-23167,TlCl,1,1,1,1,0.0,0.0,0.0,0.0,0.0,0.0,0.0,False,False
mp-569639,TlCl,1,1,0,0,1.0,6.0,6.0,0.9999999999998405,2.662860713162605e-07,0.9999997337137692,3755359.7717552735,True,True
mp-571079,TlCl,2,1,1,1,0.0,0.0,0.0,0.0,0.0,0.0,0.0,False,False
mp-2632,TlF3,12,0,0,1,1.0,6.0,6.0,0.21692687727526969,0.13661971696161548,0.0803071603136542,1.5878153029420872,True,False
mp-557835,TlF,2,1,1,1,0.0,0.0,0.0,0.0,0.0,0.0,0.0,False,False
mp-720,TlF,4,1,1,1,0.0,1.5,1.5,0.0,0.0,0.0,0.0,False,False
mp-28329,TlI3,12,1,1,1,0.0,1.3333333333333333,2.0,0.0,0.0,0.0,0.0,False,False
mp-22858,TlI,2,1,1,1,0.0,0.0,0.0,0.0,0.0,0.0,0.0,False,False
mp-23197,TlI,1,1,1,1,0.0,0.0,0.0,0.0,0.0,0.0,0.0,False,False
mp-571102,TlI,1,1,0,0,1.0,6.0,6.0,0.9999999999998584,2.506786944414761e-07,0.999999749321164,3989170.2891939236,True,True
mp-680292,Tm7Cl15,60,1,1,1,0.0,1.8333333333333333,2.0,0.0,0.0,0.0,0.0,False,False
mp-27302,TmCl2,16,1,1,1,0.0,1.25,1.5,0.0,0.0,0.0,0.0,False,False
mp-28044,TmCl3,6,1,1,1,1.0,6.0,6.0,0.9943373547047347,0.025699364778017986,0.9686379899267168,38.69112576491555,True,True
mp-29671,TmI2,2,0,0,1,1.0,6.0,6.0,0.9999999999999258,1.8157758001458593e-07,0.9999998184223459,5507287.848640768,True,True
mp-20276,U2F9,18,0,0,1,0.3333333333333333,4.222222222222222,4.0,0.3297015968032722,0.07986331608614584,0.24983828071712638,4.128323402544847,False,False
mp-23255,UBr3,6,1,1,1,0.0,2.0,3.0,0.0,0.0,0.0,0.0,False,False
mp-27153,UBr4,8,1,1,1,0.0,0.5,0.5,0.0,0.0,0.0,0.0,False,False
mp-29263,UBr5,10,0,1,-1,1.0,6.0,6.0,0.9714241628752978,0.04868226218204868,0.9227419006932491,19.9543759746133,True,True
mp-23208,UCl3,6,1,1,1,0.0,2.0,3.0,0.0,0.0,0.0,0.0,False,False
mp-23235,UCl4,8,1,1,1,0.0,0.5,0.5,0.0,0.0,0.0,0.0,False,False
mp-27240,UCl5,10,0,1,-1,1.0,6.0,6.0,0.9649843166862176,0.057759952398297884,0.9072243642879197,16.706805954962224,True,True
mp-570989,UCl5,20,1,2,-2,1.0,6.0,6.0,0.9725058443925036,0.05026773691622601,0.9222381074762777,19.346521328645427,True,True
mp-23250,UCl6,18,0,0,1,1.0,6.0,6.0,0.9615555635617348,0.060814064436024357,0.9007414991257104,15.811401071100573,True,True
mp-18299,UF3,18,0,0,1,0.6666666666666666,4.666666666666667,6.0,0.8386454042355619,0.1292258815220592,0.7094195227135027,6.489763461914578,False,True
mp-287,UF4,24,2,1,1,0.3333333333333333,3.75,3.5,0.1810372799426857,0.17719456883469287,0.0038427111079928356,1.0216863932865672,False,False
mp-1759,UF5,20,1,1,2,0.1,3.8,3.5,0.37370305914439506,0.18859992591845284,0.1851031332259422,1.9814592043157928,False,False
mp-1760,UF5,20,1,-1,-3,0.2,2.9,3.0,0.422612374982959,0.3719559092928606,0.05065646569009841,1.1361894365017706,False,False
mp-1852,UF5,5,3,-2,0,0.6,6.4,6.0,0.7726010653942382,0.22334279927529258,0.5492582661189457,3.45926113535422,False,True
mp-2275,UF6,24,0,0,1,0.6666666666666666,6.666666666666667,6.0,0.9930466377288633,0.028672855374057234,0.964373782354806,34.633684883276636,False,True
mp-23244,UI3,6,0,1,3,0.3333333333333333,4.666666666666667,5.0,0.9719402781757684,0.05593202817970985,0.9160082499960586,17.377168499109672,False,True
mp-655360,UI4,8,0,1,1,1.0,6.0,6.0,0.9807780820734913,0.033757595898784416,0.9470204861747068,29.053552421628705,True,True
mp-971787,VBr2,2,0,0,1,1.0,6.0,6.0,0.9999999852486261,8.097343336349458e-05,0.9999190118152627,12349.729333565076,True,True
mp-22877,VCl2,2,0,0,1,1.0,6.0,6.0,0.9999999999995381,4.5303247337425256e-07,0.9999995469670647,2207347.284735222,True,True
mp-28117,VCl3,6,1,1,1,1.0,6.0,6.0,0.9769778091659579,0.05296909623819984,0.9240087129277581,18.44429825218329,True,True
mp-1205372,VCl4,16,0,1,-1,1.0,6.0,6.0,0.9637487576761756,0.0610020703325868,0.9027466873435889,15.798623758534127,True,True
mp-1101909,VCl5,10,0,1,-1,1.0,6.0,6.0,0.9283518241843127,0.08061539179931261,0.8477364323850001,11.515813586757616,True,True
mp-555934,VF2,4,1,0,3,1.0,6.0,6.0,0.3690191031091216,0.1457215133342103,0.22329758977491132,2.53235843264118,True,False
mp-559931,VF3,6,2,1,-1,1.0,6.0,6.0,0.8196437834940412,0.1599823040537964,0.6596614794402448,5.123340286550842,True,True
mp-554799,VF4,8,0,1,-1,1.0,6.0,6.0,0.40945178210066635,0.1342668965581253,0.27518488554254106,3.049536353314096,True,False
mp-27309,VF5,40,2,3,3,0.4,4.85,5.0,0.2579677989764012,0.24375614734384599,0.014211651632555222,1.0583027414381803,False,False
mp-1018138,VI2,2,0,0,1,1.0,6.0,6.0,0.9999999999849154,2.5892561228874205e-06,0.9999974107287926,386211.31032404816,True,True
mp-1204035,W15I47,47,2,3,-1,0.02127659574468085,1.2340425531914894,1.0,0.9370886251916216,0.07291514390836099,0.8641734812832607,12.851769535960116,False,True
mp-1197907,W2Br5,40,1,1,1,0.0,0.65,1.0,0.0,0.0,0.0,0.0,False,False
mp-28880,W3Br7,56,1,1,1,0.0,1.5,1.0,0.0,0.0,0.0,0.0,False,False
mp-27765,W3Br8,32,2,-2,-3,0.0625,2.3125,2.0,0.3711271854060454,0.26762842805559484,0.10349875735045055,1.3867255735962047,False,False
mp-1196387,W3I8,64,2,3,-1,0.03125,2.1875,2.0,0.9128194483204576,0.068992491792016,0.8438269565284415,13.230707061171714,False,True
mp-1194880,W5I16,64,2,3,-3,0.015625,1.71875,2.0,0.7048029572265114,0.07170987309962418,0.6330930841268873,9.828534436915707,False,True
mp-29498,WBr2,24,1,1,1,0.0,2.1666666666666665,2.5,0.0,0.0,0.0,0.0,False,False
mp-1078239,WBr4,8,1,1,1,1.0,6.0,6.0,0.9516635116859521,0.09951687268495446,0.8521466390009976,9.562835788647428,True,True
mp-1095321,WBr5,10,0,1,-1,1.0,6.0,6.0,0.9595682432233342,0.07334010786148142,0.8862281353618529,13.083812816797126,True,True
mp-29554,WBr5,30,0,0,1,1.0,6.0,6.0,0.9286987108955853,0.09597178509869891,0.8327269257968863,9.67678896396995,True,True
mp-28483,WBr6,6,1,1,1,1.0,6.0,6.0,0.9449222226042991,0.07259644961642159,0.8723257729878775,13.01609414230299,True,True
mp-23269,WCl3,18,3,-2,0,0.3333333333333333,5.111111111111111,5.0,0.9138919763815639,0.05371283889975257,0.8601791374818114,17.014404658208708,False,True
mp-980949,WCl4,8,0,1,0,1.0,6.0,6.0,0.9350727728736774,0.11280210978106076,0.8222706630926166,8.289497197247229,True,True
mp-27160,WCl5,30,1,1,0,1.0,6.0,6.0,0.952548320341412,0.0769054919186388,0.8756428284227732,12.385959657460466,True,True
mp-23178,WCl6,18,0,0,1,1.0,6.0,6.0,0.9299280677868782,0.07976012499428205,0.8501679427925961,11.659059810319306,True,True
mp-571518,WCl6,6,1,1,1,1.0,6.0,6.0,0.9215427195906839,0.08449518361017909,0.8370475359805049,10.906452654653634,True,True
mp-555003,WF6,24,1,1,-3,0.5,5.666666666666667,6.0,0.6428460810665364,0.13442760281703311,0.5084184782495033,4.7820988219324425,False,True
mp-1196036,WI3,72,0,0,1,0.1111111111111111,4.444444444444445,4.0,0.9593871881372905,0.09900390913325802,0.8603832790040324,9.69039704125185,False,True
mp-1195045,WI4,96,1,2,0,0.020833333333333332,2.1666666666666665,2.0,0.9352763660528005,0.028131425556970353,0.9071449404958302,33.246675116365,False,True
mp-27678,Y2Cl3,6,0,2,3,0.3333333333333333,4.0,4.0,0.8669135930748776,0.06985095717880205,0.7970626358960755,12.410904990976464,False,True
mp-27455,YCl3,6,1,1,-2,1.0,6.0,6.0,0.9589351596795338,0.06089972998750914,0.8980354296920247,15.746131548961163,True,True
mp-540884,YCl,2,1,1,1,1.0,6.0,6.0,0.9999999999999987,2.434919466968145e-08,0.999999975650804,41069120.09065971,True,True
mp-1191736,YF3,18,0,0,1,0.6666666666666666,4.0,6.0,0.7566773360785105,0.16010457765422617,0.5965727584242844,4.72614429371712,False,True
mp-2416,YF3,12,0,0,1,1.0,6.0,6.0,0.5543211671385645,0.05372907090297067,0.5005920962355939,10.31696915324691,True,False
mp-556242,YF3,9,1,1,1,0.8888888888888888,5.333333333333333,6.0,0.9972878602326922,0.0006030008197084616,0.9966848594129838,1653.8748002280663,False,True
mp-571442,YI3,6,1,1,1,1.0,6.0,6.0,0.9771145648344549,0.05286388618550561,0.9242506786489493,18.48359315479843,True,True
mp-1065933,YI,2,0,0,1,1.0,6.0,6.0,0.9999999999998157,2.861771917439792e-07,0.999999713822624,3494338.573615046,True,True
mp-22882,YbBr2,4,0,1,0,1.0,6.0,6.0,0.956216479396771,0.14868555291611824,0.8075309264806527,6.431132417661491,True,True
mp-571232,YbBr2,8,1,0,0,1.0,6.0,6.0,0.9516076439268883,0.08260327012231106,0.8690043738045773,11.520217571505805,True,True
mp-22072,YbF3,12,0,0,1,1.0,6.0,6.0,0.391401671324256,0.07200930704031386,0.31939236428394213,5.435431715863239,True,False
mp-570418,YbI2,2,0,0,1,1.0,6.0,6.0,0.9999999999999901,6.610291233239851e-08,0.9999999338970778,15127926.512095109,True,True
mp-569960,ZnBr2,2,0,0,1,1.0,6.0,6.0,0.9999999999997669,3.2184867228885236e-07,0.9999996781510946,3107050.2571540456,True,True
mp-647579,ZnBr2,32,1,1,-2,1.0,6.0,6.0,0.9404865854722242,0.06549818536430459,0.8749884001079196,14.358971630147995,True,True
mp-22889,ZnCl2,8,1,0,0,1.0,6.0,6.0,0.9802990112622489,0.06282916289544596,0.917469848366803,15.602611368443107,True,True
mp-22909,ZnCl2,4,1,1,-2,1.0,6.0,6.0,0.9763812087681,0.07720263188865203,0.8991785768794479,12.646993824981472,True,True
mp-567279,ZnCl2,4,2,0,3,1.0,6.0,6.0,0.9987089301465639,0.02157866800593469,0.9771302621406293,46.28223252111267,True,True
mp-571540,ZnCl2,24,0,0,1,1.0,6.0,6.0,0.9902193267241306,0.034598911279915476,0.9556204154442152,28.619956238303626,True,True
mp-1873,ZnF2,4,1,0,-3,1.0,6.0,6.0,0.35403165800562325,0.1420797462553436,0.21195191175027966,2.4917813223664047,True,False
mp-7709,ZnF2,8,0,0,1,1.0,6.0,6.0,0.3937223504243525,0.18891697280216324,0.20480537762218926,2.084102580008333,True,False
mp-27161,ZnI2,32,1,1,-2,0.75,5.75,6.0,0.9343187835799832,0.060529173494996015,0.8737896100849872,15.435842415017015,False,True
mp-571292,ZnI2,2,1,1,1,0.0,1.0,1.0,0.0,0.0,0.0,0.0,False,False
mp-648774,Zr2Cl5,120,1,1,1,0.0,1.2,1.0,0.0,0.0,0.0,0.0,False,False
mp-28495,ZrBr2,12,1,1,1,0.5,5.5,5.5,0.9993480890052494,0.010783059483081952,0.9885650295221674,92.67760143335697,False,True
mp-23247,ZrBr3,6,0,0,1,1.0,6.0,6.0,0.9812819532189271,0.043435995711156805,0.9378459575077702,22.591446038081237,True,True
mp-1066783,ZrBr,2,0,0,1,1.0,6.0,6.0,0.9999999999997489,3.341420937247411e-07,0.9999996658576551,2992738.774251911,True,True
mp-504594,ZrBr,2,1,1,1,1.0,6.0,6.0,0.9999999999996827,3.7551322084939986e-07,0.9999996244864618,2663022.084116538,True,True
mp-23162,ZrCl2,2,1,1,1,1.0,6.0,6.0,0.9999999999997289,3.4706878285898085e-07,0.9999996529309461,2881273.2501097443,True,True
mp-571537,ZrCl2,12,1,1,1,0.5,5.5,5.5,0.9964679801681053,0.02471034461059322,0.9717576355575122,40.325944290591714,False,True
mp-1192044,ZrCl3,18,1,1,1,0.0,1.3333333333333333,1.0,0.0,0.0,0.0,0.0,False,False
mp-22871,ZrCl3,6,0,0,1,1.0,6.0,6.0,0.9720885730126398,0.052423246708343224,0.9196653263042966,18.543082202078313,True,True
mp-569175,ZrCl4,8,1,-1,2,1.0,6.0,6.0,0.9656545292500083,0.04244577190467623,0.923208757345332,22.750311418971336,True,True
mp-1067974,ZrCl,2,0,0,1,1.0,6.0,6.0,0.9999999999999272,1.7976765389332963e-07,0.9999998202322733,5562736.000289053,True,True
mp-27440,ZrCl,2,0,0,1,1.0,6.0,6.0,0.9999999908464877,6.378064005564224e-05,0.9999362102064321,15678.738720308978,True,True
mp-1105223,ZrF4,16,1,-1,-1,0.5,4.625,5.5,0.3869447294105777,0.2584976495376524,0.1284470798729253,1.4968984441547732,False,False
mp-1194272,ZrF4,24,2,2,-3,0.5,4.5,5.0,0.16914385436913945,0.3279140983508625,-0.15877024398172304,0.5158175730162062,False,False
mp-561384,ZrF4,32,1,0,0,0.625,6.375,6.0,0.35303501676057747,0.35703108900883024,-0.003996072248252769,0.9888074950017758,False,False
mp-28241,ZrI2,12,1,1,1,0.5,5.5,5.5,0.9978655783470606,0.017315657039323182,0.9805499213077374,57.627936155177174,False,True
mp-570506,ZrI2,8,0,3,2,0.25,4.0,4.0,0.9086752003612116,0.20097188533697535,0.7077033150242362,4.521404567796186,False,True
mp-571279,ZrI2,8,0,2,1,0.5,5.0,5.0,0.9118277852482373,0.19685099307526813,0.7149767921729692,4.632071045227544,False,True
mp-541112,ZrI4,16,1,1,1,0.0,0.75,1.0,0.0,0.0,0.0,0.0,False,False
mp-571235,ZrI4,24,2,0,-3,1.0,6.0,6.0,0.9654292713524469,0.049669897555413824,0.9157593737970331,19.436908849577826,True,True
