k,cluster,positive_coverage,positive_prevalence,background_prevalence,enrichment,fisher_p,medoid_structure_idx,medoid_site_idx,fdr_q,medoid_formula,center_type,geo_nX_available,geo_radial_cv,geo_planarity_ratio,geo_best_m,geo_best_psi,geo_psi6,geo_psi2,geo_psi3,geo_psi4,geo_psi5,geo_psi7,geo_psi8,geo_psi9,geo_psi10
32,0,2,0.2857142857142857,0.09563994374120956,2.987374178232594,0.14279560902374622,584,11,0.9147673779126705,MMe4,X,6,0.015804135730237485,0.314151069207451,6,0.5543878052090303,0.5543878052090303,0.16650239611293668,0.33764713540228486,0.310106958417886,0.10367238586439059,0.3844873060362236,0.5132100508017002,0.13297339389665533,0.3590845450561032
32,1,0,0.0,0.03375527426160337,2.9624122385374333e-05,1.0,712,11,1.0,MMe2,X,6,0.012108914477615793,0.19847178024161471,6,0.7167132026532679,0.7167132026532679,0.18825979988277766,0.1583233376976995,0.4490929066959077,0.5380617095433408,0.24741282263037687,0.4369802229299515,0.31433304407230156,0.21013693588509488
32,2,0,0.0,0.2714486638537271,3.6839242524863035e-06,1.0,84,0,1.0,MMe2,M,6,0.00018632628629380936,0.32571360774658326,6,0.9999999999995974,0.9999999999995974,2.1147274039309268e-07,2.489420530285319e-16,4.229455298629043e-07,2.0799005727305334e-16,6.725280275412618e-16,8.45890863413377e-07,4.1748851477261605e-16,1.0573639472487505e-06
32,3,0,0.0,0.014064697609001406,7.109494514939989e-05,1.0,316,79,1.0,M5Me7,M,6,0.20891889059302107,0.16598763124693608,6,0.8005977057433695,0.8005977057433695,0.12030512712566803,0.1440017901681467,0.24865219207729897,0.10658252490113146,0.22626606311729727,0.37761599087485515,0.4080875558494293,0.5138882940483097
32,4,0,0.0,0.15330520393811534,6.522893231402866e-06,1.0,323,44,1.0,MMe,X,6,0.009685107691139115,0.21958194541446532,10,0.6952259011158143,0.41711828042255217,0.15283782655861966,0.17591304375078815,0.23276126328928454,0.6446067750748421,0.18720044736578956,0.10876302506474061,0.2509460753614268,0.6952259011158143
32,5,0,0.0,0.014064697609001406,7.109494514939989e-05,1.0,562,37,1.0,M2Me5,M,6,0.2018789163191724,0.18674925078568028,8,0.8802589357803499,0.4947837473378169,0.2749364368053471,0.07367281153374801,0.3071147780339564,0.1718407388314283,0.13170810141283615,0.8802589357803499,0.31866265609951233,0.1228218395671934
32,6,0,0.0,0.04360056258790436,2.2934957846611967e-05,1.0,286,11,1.0,MMe2,M,6,0.2586638409955141,0.14405274161094553,6,0.8964244794433717,0.8964244794433717,0.10813661780051426,0.3180525767030778,0.17725042366555743,0.4301458392220183,0.27797849087637355,0.45459576222958287,0.20968373274198718,0.29722464857440817
32,7,1,0.14285714285714285,0.08720112517580872,1.638241528737123,0.475689605107763,59,4,1.0,MMe3,X,6,0.021437627379016302,0.203821522240406,7,0.767127463390104,0.04014078570927104,0.17412084213454238,0.25854898332619947,0.23424161365969584,0.2882900663214931,0.767127463390104,0.18800592832889343,0.3474865307175331,0.6712709213303967
32,8,0,0.0,0.06047819971870605,1.653461032307117e-05,1.0,562,76,1.0,M2Me5,X,6,0.020585127163983082,0.17038875241743398,6,0.8925623654753324,0.8925623654753324,0.11406386310264516,0.007374249645372337,0.19989479803969892,0.024483958522201418,0.009998486266193086,0.46764323167532085,0.030728998660850212,0.38775878787512624
32,9,0,0.0,0.03375527426160337,2.9624122385374333e-05,1.0,24,8,1.0,MMe3,M,6,0.0027761932318377926,0.33182856642092595,4,1.0,0.3333333333333333,0.3333333333333333,1.6966125969332002e-16,1.0,3.070749160805222e-16,2.836157669092489e-16,1.0,4.542270491117409e-16,0.3333333333333333
32,10,1,0.14285714285714285,0.02812939521800281,5.0784264405114685,0.18834163306389523,601,14,0.9147673779126705,MMe4,X,6,0.03376671105152211,0.13358610041348692,8,0.5885981063293735,0.4587395258726598,0.402069415521893,0.014796243940995102,0.20699740406636746,0.3733503583150757,0.14881547188643282,0.5885981063293735,0.11823432233556634,0.3371976545939489
32,11,0,0.0,0.011251758087201125,8.886710193631541e-05,1.0,312,64,1.0,M2Me3,X,6,0.0809923853360067,0.1993478226213521,9,0.6301261137833687,0.14308833558365155,0.29114397373989687,0.2765788827442483,0.38539861264567815,0.14001916097317557,0.3569548413491716,0.2903137892814296,0.6301261137833687,0.06317640731749896
32,12,0,0.0,0.029535864978902954,3.3855996589829744e-05,1.0,50,23,1.0,MMe2,X,6,0.018584598446768602,0.17049868582234842,6,0.8968805654389846,0.8968805654389846,0.11203405084557919,0.1855247855123187,0.18794089130186037,0.6572104779168295,0.2685579547167866,0.47168893661116723,0.49847727573012673,0.3354025561190159
32,13,2,0.2857142857142857,0.11814345991561181,2.41835534157392,0.20010536391839667,524,44,0.9147673779126705,MMe5,X,6,0.03975419402570063,0.28713460165199156,5,0.6508863496507883,0.461078610420782,0.14709202457151452,0.1553245618267816,0.37160633556824274,0.6508863496507883,0.12183750521185557,0.10521795010252827,0.26296905184615843,0.2251700931195683
32,14,0,0.0,0.26582278481012656,3.761890610030563e-06,1.0,111,10,1.0,MMe2,X,6,0.004938820966056287,0.1908626332888434,6,0.7815687048260175,0.7815687048260175,0.19145804706128478,0.2869587292907849,0.47564522188935043,0.1930440183020452,0.49074889578170844,0.46685717864539855,0.03302972531976309,0.38509714277217433
32,15,1,0.14285714285714285,0.029535864978902954,4.836604797400839,0.19649315181361213,26,0,0.9147673779126705,MMe3,M,6,0.3428675060092032,0.11605885832268974,7,0.5767712516488878,0.31566925823631414,0.06973116221883366,0.18538647060688643,0.5120254481410963,0.20376434396079743,0.5767712516488878,0.26979025248568256,0.46995112231827657,0.10336324254516835
32,16,0,0.0,0.04219409282700422,2.3699438323311737e-05,1.0,259,0,1.0,M6Me7,M,6,0.22242710142835395,0.16049762539358173,8,0.5478880932257626,0.40771449597310594,0.07169095655123418,0.47487328472811186,0.3076842199575176,0.22115410025571436,0.01691362724022505,0.5478880932257626,0.18503579721926766,0.05393293232832186
32,17,0,0.0,0.11954992967651196,8.364635914633702e-06,1.0,323,24,1.0,MMe,M,6,0.1046504154542735,0.20642161829075265,6,0.9035154162120544,0.9035154162120544,2.0014830212433605e-16,0.21964128003172073,4.311322028175613e-16,4.1920210855210774e-16,1.0467283057891834e-16,6.587037401205794e-16,0.6165398451221382,1.1993206741129766e-15
32,18,0,0.0,0.01828410689170183,5.4689316607376314e-05,1.0,564,10,1.0,M3Me7,M,6,0.18553050486330122,0.19268004507711967,8,0.6686010686835357,0.40409064518147847,0.2648473805024282,0.06852540997235414,0.4115572548719845,0.2927825363771471,0.3513094235266284,0.6686010686835357,0.11967428245314135,0.334390179172332
32,19,0,0.0,0.009845288326300985,0.00010156111286410765,1.0,316,71,1.0,M5Me7,M,6,0.04332005264431389,0.2502405522379872,4,0.6270619771227879,0.40731029922525014,0.2652687124271971,0.2141572113413591,0.6270619771227879,0.3425773403916645,0.3931934609311402,0.4214465662850854,0.3886926352829099,0.11116707466020923
32,20,2,0.2857142857142857,0.06469760900140648,4.416096267356761,0.07409017596030291,657,0,0.9147673779126705,MMe3,M,6,0.0003571999917103536,0.31819295028314887,6,0.9647988237020052,0.9647988237020052,0.008522855049996716,0.13136302835267574,0.017508133520917298,0.008704169092579244,0.0033976132681714094,0.03085889414700028,0.3844884870417008,0.04203058468285924
32,21,0,0.0,0.1209563994374121,8.267373510435279e-06,1.0,531,32,1.0,M11Me24,M,6,0.022669775711267333,0.20295386925694323,6,0.878868886002073,0.878868886002073,0.08586066521365049,0.02995917219335763,0.20037261215366467,0.14511719204646878,0.2787418734094135,0.2232945751119249,0.2256140294425903,0.46829355600451233
32,22,4,0.5714285714285714,0.11954992967651196,4.779800315855173,0.005769650158882192,604,4,0.18462880508423016,MMe3,X,6,0.017389840820082946,0.19168369925792425,6,0.7559775979555772,0.7559775979555772,0.21844807475559586,0.1564023174487831,0.43308719414060404,0.5292762258274729,0.08920765084724068,0.49022752051685886,0.24813107776068039,0.30091862246053097
32,23,0,0.0,0.026722925457102673,3.7419652348798944e-05,1.0,280,4,1.0,MMe2,M,6,0.058282770188261314,0.26532058574528883,4,0.9795329566664882,0.33104052189055816,0.33306275967458204,1.858495510004605e-15,0.9795329566664882,3.393805686290811e-15,5.3488226102655924e-15,0.9194160134660316,7.380919127484109e-15,0.32772291176406193
32,24,0,0.0,0.02390998593530239,4.182178027730722e-05,1.0,614,76,1.0,M2Me3,X,6,0.01371051287292117,0.19678839258119754,7,0.6020625766779756,0.18186043846167468,0.39137998675106944,0.07993727752407283,0.19876455262817205,0.47002528104460634,0.6020625766779756,0.12894385472152825,0.5074549275478228,0.3307947693001409
32,25,0,0.0,0.004219409282700422,0.0002369438443088988,1.0,52,2,1.0,M4Me,M,6,0.23198530437701823,0.2857958573540357,6,0.7033205486981973,0.7033205486981973,0.06912448478351109,0.04267452217054493,0.015982803313603803,0.45641413711591927,0.3951656884846227,0.30396697825997926,0.2687259413910855,0.34522826013897123
32,26,0,0.0,0.07454289732770746,1.3414914377280712e-05,1.0,552,23,1.0,MMe2,X,6,0.03560605619964715,0.20471286981438577,7,0.5872251916722012,0.32409753151664145,0.18907063986054395,0.16795190194155196,0.48594154320484173,0.534696409589222,0.5872251916722012,0.4644947902897347,0.4591769858851486,0.5021006612177937
32,27,0,0.0,0.007032348804500703,0.00014217978203499463,1.0,615,26,1.0,M2Me3,M,6,0.02491710001787822,0.18052243422792755,10,0.5422272417347078,0.5300348190829174,0.23631974744535747,0.14167509596261452,0.1586156243097057,0.4719391768017823,0.15031069971362387,0.381674253268314,0.3306611029704379,0.5422272417347078
32,28,0,0.0,0.04219409282700422,2.3699438323311737e-05,1.0,720,9,1.0,MMe4,X,6,0.02132119289388327,0.2824801069974733,10,0.5660012494057801,0.16702967018793927,0.2540007623478442,0.4739492039584248,0.47159962990108706,0.18413739474945792,0.3098512153826096,0.1345576758128351,0.25081686326707187,0.5660012494057801
32,29,0,0.0,0.046413502109704644,2.15449903488443e-05,1.0,470,2,1.0,MMe2,X,6,0.06052529909232813,0.22450615951901257,5,0.647975804315302,0.33515929901643776,0.3241264301227435,0.4817537312083662,0.5683916080402918,0.647975804315302,0.6348111816246608,0.5933767766989776,0.43697281834731055,0.3753923734690862
32,30,2,0.2857142857142857,0.1350210970464135,2.1160631627286293,0.2455599093108061,689,0,0.9822396372432244,MMe3,M,6,9.064933036736789e-17,0.23095299388435483,6,0.95173864375198,0.95173864375198,0.07618802446258066,8.057619893458251e-16,0.13496220371062895,8.457737166574922e-16,1.3732700395566711e-15,0.3245687967125458,2.4443123106348935e-15,0.2783106986559293
32,31,2,0.2857142857142857,0.1111111111111111,2.571414428698713,0.18171095271747686,386,7,0.9147673779126705,MMe5,M,6,0.054358651511524615,0.30481420867876696,8,0.5603595920068667,0.05191860415387,0.3235726556602327,0.3549562607529503,0.4246926500502934,0.04545897424330508,0.16675390758236644,0.5603595920068667,0.10475397706120912,0.08791217234737664
64,0,0,0.0,0.0028129395218002813,0.00035537366466221256,1.0,667,32,1.0,M3Me7,X,6,0.007861567034978064,0.18453909253971296,6,0.996074792495202,0.996074792495202,0.0018497060559446842,0.001787416165752333,0.0049264864573276956,0.051608790775072466,0.07303212214733824,0.004883169531753301,0.005656471129603705,0.015268464858232723
64,1,1,0.14285714285714285,0.06329113924050633,2.257122994599542,0.3721746607858829,718,0,1.0,MMe4,M,6,0.020201173743511543,0.2910394741002802,4,0.8493878239617527,0.13028923692898195,0.29663495240173027,0.2564936174374825,0.8493878239617527,0.3756559453553165,0.41724046016272964,0.5231005407123629,0.40722966601780863,0.38007593199964235
64,2,0,0.0,0.20253164556962025,4.93747562121412e-06,1.0,122,19,1.0,MMe2,X,6,0.004800429776359948,0.19081116164703368,6,0.7815246810963058,0.7815246810963058,0.19133779800305614,0.2869843380576197,0.4758241593907922,0.19284994525835653,0.490866224182775,0.46671328796265954,0.032569878282655174,0.38535387655529596
64,3,0,0.0,0.005625879043600563,0.00017771841055252426,1.0,319,0,1.0,M7Me9,M,6,0.07361446322383304,0.23314300879602534,9,0.735540776499263,0.3569019598054574,0.13127427566000352,0.24762333331761918,0.13633698396477434,0.5423919147378498,0.41126644427958514,0.1457378800699863,0.735540776499263,0.20014957476559758
64,4,1,0.14285714285714285,0.05907172995780591,2.4183433364122946,0.35219984438922874,215,5,1.0,MMe3,X,6,0.021721880078069456,0.18521871340244708,6,0.7162456959632378,0.7162456959632378,0.21636425377290583,0.18363518634833648,0.43072653247524845,0.5537576191684188,0.12699736328644384,0.4879710983079639,0.2611265252487987,0.24481787651117548
64,5,0,0.0,0.23769338959212377,4.207082892095052e-06,1.0,126,0,1.0,MMe2,M,6,0.0007325120269690155,0.3259966127048192,6,0.9999999999998526,0.9999999999998526,1.2797359512835746e-07,6.396707582238603e-17,2.559472393378245e-07,2.2510743381547535e-16,4.934806397995405e-16,5.118942821291662e-07,1.1236244975722982e-16,6.398682211583574e-07
64,6,0,0.0,0.005625879043600563,0.00017771841055252426,1.0,315,63,1.0,M5Me7,X,6,0.029608844887602116,0.1262562507310524,6,0.5761053667829847,0.5761053667829847,0.1842452828777736,0.3084651208992023,0.183275998856998,0.146229025488839,0.5731469998366139,0.34711046126183104,0.19891726934740603,0.3546368697283364
64,7,0,0.0,0.03375527426160337,2.9624122385374333e-05,1.0,254,9,1.0,MMe,X,6,2.7068091995143915e-08,-2.1255539969849817e-46,6,0.9999999999999869,0.9999999999999869,3.8280064525627225e-08,2.424120458573898e-16,7.656012455817393e-08,2.4836383336901643e-16,2.1937832479093414e-16,1.5312026657520474e-07,2.823048902513451e-16,1.9140030068936574e-07
64,8,3,0.42857142857142855,0.10689170182841069,4.009370342789104,0.03239524633398875,386,7,1.0,MMe5,M,6,0.054358651511524615,0.30481420867876696,8,0.5603595920068667,0.05191860415387,0.3235726556602327,0.3549562607529503,0.4246926500502934,0.04545897424330508,0.16675390758236644,0.5603595920068667,0.10475397706120912,0.08791217234737664
64,9,3,0.42857142857142855,0.03375527426160337,12.696082074997099,0.001505002966448671,690,3,0.09632018985271494,MMe3,X,6,0.014570493310805782,0.19078361102070157,6,0.7621190590121837,0.7621190590121837,0.21306240201324714,0.15822192188919756,0.4416988428533826,0.5136549855974062,0.09938125103455207,0.49014649659741616,0.2570305556571507,0.3137394324400684
64,10,0,0.0,0.06329113924050633,1.5799750363944247e-05,1.0,641,8,1.0,MMe5,X,6,0.029264275999810112,0.16708751209337847,7,0.6072947650203554,0.32268908506746835,0.3384344726608579,0.10265540121464992,0.07436332679674584,0.32218935099153345,0.6072947650203554,0.10864187455874902,0.28245710316343353,0.1539891053222431
64,11,0,0.0,0.014064697609001406,7.109494514939989e-05,1.0,48,18,1.0,MMe2,X,6,0.0007750792257410464,0.1660730604878281,6,0.8944261617529459,0.8944261617529459,0.1075750686230823,0.21544817125167387,0.18456633079258186,0.5993200121052961,0.35801868124777797,0.44564904702001795,0.5901063553137392,0.3424021464015993
64,12,0,0.0,0.005625879043600563,0.00017771841055252426,1.0,668,4,1.0,M3Me8,M,6,0.2415695469358548,0.19602160838647512,4,0.9264617899309219,0.23297643739317164,0.3197541584603252,0.0569507771105626,0.9264617899309219,0.09637880586845744,0.14107418721829204,0.7259331044963623,0.1821334623783687,0.2221661249097989
64,13,0,0.0,0.011251758087201125,8.886710193631541e-05,1.0,53,64,1.0,M6Me7,X,6,0.05958172326875961,0.14422154155097444,7,0.7206702059611826,0.30312612619250945,0.3434680681465264,0.26651535583395897,0.2687397910120685,0.5003338184915961,0.7206702059611826,0.219694904067127,0.17171299748842728,0.12950919011166045
64,14,0,0.0,0.06188466947960619,1.6158829797091232e-05,1.0,265,4,1.0,MMe3,X,6,0.02861300588306664,0.2305712406440533,7,0.5118780868477029,0.261736556878582,0.20893969570596058,0.32954324603410057,0.3710642939663873,0.3217325028950208,0.5118780868477029,0.1171792208560733,0.3739179435805284,0.21423705196499335
64,15,0,0.0,0.007032348804500703,0.00014217978203499463,1.0,382,28,1.0,MMe2,X,6,0.006595142916076399,0.1818939558121901,4,0.4709868572736755,0.21710692487099617,0.21430042778312763,0.351624992151814,0.4709868572736755,0.4340964584999725,0.2717290360928926,0.2877645666444339,0.1143514988462416,0.36951179316417054
64,16,0,0.0,0.04922644163150492,2.031387305246456e-05,1.0,470,0,1.0,MMe2,M,6,0.2208996376799483,0.15412077958848452,10,0.9437703478027447,0.4727416569167071,0.225010058521993,7.76222798747979e-17,0.5724005896421741,2.2054575649188958e-16,4.518280359883027e-16,0.2628332561022293,5.517281280859303e-16,0.9437703478027447
64,17,1,0.14285714285714285,0.040787623066104076,3.5024017022006313,0.25921762093154727,627,4,1.0,MMe3,X,6,0.02732516264353606,0.17314475437153842,7,0.5473709828058277,0.36327617405304913,0.211988909006663,0.34699759798906377,0.372261115886485,0.219462180928944,0.5473709828058277,0.30045110708758516,0.349375119339756,0.35594370174564255
64,18,0,0.0,0.015471167369901548,6.46321860468837e-05,1.0,296,8,1.0,MMe4,X,6,0.01346528835211877,0.1666019541496015,6,0.8479381074829204,0.8479381074829204,0.1382711753462438,0.2011825192763471,0.22055832553350005,0.7014558372190844,0.11616259958491444,0.5783224748959226,0.5035117311529718,0.33690059292132857
64,19,0,0.0,0.012658227848101266,7.899375949300006e-05,1.0,30,3,1.0,MMe,M,6,0.21996634367263138,0.08965385330772775,6,0.9343363590222162,0.9343363590222162,0.0821117246605331,2.479515349199545e-16,0.1844504553011913,7.629277997537061e-16,6.280369834735101e-16,0.2668349992201318,4.3157713660926247e-16,0.48034121081531433
64,20,0,0.0,0.011251758087201125,8.886710193631541e-05,1.0,562,37,1.0,M2Me5,M,6,0.2018789163191724,0.18674925078568028,8,0.8802589357803499,0.4947837473378169,0.2749364368053471,0.07367281153374801,0.3071147780339564,0.1718407388314283,0.13170810141283615,0.8802589357803499,0.31866265609951233,0.1228218395671934
64,21,0,0.0,0.008438818565400843,0.00011848595941380948,1.0,54,2,1.0,M6Me7,M,6,0.05783465630728119,0.29671404103200355,5,0.5992401966676572,0.5407015613345549,0.1095531345739775,0.27061341237555153,0.20738055368951633,0.5992401966676572,0.3245437197219562,0.23851400297032005,0.17666329391610552,0.07164947535784943
64,22,1,0.14285714285714285,0.040787623066104076,3.5024017022006313,0.25921762093154727,479,0,1.0,M2Me5,M,6,0.004171293662411315,0.22552261055836667,8,0.7748213942396501,0.2501238148836903,0.30205913329376033,0.16373939158463713,0.3922817694576633,0.2551414018960235,0.2528915193304309,0.7748213942396501,0.2853006059702474,0.06426922230859795
64,23,0,0.0,0.030942334739803096,3.2317137387059895e-05,1.0,24,8,1.0,MMe3,M,6,0.0027761932318377926,0.33182856642092595,4,1.0,0.3333333333333333,0.3333333333333333,1.6966125969332002e-16,1.0,3.070749160805222e-16,2.836157669092489e-16,1.0,4.542270491117409e-16,0.3333333333333333
64,24,0,0.0,0.004219409282700422,0.0002369438443088988,1.0,52,2,1.0,M4Me,M,6,0.23198530437701823,0.2857958573540357,6,0.7033205486981973,0.7033205486981973,0.06912448478351109,0.04267452217054493,0.015982803313603803,0.45641413711591927,0.3951656884846227,0.30396697825997926,0.2687259413910855,0.34522826013897123
64,25,0,0.0,0.01828410689170183,5.4689316607376314e-05,1.0,301,8,1.0,MMe2,X,6,0.040587938481804156,0.18431639061150562,8,0.8085267431984985,0.6984904007103725,0.20510768442293806,0.009114338293578845,0.28353517784644267,0.030527018548843578,0.004816511527379996,0.8085267431984985,0.05728287176582625,0.21327363891040188
64,26,0,0.0,0.02531645569620253,3.949843981162744e-05,1.0,561,58,1.0,M2Me5,X,6,0.02884479319497215,0.17247087512655676,6,0.8852048096189663,0.8852048096189663,0.11595335325403164,0.009893606290743274,0.20941268397654209,0.04305452819133262,0.04622978665004016,0.4614285341889849,0.07495709554508397,0.42201043722692044
64,27,0,0.0,0.012658227848101266,7.899375949300006e-05,1.0,231,12,1.0,MMe3,X,6,0.1462178383263193,0.20544865871872203,5,0.5332808386525878,0.46212679558377584,0.26557328368062594,0.5060591461163684,0.42254823068031866,0.5332808386525878,0.21606886457065616,0.24199545466500313,0.2098872127600601,0.5276037553894177
64,28,0,0.0,0.02531645569620253,3.949843981162744e-05,1.0,50,14,1.0,MMe2,M,6,0.3254557506957622,0.12073420857522019,7,0.6385199935947742,0.16894357896679543,0.22360521694652014,0.10742471389848353,0.5024767323670164,0.11182485098813762,0.6385199935947742,0.07640666808642647,0.23786122794157272,0.26136985859817397
64,29,0,0.0,0.07172995780590717,1.394098211689637e-05,1.0,552,23,1.0,MMe2,X,6,0.03560605619964715,0.20471286981438577,7,0.5872251916722012,0.32409753151664145,0.18907063986054395,0.16795190194155196,0.48594154320484173,0.534696409589222,0.5872251916722012,0.4644947902897347,0.4591769858851486,0.5021006612177937
64,30,0,0.0,0.0970464135021097,1.0304241647596935e-05,1.0,268,6,1.0,MMe2,M,6,0.014380925299689144,0.24315948920560065,4,0.48664380557314707,0.4580139647420301,0.17477515597776883,0.15980751139082383,0.48664380557314707,0.4117704535466366,0.31665038742029283,0.3606171666168624,0.2140047706264772,0.44903699444397194
64,31,0,0.0,0.040787623066104076,2.4516640298922326e-05,1.0,468,8,1.0,MMe2,X,6,0.06242173847537793,0.15057526736965504,6,0.6043851692960222,0.6043851692960222,0.16208256323812983,0.1403013300399309,0.4283155511846119,0.5607210187648027,0.5275096295271935,0.22772770110603485,0.4515959119895994,0.20189525133897546
64,32,1,0.14285714285714285,0.05063291139240506,2.8213925989247426,0.3106111881283556,413,8,1.0,MMe5,X,6,0.040888460852841785,0.24231477592526926,7,0.6249996806484079,0.5965523572219521,0.19616414815723607,0.11484392431441459,0.40089596838381863,0.4286423667775609,0.6249996806484079,0.38878219560485694,0.3230214365759027,0.26953291890700826
64,33,0,0.0,0.029535864978902954,3.3855996589829744e-05,1.0,720,9,1.0,MMe4,X,6,0.02132119289388327,0.2824801069974733,10,0.5660012494057801,0.16702967018793927,0.2540007623478442,0.4739492039584248,0.47159962990108706,0.18413739474945792,0.3098512153826096,0.1345576758128351,0.25081686326707187,0.5660012494057801
64,34,0,0.0,0.009845288326300985,0.00010156111286410765,1.0,682,8,1.0,MMe3,M,6,0.1657615430009497,0.23596398713784017,6,0.6418143057070962,0.6418143057070962,0.15327437799013058,0.11956909771527637,0.363597373601024,0.15766437102422437,0.3883943776518094,0.23297728547185137,0.5382006560895081,0.5583879239979043
64,35,0,0.0,0.008438818565400843,0.00011848595941380948,1.0,312,7,1.0,M2Me3,M,6,0.03555883631826514,0.1776996715501493,10,0.693621889626977,0.5668928445051216,0.2541905834115344,0.18643770523051648,0.1918713247806803,0.3200061338710471,0.11757830412921838,0.34449183625745844,0.3568816158816233,0.693621889626977
64,36,1,0.14285714285714285,0.03234880450070324,4.41604346802273,0.21258587972486193,613,2,1.0,MMe4,X,6,0.02023937296376967,0.18232274599476078,6,0.7007942062261638,0.7007942062261638,0.20304492415017997,0.2135224008956099,0.427169918500073,0.5540400772653775,0.14536142243364197,0.4177166413351848,0.29461158800222553,0.1703792243809805
64,37,0,0.0,0.11251758087201125,8.887421013045747e-06,1.0,8,2,1.0,MMe,X,6,0.019992751393381653,0.17216766501821965,10,0.9429391883359517,0.7902163633660892,0.3074728689772122,0.19521552125567615,0.8026912696307604,0.3377806151479164,0.10629139666946902,0.30297902981169905,0.44825796743398066,0.9429391883359517
64,38,0,0.0,0.016877637130801686,5.9246489645488504e-05,1.0,615,84,1.0,M2Me3,X,6,0.030070900355858583,0.15879764680251923,7,0.7642731751922515,0.21900631904093068,0.48506505059839855,0.09296889392379126,0.19909061925272373,0.3585792739055792,0.7642731751922515,0.5201478998756957,0.47057961699666395,0.3447317822722504
64,39,0,0.0,0.08016877637130802,1.2473528619669321e-05,1.0,91,35,1.0,MMe2,X,6,0.008403232508784447,0.1921719381431094,6,0.7825175105359218,0.7825175105359218,0.19449557503049764,0.28635531060792774,0.4711721349129034,0.19783658694512932,0.48759942336857387,0.4705780321737848,0.04466210651601113,0.37883060822910497
64,40,0,0.0,0.009845288326300985,0.00010156111286410765,1.0,614,26,1.0,M2Me3,M,6,0.015520114543694037,0.2831097791872281,6,0.9927744366056233,0.9927744366056233,0.028212057622630154,7.49343429207797e-16,0.05720532477814733,5.570356481073612e-16,3.52057227637952e-16,0.11065503117546834,9.82658880625699e-16,0.14414676195562404
64,41,1,0.14285714285714285,0.02390998593530239,5.974581861395595,0.16346034704206552,521,6,1.0,MMe3,X,6,0.021089198541208082,0.18230216916675737,6,0.7114482605043951,0.7114482605043951,0.20928272665105166,0.193183221565576,0.43937753809473895,0.5387570572005237,0.12930400785527812,0.4873078879973174,0.2631338581909762,0.23500400563392165
64,42,0,0.0,0.012658227848101266,7.899375949300006e-05,1.0,707,8,1.0,MMe2,X,6,0.004806266616239431,0.16475358202170953,6,0.8995113196870992,0.8995113196870992,0.111420614710062,0.010394008467093232,0.18714214668251555,0.01964280482351765,0.026512926181011344,0.4717635816563605,0.035221516145386204,0.3364047778646074
64,43,2,0.2857142857142857,0.06469760900140648,4.416096267356761,0.07409017596030291,485,5,1.0,MMe3,M,6,0.017652665177296318,0.3196282689565921,8,0.8356860305009253,0.609059776661942,0.23000970439427776,0.08900157320922422,0.31162975005514043,0.11136177139084917,0.023238455811985973,0.8356860305009253,0.14234666706183519,0.19949951932200632
64,44,0,0.0,0.07313642756680731,1.3672889972600566e-05,1.0,647,2,1.0,MMe3,M,6,0.012901240821926336,0.23907488961995418,6,0.8526879243386982,0.8526879243386982,0.28132434815114415,0.064375968297289,0.4359185761219579,0.20544497846364543,0.3996100880320871,0.3209786301749582,0.25270588068508093,0.7554457842149568
64,45,0,0.0,0.009845288326300985,0.00010156111286410765,1.0,340,6,1.0,MMe3,M,6,0.013552012495863325,0.10084776929577191,10,0.5809458567707357,0.36367349232763485,0.15596832205914649,0.32636147711321073,0.47596935776267646,0.2893232020623338,0.26691686627887823,0.3506854213778273,0.410984907492573,0.5809458567707357
64,46,0,0.0,0.02250351617440225,4.4435525396340194e-05,1.0,669,80,1.0,M3Me8,X,6,0.04646744993100421,0.23771945479424558,6,0.9454967054830968,0.9454967054830968,0.03144819690292321,0.3268356572396238,0.07765040977123261,0.199290608088417,0.5589468381922749,0.08996660576873382,0.2779652157796346,0.21609966619868246
64,47,0,0.0,0.0028129395218002813,0.00035537366466221256,1.0,315,6,1.0,M5Me7,M,6,0.04522831312284696,0.25727834671806155,4,0.6125316618695421,0.25945459974332047,0.28309292039687284,0.22583480668959907,0.6125316618695421,0.26922712028873,0.3121218599514106,0.5832364238024685,0.25654888442480883,0.29815275346831654
64,48,0,0.0,0.008438818565400843,0.00011848595941380948,1.0,707,0,1.0,MMe2,M,6,0.1979805602332847,0.19183701535608608,8,0.6557174480578738,0.4313329256688468,0.25540269974409563,0.09232234865530806,0.3983818751553511,0.31650343577765044,0.33268908712728873,0.6557174480578738,0.1436963842538606,0.3054376512870061
64,49,0,0.0,0.026722925457102673,3.7419652348798944e-05,1.0,717,0,1.0,MMe,M,6,0.24361714759523723,0.23343778498447942,6,0.9999976905453691,0.9999976905453691,0.00018850465186430094,3.9904111675753865e-07,0.0003777714955178823,0.0011747806629974948,0.0016465351068718165,0.0007524895413606204,3.5911852459860533e-06,0.0009463283549600265
64,50,1,0.14285714285714285,0.030942334739803096,4.616766229574515,0.20457439884996947,587,34,1.0,MMe4,X,6,0.043678059395152014,0.2358881350046944,7,0.5836303065022234,0.5436944947778224,0.19488888658605205,0.13397376556524096,0.38829481771622726,0.4612888259487964,0.5836303065022234,0.4663513148838481,0.40967031338645465,0.24318694322516307
64,51,0,0.0,0.011251758087201125,8.886710193631541e-05,1.0,671,2,1.0,MMe2,M,6,0.2409258585130327,0.19302934608648725,4,0.9800511171300967,0.29184877791837766,0.3286483124856809,0.05311046185264145,0.9800511171300967,0.08269296635868406,0.12407250225118709,0.9228234103382209,0.13904219454297198,0.22183645055792123
64,52,0,0.0,0.014064697609001406,7.109494514939989e-05,1.0,562,160,1.0,M2Me5,X,6,0.024739638132114293,0.11257882904279691,8,0.8498699108113404,0.4512167832935518,0.13951049170629476,0.17174311729492459,0.14743137320332103,0.004065361837452096,0.37898304209071176,0.8498699108113404,0.26152986380864673,0.29727817744294877
64,53,0,0.0,0.026722925457102673,3.7419652348798944e-05,1.0,22,40,1.0,MMe3,X,6,0.011720797795662869,0.11414793424475188,7,0.6469355983893934,0.11814763209954222,0.258924615756474,0.09245684280075266,0.43998144786245635,0.14625819602808335,0.6469355983893934,0.36412678756623607,0.5087805501152352,0.36762347751509783
64,54,0,0.0,0.014064697609001406,7.109494514939989e-05,1.0,670,80,1.0,M5Me16,X,6,0.15091409201677114,0.12023068193004532,8,0.5208546217358645,0.4164276983485288,0.17959875968651048,0.38691596753243807,0.20732316120552288,0.15411938278844414,0.23330264257415845,0.5208546217358645,0.37450575643861705,0.357496717984877
64,55,0,0.0,0.11533052039381153,8.670656526380607e-06,1.0,323,24,1.0,MMe,M,6,0.1046504154542735,0.20642161829075265,6,0.9035154162120544,0.9035154162120544,2.0014830212433605e-16,0.21964128003172073,4.311322028175613e-16,4.1920210855210774e-16,1.0467283057891834e-16,6.587037401205794e-16,0.6165398451221382,1.1993206741129766e-15
64,56,0,0.0,0.01828410689170183,5.4689316607376314e-05,1.0,320,1,1.0,MMe2,M,6,0.0037665472398822676,0.1395708239421552,5,0.931727475002301,0.44150828695471245,0.15332303591286228,0.19674217464560284,0.008356572926735343,0.931727475002301,0.14337948036452308,0.2699145511575259,0.17818147367156736,0.7396528050681017
64,57,0,0.0,0.011251758087201125,8.886710193631541e-05,1.0,684,2,1.0,M2Me3,M,6,0.1916953950015303,0.21752334711022525,8,0.9100962106619593,0.5236116507798412,0.26702515459716947,0.05180825624682499,0.3100515367506802,0.12449542109048142,0.08480836952270626,0.9100962106619593,0.24164359251149642,0.043821528361162806
64,58,0,0.0,0.011251758087201125,8.886710193631541e-05,1.0,670,36,1.0,M5Me16,X,6,0.05195956225667934,0.15319730780446353,7,0.7802595334258358,0.3720699588132142,0.2656845286184865,0.19640173885194837,0.10952340918290367,0.14647451524536387,0.7802595334258358,0.20127241163815557,0.5135640682708125,0.40338910915551046
64,59,0,0.0,0.01969057665260197,5.078313522791806e-05,1.0,539,14,1.0,MMe2,X,6,0.01948960758258462,0.21011953181584264,4,0.8073156764486982,0.5680857706691754,0.25008973582456406,0.3742430219280656,0.8073156764486982,0.33633827365466445,0.499002242732481,0.44918499658109273,0.6509881038391943,0.5334314400407506
64,60,1,0.14285714285714285,0.05063291139240506,2.8213925989247426,0.3106111881283556,566,11,1.0,MMe5,X,6,0.013167293517477644,0.3170536534312456,6,0.705991769276955,0.705991769276955,0.14693451337982108,0.078420665384813,0.27912631661149523,0.33040416863809347,0.22703713247124332,0.430978426816268,0.18713959025775437,0.444078703938422
64,61,0,0.0,0.007032348804500703,0.00014217978203499463,1.0,615,77,1.0,M2Me3,X,6,0.025413657193337106,0.15803174830091282,7,0.8209416217767534,0.22487257650203818,0.2723920641517735,0.36862537028726206,0.27121272100907096,0.0971740493260959,0.8209416217767534,0.5899819010675019,0.36272227088507364,0.6316812393069727
64,62,0,0.0,0.008438818565400843,0.00011848595941380948,1.0,567,24,1.0,MMe3,X,6,0.026612890681153887,0.1739183522551804,6,0.9008930919357251,0.9008930919357251,0.1111746882983768,0.0037560806901987243,0.185247114961691,0.006909536871834172,0.025048063161061267,0.47331542021544615,0.004673270596661185,0.32762337340270925
64,63,1,0.14285714285714285,0.012658227848101266,11.284901778473786,0.09388945096283817,489,9,1.0,MMe4,X,6,0.07036416369206125,0.27871705421126847,3,0.7120520409813528,0.01403621813142027,2.0934566115783667e-16,0.7120520409813528,6.466380673514923e-16,4.842886213645296e-16,1.2907917702367806e-15,1.30329759228778e-15,0.6920630054450781,8.632038555647311e-16
96,0,0,0.0,0.12658227848101267,7.899937590493034e-06,1.0,116,5,1.0,MMe2,M,6,0.0001223631593907073,0.3263478588071955,6,0.9999999990007826,0.9999999990007826,1.0536743773065813e-05,1.7115370686934262e-13,2.1073820598020788e-05,9.024279117553916e-09,1.2634789850982082e-08,4.21463089462625e-05,1.5404619454182559e-12,5.268538407176637e-05
96,1,0,0.0,0.015471167369901548,6.46321860468837e-05,1.0,669,48,1.0,M3Me8,X,6,0.019047802077462043,0.22798448852120384,6,0.5486888382801947,0.5486888382801947,0.059105177826355354,0.3251457762283867,0.15262259017489976,0.539500970735531,0.2360343525509377,0.2279012259662718,0.2101951618442431,0.31042720064978796
96,2,0,0.0,0.10548523206751055,9.479910130451962e-06,1.0,185,36,1.0,MMe2,X,6,0.008505665374327412,0.1922106440556988,6,0.7825418567713547,0.7825418567713547,0.19458620944208582,0.14376852921347597,0.4710403475773759,0.4428865180110777,0.22202686804511815,0.4706910662192626,0.3010418828382916,0.3786528000569538
96,3,0,0.0,0.07032348804500703,1.4219797794475362e-05,1.0,619,1,1.0,MMe,X,6,7.348141890692665e-08,0.16666675125303984,6,0.8334290149316964,0.8334290149316964,0.6377310750892841,2.3664691618201993e-16,0.38793758717383675,2.2906525571057263e-16,4.999429050784246e-16,0.6500048941968353,6.476300976980079e-16,0.0206350713836907
96,4,1,0.14285714285714285,0.02390998593530239,5.974581861395595,0.16346034704206552,413,35,1.0,MMe5,X,6,0.045257921784259685,0.22500650845524373,5,0.9696041365210775,0.5919551477828794,0.19286028403474045,0.23092821275653627,0.4847752252979955,0.9696041365210775,0.1849649608770893,0.2739093522659741,0.4086771488669054,0.8817811508189431
96,5,0,0.0,0.03375527426160337,2.9624122385374333e-05,1.0,24,0,1.0,MMe3,M,6,0.00808040655537096,0.328352757943562,4,0.9998086165895783,0.33376389449575516,0.33338118262027017,0.3418044722022796,0.9998086165895783,0.3192174708306482,0.35308986686602584,0.9992346861239719,0.30794180078688516,0.33452887877850157
96,6,0,0.0,0.008438818565400843,0.00011848595941380948,1.0,312,7,1.0,M2Me3,M,6,0.03555883631826514,0.1776996715501493,10,0.693621889626977,0.5668928445051216,0.2541905834115344,0.18643770523051648,0.1918713247806803,0.3200061338710471,0.11757830412921838,0.34449183625745844,0.3568816158816233,0.693621889626977
96,7,0,0.0,0.005625879043600563,0.00017771841055252426,1.0,706,17,1.0,M2Me5,M,6,0.21949305651676335,0.17090461270102297,8,0.8437413238045544,0.4698276541680392,0.2703288049046507,0.08039344835300502,0.34574860610188823,0.19210325862735364,0.2087227892381604,0.8437413238045544,0.20674417559137281,0.16046919343044727
96,8,0,0.0,0.007032348804500703,0.00014217978203499463,1.0,316,95,1.0,M5Me7,X,6,0.02769503634304998,0.12681203796039778,7,0.5704300160421918,0.5692175669897104,0.1854237230114701,0.31648588772987596,0.17912878295428125,0.15330615730318636,0.5704300160421918,0.34004891182011737,0.2045791152149516,0.3708278659698343
96,9,1,0.14285714285714285,0.07735583684950774,1.846742300684596,0.4349934242470713,694,8,1.0,MMe3,X,6,0.020756408552177565,0.1982565140808747,7,0.7232417512565327,0.09866181670737993,0.1851340494838018,0.2920358160375897,0.2502814484564514,0.2668007202866447,0.7232417512565327,0.17395028637138282,0.38246588392716463,0.6618393680333551
96,10,0,0.0,0.004219409282700422,0.0002369438443088988,1.0,52,2,1.0,M4Me,M,6,0.23198530437701823,0.2857958573540357,6,0.7033205486981973,0.7033205486981973,0.06912448478351109,0.04267452217054493,0.015982803313603803,0.45641413711591927,0.3951656884846227,0.30396697825997926,0.2687259413910855,0.34522826013897123
96,11,0,0.0,0.01828410689170183,5.4689316607376314e-05,1.0,707,8,1.0,MMe2,X,6,0.004806266616239431,0.16475358202170953,6,0.8995113196870992,0.8995113196870992,0.111420614710062,0.010394008467093232,0.18714214668251555,0.01964280482351765,0.026512926181011344,0.4717635816563605,0.035221516145386204,0.3364047778646074
96,12,1,0.14285714285714285,0.052039381153305204,2.7451402101821385,0.31769741673790264,718,0,1.0,MMe4,M,6,0.020201173743511543,0.2910394741002802,4,0.8493878239617527,0.13028923692898195,0.29663495240173027,0.2564936174374825,0.8493878239617527,0.3756559453553165,0.41724046016272964,0.5231005407123629,0.40722966601780863,0.38007593199964235
96,13,0,0.0,0.016877637130801686,5.9246489645488504e-05,1.0,307,23,1.0,MMe2,X,6,0.009917703282501265,0.16334231782556896,6,0.8892138996862003,0.8892138996862003,0.1138979979945973,0.15682195499423643,0.19144196454183426,0.7140653484092635,0.1813424626792041,0.47709615980774733,0.4109621723625715,0.34060515703678634
96,14,0,0.0,0.01969057665260197,5.078313522791806e-05,1.0,513,9,1.0,MMe3,X,6,0.02026506906105287,0.2791559190811963,6,0.8957704881264982,0.8957704881264982,0.07357501220731939,0.6544035346285179,0.10970053608582847,0.37050732155160604,0.18970342461803935,0.3170499700028807,0.5608034454868323,0.1400392573302755
96,15,1,0.14285714285714285,0.012658227848101266,11.284901778473786,0.09388945096283817,658,12,1.0,MMe4,X,6,0.04244953050726236,0.12828578655544762,8,0.523975232910062,0.3551800378319788,0.41591731427653733,0.014870277193861388,0.19851567402304698,0.3661967279879033,0.18462646523663587,0.523975232910062,0.1956190842621353,0.4234684810429288
96,16,0,0.0,0.0970464135021097,1.0304241647596935e-05,1.0,268,6,1.0,MMe2,M,6,0.014380925299689144,0.24315948920560065,4,0.48664380557314707,0.4580139647420301,0.17477515597776883,0.15980751139082383,0.48664380557314707,0.4117704535466366,0.31665038742029283,0.3606171666168624,0.2140047706264772,0.44903699444397194
96,17,0,0.0,0.011251758087201125,8.886710193631541e-05,1.0,485,25,1.0,MMe3,X,6,0.045543251427288864,0.1602423627711912,6,0.8970424996955164,0.8970424996955164,0.11208983429250073,0.014088521987566006,0.18876768628011104,0.03258367351061737,0.04435273963192744,0.47283401126787855,0.0454877524683104,0.34036202850304936
96,18,0,0.0,0.04219409282700422,2.3699438323311737e-05,1.0,245,0,1.0,MMe,M,6,0.19707775037236255,0.16482022572070573,10,0.8682728340116941,0.030793950944038508,0.1474025300557023,0.12205872390828684,0.28674076573763285,0.6320776284826328,0.19089079918201862,0.31580863333367737,0.06656051844841038,0.8682728340116941
96,19,0,0.0,0.015471167369901548,6.46321860468837e-05,1.0,53,8,1.0,M6Me7,M,6,0.10228633245428531,0.23668023960123388,6,0.5717087390885423,0.5717087390885423,0.06088679243274218,0.24419724602831272,0.21556449249059784,0.5146055108982509,0.2856557290057075,0.287359367821518,0.35255521867267,0.2905726893604224
96,20,0,0.0,0.005625879043600563,0.00017771841055252426,1.0,615,77,1.0,M2Me3,X,6,0.025413657193337106,0.15803174830091282,7,0.8209416217767534,0.22487257650203818,0.2723920641517735,0.36862537028726206,0.27121272100907096,0.0971740493260959,0.8209416217767534,0.5899819010675019,0.36272227088507364,0.6316812393069727
96,21,0,0.0,0.05625879043600562,1.777468405499092e-05,1.0,106,28,1.0,MMe2,X,6,0.008514368371040195,0.19221395009276485,6,0.782544145417232,0.782544145417232,0.19459392289601105,0.143755354619046,0.4710291775115937,0.44289683419824766,0.22201614689406082,0.4707004427008235,0.3010229897818106,0.3786382845384093
96,22,0,0.0,0.015471167369901548,6.46321860468837e-05,1.0,533,12,1.0,M6Me13,X,6,0.04363691853619955,0.240997598544803,4,0.5629850820979442,0.21565071039428668,0.11583453304748588,0.19483851887848835,0.5629850820979442,0.4219258039783747,0.23644670434516887,0.5161037370925236,0.042760419863773734,0.3236849161645476
96,23,1,0.14285714285714285,0.04360056258790436,3.276445484473842,0.27422585538104016,566,14,1.0,MMe5,X,6,0.012530252531520738,0.3181128037745078,5,0.5617875859396961,0.5404738795993795,0.16910490925325097,0.20430270622658772,0.5198233782208508,0.5617875859396961,0.09747271838052116,0.5069722237255613,0.34907759780093583,0.16499895191401343
96,24,0,0.0,0.0970464135021097,1.0304241647596935e-05,1.0,148,20,1.0,MMe2,X,6,0.006592414981671172,0.1914875567480606,6,0.7820502225220406,0.7820502225220406,0.19290109322400753,0.14664364235886998,0.4735062358940997,0.4406605816331296,0.224401985467841,0.46861016218201385,0.30520331682421525,0.3820417422388216
96,25,0,0.0,0.009845288326300985,0.00010156111286410765,1.0,43,4,1.0,MMe3,X,6,0.14748299243359314,0.22765095098127436,6,0.7616074207401441,0.7616074207401441,0.19466021754072824,0.10593614131877081,0.4354591949532124,0.5295007719861685,0.08518377890732709,0.11064496659685011,0.37245915001520036,0.4540983352160595
96,26,0,0.0,0.011251758087201125,8.886710193631541e-05,1.0,50,34,1.0,MMe2,X,6,0.0036261461803359122,0.16720099720426643,6,0.8877671168833949,0.8877671168833949,0.10922186636345013,0.22607819202410034,0.18928451587698025,0.5879607642014862,0.36796872140399384,0.44784676614531055,0.618607263484222,0.35597699445271624
96,27,0,0.0,0.005625879043600563,0.00017771841055252426,1.0,669,12,1.0,M3Me8,M,6,0.16494527522259653,0.2425897075450434,6,0.8354101105310457,0.8354101105310457,0.09878444018904164,0.05001529964428357,0.21443592876954404,0.20191266208008815,0.2912489812538197,0.2759540598412809,0.31355569730971505,0.447532656201547
96,28,1,0.14285714285714285,0.02531645569620253,5.642673757243731,0.1718257435716449,379,4,1.0,MMe3,X,6,0.019061403364374934,0.17126563820468574,10,0.6143631611766702,0.06845574859129154,0.2707776990286207,0.1254517336892013,0.47492538441766535,0.3372761749074261,0.1869193850621499,0.3576916996982484,0.17165929540962677,0.6143631611766702
96,29,0,0.0,0.016877637130801686,5.9246489645488504e-05,1.0,718,5,1.0,MMe4,X,6,0.04338525829884255,0.20541430847063638,5,0.7209637334539262,0.4379963078909609,0.1243168967196657,0.4630788845267821,0.4317694714438661,0.7209637334539262,0.4422939682370276,0.6048048857567158,0.6490562727640746,0.14640058172921044
96,30,0,0.0,0.016877637130801686,5.9246489645488504e-05,1.0,320,1,1.0,MMe2,M,6,0.0037665472398822676,0.1395708239421552,5,0.931727475002301,0.44150828695471245,0.15332303591286228,0.19674217464560284,0.008356572926735343,0.931727475002301,0.14337948036452308,0.2699145511575259,0.17818147367156736,0.7396528050681017
96,31,0,0.0,0.008438818565400843,0.00011848595941380948,1.0,615,3,1.0,M2Me3,M,6,0.017849363388448527,0.3191331721598264,8,0.6677728652705479,0.39774538370494217,0.2905725930299541,0.09122613620715642,0.4840267307072458,0.1875804266716917,0.21471484261659288,0.6677728652705479,0.11536653842747716,0.3746510285728878
96,32,0,0.0,0.02109704641350211,4.739775334649138e-05,1.0,561,72,1.0,M2Me5,X,6,0.027476477944634835,0.12446295829912304,6,0.6541117621939928,0.6541117621939928,0.30800415742119713,0.21431822908502773,0.05113284981719563,0.38182360059543335,0.12007779202774652,0.10964621313872146,0.2436473441777759,0.41005597805717825
96,33,0,0.0,0.009845288326300985,0.00010156111286410765,1.0,671,6,1.0,MMe2,M,6,0.24132874022539305,0.19298807391771508,4,0.9798261958326977,0.2908509549323745,0.3285341739346457,0.05149003910456583,0.9798261958326977,0.08070807942942927,0.12071275471305137,0.9219824996220999,0.13729983372472987,0.21924348644820152
96,34,0,0.0,0.15330520393811534,6.522893231402866e-06,1.0,104,14,1.0,MMe2,X,6,0.00523987692192438,0.19097642509304263,6,0.7816603485603132,0.7816603485603132,0.19171985828739344,0.28690251193043304,0.4752552894880094,0.19346395608847805,0.49048643976169076,0.46717311230248876,0.03403517688686409,0.3845326156926373
96,35,0,0.0,0.016877637130801686,5.9246489645488504e-05,1.0,22,40,1.0,MMe3,X,6,0.011720797795662869,0.11414793424475188,7,0.6469355983893934,0.11814763209954222,0.258924615756474,0.09245684280075266,0.43998144786245635,0.14625819602808335,0.6469355983893934,0.36412678756623607,0.5087805501152352,0.36762347751509783
96,36,0,0.0,0.016877637130801686,5.9246489645488504e-05,1.0,697,11,1.0,MMe2,M,6,0.322467311268198,0.1229112210517252,7,0.9320968186783377,0.3070076499657316,0.12197858239951585,0.35107988452470595,0.5044721985931836,0.060906354254347025,0.9320968186783377,0.30653115806242903,0.1885636023934294,0.169732781976992
96,37,0,0.0,0.004219409282700422,0.0002369438443088988,1.0,665,2,1.0,M15Me47,M,6,0.21171429780790224,0.2021994469264399,4,0.9940397920891605,0.34352535979599613,0.3345068167614271,0.03194718530291996,0.9940397920891605,0.04931531441048288,0.07657968155162889,0.9763238403407465,0.08455209375719933,0.3597697447847058
96,38,0,0.0,0.02531645569620253,3.949843981162744e-05,1.0,646,6,1.0,MMe6,X,6,0.048196001703400305,0.1566139781508563,5,0.4746836454307433,0.33229558229573686,0.3409311572179963,0.014987888918781686,0.04304376195395469,0.4746836454307433,0.31261177610893615,0.09033133010848209,0.05944127198444551,0.30627347767600366
96,39,0,0.0,0.029535864978902954,3.3855996589829744e-05,1.0,254,9,1.0,MMe,X,6,2.7068091995143915e-08,-2.1255539969849817e-46,6,0.9999999999999869,0.9999999999999869,3.8280064525627225e-08,2.424120458573898e-16,7.656012455817393e-08,2.4836383336901643e-16,2.1937832479093414e-16,1.5312026657520474e-07,2.823048902513451e-16,1.9140030068936574e-07
96,40,0,0.0,0.011251758087201125,8.886710193631541e-05,1.0,231,8,1.0,MMe3,X,6,0.1908869590254758,0.1684737863985482,3,0.5784341212052303,0.37979673323455654,0.22104634828423422,0.5784341212052303,0.5031949694037018,0.20803139458024478,0.058845402430918514,0.48201362487193183,0.344995631161962,0.5197233468211931
96,41,2,0.2857142857142857,0.05625879043600562,5.07849893325289,0.05818878565482536,215,0,1.0,MMe3,M,6,0.00030086187290574777,0.32250804724905596,6,0.9347094248048061,0.9347094248048061,0.006527475948275623,0.18015121126862,0.013020039542447213,0.005304724779614601,0.00906392225250252,0.02279290644190896,0.5166536858462636,0.028158045741211207
96,42,0,0.0,0.016877637130801686,5.9246489645488504e-05,1.0,286,3,1.0,MMe2,M,6,0.2586638486589721,0.144052725507215,6,0.896424415115153,0.896424415115153,0.10813667088976289,0.31805258759377253,0.17725047900200802,0.4301458756146391,0.27797847507533197,0.4545960096868782,0.20968386144522386,0.2972246270375566
96,43,0,0.0,0.02531645569620253,3.949843981162744e-05,1.0,447,2,1.0,MMe4,X,6,0.05513465608134547,0.14103716403864056,4,0.6857507731045032,0.4582106590133748,0.080387790155829,0.41557662691161046,0.6857507731045032,0.5685510198730359,0.5767859329386029,0.5350651146844317,0.45945463360660577,0.5870385040722857
96,44,0,0.0,0.01828410689170183,5.4689316607376314e-05,1.0,281,23,1.0,MMe2,X,6,0.02743575475152731,0.08863721313939112,6,0.9059462336370967,0.9059462336370967,0.3067586213064113,0.02226815980258298,0.29418594538578835,0.3532878006708652,0.3928551865138098,0.3568494551283627,0.17203549576265556,0.4006775047693698
96,45,2,0.2857142857142857,0.04781997187060478,5.974685886505641,0.04380578242753399,678,1,1.0,MMe5,M,6,0.05217478552721457,0.3054674587684035,8,0.8885408286301704,0.26497581019471717,0.34959707399842,0.4177217936616477,0.32104959813000955,0.19087173324584997,0.10002184159783899,0.8885408286301704,0.5073627827792867,0.36123844566544266
96,46,0,0.0,0.0028129395218002813,0.00035537366466221256,1.0,319,0,1.0,M7Me9,M,6,0.07361446322383304,0.23314300879602534,9,0.735540776499263,0.3569019598054574,0.13127427566000352,0.24762333331761918,0.13633698396477434,0.5423919147378498,0.41126644427958514,0.1457378800699863,0.735540776499263,0.20014957476559758
96,47,1,0.14285714285714285,0.04360056258790436,3.276445484473842,0.27422585538104016,480,0,1.0,MMe3,M,6,7.361275912155836e-07,0.23966419333099398,10,0.7163244026350499,0.0740892121212369,0.45328511440782276,0.12036434021977262,0.3052897628909564,0.24111708838325513,0.18944231822779267,0.712730893018696,0.08385025935033293,0.7163244026350499
96,48,0,0.0,0.06469760900140648,1.545628283875873e-05,1.0,552,23,1.0,MMe2,X,6,0.03560605619964715,0.20471286981438577,7,0.5872251916722012,0.32409753151664145,0.18907063986054395,0.16795190194155196,0.48594154320484173,0.534696409589222,0.5872251916722012,0.4644947902897347,0.4591769858851486,0.5021006612177937
96,49,0,0.0,0.007032348804500703,0.00014217978203499463,1.0,505,12,1.0,MMe3,X,6,0.12655378418457283,0.23067612504779011,8,0.7622605337197205,0.7359790612527136,0.18991891131126118,0.011229962476748104,0.27081659619717413,0.0408959241220878,0.0015499142498235547,0.7622605337197205,0.07435966296779244,0.251317522450553
96,50,0,0.0,0.014064697609001406,7.109494514939989e-05,1.0,314,24,1.0,M4Me7,X,6,0.015620844891864381,0.16625872004530956,4,0.467075895237139,0.05525709644493982,0.28114526469439466,0.24968275358145017,0.467075895237139,0.17423002552901587,0.2910518435158422,0.3819479830847775,0.13664928058136197,0.16744729478694131
96,51,0,0.0,0.026722925457102673,3.7419652348798944e-05,1.0,327,0,1.0,MMe2,M,6,0.26925449464678763,0.13939395688116385,6,0.7241004022127209,0.7241004022127209,0.158312864703194,0.3827529173483951,0.23132669812525755,0.06314639607298075,0.3341710124039364,0.5455342886116739,0.6508465194567347,0.22124829903201007
96,52,0,0.0,0.02812939521800281,3.554873624242658e-05,1.0,324,2,1.0,MMe,X,6,0.06187389707746084,0.2047498941095446,8,0.9968308087106662,0.38206256590148213,0.31707736858222046,2.2561041926882908e-06,0.33254056414873007,4.136326489027434e-06,4.981835210286315e-06,0.9968308087106662,7.757756610845174e-06,0.25224672605432796
96,53,0,0.0,0.014064697609001406,7.109494514939989e-05,1.0,562,149,1.0,M2Me5,X,6,0.024739638132114734,0.11257882904279705,8,0.8498699108113409,0.4512167832935516,0.13951049170629498,0.1717431172949246,0.14743137320332073,0.004065361837452869,0.37898304209071126,0.8498699108113409,0.2615298638086474,0.2972781774429479
96,54,3,0.42857142857142855,0.07876230661040788,5.441270142343115,0.014554885034685498,210,7,1.0,MMe3,X,6,0.019883144455395022,0.18761528141240358,6,0.7277042690463394,0.7277042690463394,0.21643874832564206,0.17677785128674295,0.43300261644850085,0.5451302368885302,0.11061869313097589,0.49305950677344634,0.2580361149579168,0.26194276228690944
96,55,0,0.0,0.004219409282700422,0.0002369438443088988,1.0,318,24,1.0,M7Me9,M,6,1.6132376073976022e-16,0.31948763783790746,6,1.0,1.0,2.6253809401839307e-15,2.0687784610393942e-17,5.2050729198763195e-15,6.069670494678223e-16,8.328728399492168e-16,1.0471240251282618e-14,2.068778461039394e-16,1.315917439553863e-14
96,56,0,0.0,0.0028129395218002813,0.00035537366466221256,1.0,286,31,1.0,MMe2,X,6,0.010387294632554996,0.12350239057841811,6,0.8777007992347079,0.8777007992347079,0.3108295240126681,0.034738110486637934,0.2597277146128618,0.17601833425333105,0.27597582520577146,0.3285256151344591,0.08167170157026872,0.34878043533471276
96,57,0,0.0,0.008438818565400843,0.00011848595941380948,1.0,561,1,1.0,M2Me5,M,6,0.19035366553466015,0.1968168425149925,8,0.632627401427681,0.35902224275441036,0.27147693654849336,0.1187783167245312,0.39384716425064203,0.3566628162830305,0.4035104444527108,0.632627401427681,0.1873712839026018,0.19282162985082493
96,58,1,0.14285714285714285,0.030942334739803096,4.616766229574515,0.20457439884996947,587,34,1.0,MMe4,X,6,0.043678059395152014,0.2358881350046944,7,0.5836303065022234,0.5436944947778224,0.19488888658605205,0.13397376556524096,0.38829481771622726,0.4612888259487964,0.5836303065022234,0.4663513148838481,0.40967031338645465,0.24318694322516307
96,59,0,0.0,0.004219409282700422,0.0002369438443088988,1.0,315,17,1.0,M5Me7,M,6,0.21557507885593932,0.16486637454852685,6,0.8192589583968412,0.8192589583968412,0.11159924407540804,0.1570762847404955,0.23289632568829954,0.0863399608249594,0.21074862023414384,0.35074294347583923,0.4114518727511593,0.49052086746961904
96,60,0,0.0,0.05063291139240506,1.974960994520358e-05,1.0,664,0,1.0,MMe2,M,6,4.319554559679592e-05,0.30885220086540605,6,0.9999983602801132,0.9999983602801132,0.0004199114581577643,9.362829934353004e-08,0.0008403493041682907,0.00019028899543567255,0.0002663052409456316,0.0016785902294411742,8.426522022282738e-07,0.0021021856921692563
96,61,0,0.0,0.011251758087201125,8.886710193631541e-05,1.0,713,9,1.0,MMe3,X,6,0.056408738827623456,0.23426238306761124,6,0.6362473781652447,0.6362473781652447,0.1990435274109383,0.037628471564061475,0.3813876344436783,0.28558865902569364,0.3262372203116095,0.45905134884312043,0.08666886956270647,0.24554062261613227
96,62,0,0.0,0.0759493670886076,1.3166493307838112e-05,1.0,7,0,1.0,MMe,M,6,0.01949945195319658,0.30343282561082074,6,0.8818646341881543,0.8818646341881543,0.113603886928756,0.022178369082297106,0.1808150666559305,0.13301276277244523,0.07116084333432807,0.47305275586621554,0.175828510285516,0.27608406837796406
96,63,0,0.0,0.007032348804500703,0.00014217978203499463,1.0,53,64,1.0,M6Me7,X,6,0.05958172326875961,0.14422154155097444,7,0.7206702059611826,0.30312612619250945,0.3434680681465264,0.26651535583395897,0.2687397910120685,0.5003338184915961,0.7206702059611826,0.219694904067127,0.17171299748842728,0.12950919011166045
96,64,0,0.0,0.007032348804500703,0.00014217978203499463,1.0,340,6,1.0,MMe3,M,6,0.013552012495863325,0.10084776929577191,10,0.5809458567707357,0.36367349232763485,0.15596832205914649,0.32636147711321073,0.47596935776267646,0.2893232020623338,0.26691686627887823,0.3506854213778273,0.410984907492573,0.5809458567707357
96,65,0,0.0,0.0028129395218002813,0.00035537366466221256,1.0,667,0,1.0,M3Me7,M,6,0.24847356389111072,0.1945230130971916,4,0.9985410905252605,0.330101553712298,0.3329737049975266,0.00809929534370648,0.9985410905252605,0.014296347182059051,0.018601406135947556,0.994176823877668,0.02674312146245463,0.3243833162630165
96,66,0,0.0,0.004219409282700422,0.0002369438443088988,1.0,315,69,1.0,M5Me7,X,6,0.033974391013863785,0.15003664525541383,6,0.7786761295966019,0.7786761295966019,0.11792259509355328,0.6430752561852116,0.21240942630228074,0.46326154540040887,0.3035147444954587,0.3452616242386102,0.47448241359566956,0.3361340632365181
96,67,0,0.0,0.035161744022503515,2.8439191189402573e-05,1.0,654,3,1.0,MMe4,X,6,0.015460173482286007,0.18416692659321582,6,0.7151551625637732,0.7151551625637732,0.20380901362870296,0.17596186774093933,0.4552371019929481,0.46569351118437935,0.07906255222099447,0.548846030903979,0.24337138645645087,0.2424248192518355
96,68,0,0.0,0.016877637130801686,5.9246489645488504e-05,1.0,439,16,1.0,MMe4,X,6,0.022515431038248185,0.19880914658906423,7,0.587243493593216,0.37359311125137257,0.1721313876695746,0.47590706241545555,0.27636869228043337,0.19698146343129375,0.587243493593216,0.24809863258903533,0.3054407266564921,0.476728983619017
96,69,0,0.0,0.08720112517580872,1.1467610427886866e-05,1.0,185,5,1.0,MMe2,M,6,1.166704628599513e-05,0.3222304851935838,6,0.9999999999999447,0.9999999999999447,7.829566310106154e-08,1.6081226229577292e-16,1.56591344585566e-07,7.629277997537062e-17,1.4918173637706032e-16,3.131826155818492e-07,2.6039220402043707e-16,3.91478407376263e-07
96,70,0,0.0,0.03375527426160337,2.9624122385374333e-05,1.0,573,8,1.0,MMe5,X,6,0.03316407396743451,0.23008377925009268,5,0.930539415224578,0.5413798159163566,0.19355130390322123,0.20652151514847916,0.5000037707817802,0.930539415224578,0.1498322702158831,0.16500637061939946,0.424887136351953,0.7377406673275528
96,71,0,0.0,0.012658227848101266,7.899375949300006e-05,1.0,318,28,1.0,M7Me9,X,6,0.014567740586766825,0.1627705350950926,10,0.8824577368402511,0.7688613610380424,0.16232549860467718,0.3050593750515547,0.578540963903907,0.6551876390923286,0.1294463066963049,0.055148379658126905,0.3150818296009395,0.8824577368402511
96,72,0,0.0,0.0028129395218002813,0.00035537366466221256,1.0,315,6,1.0,M5Me7,M,6,0.04522831312284696,0.25727834671806155,4,0.6125316618695421,0.25945459974332047,0.28309292039687284,0.22583480668959907,0.6125316618695421,0.26922712028873,0.3121218599514106,0.5832364238024685,0.25654888442480883,0.29815275346831654
96,73,0,0.0,0.009845288326300985,0.00010156111286410765,1.0,670,48,1.0,M5Me16,X,6,0.03930087842914223,0.18815601479195002,6,0.8372757471467261,0.8372757471467261,0.060453922618985016,0.3150465843427117,0.1710481254027538,0.30959965654699345,0.0881110698999308,0.1101061178324007,0.20671118418370163,0.4633956093388143
96,74,0,0.0,0.02109704641350211,4.739775334649138e-05,1.0,561,55,1.0,M2Me5,X,6,0.02884399379186982,0.17247295121415626,6,0.8851977446547764,0.8851977446547764,0.11595634929071813,0.009897526840412925,0.20941735200530195,0.043069807534654496,0.04623805101586375,0.4614377798696677,0.0749834631312321,0.4220144469836275
96,75,0,0.0,0.0028129395218002813,0.00035537366466221256,1.0,315,53,1.0,M5Me7,X,6,0.023621766879595277,0.18833389952470383,10,0.6347410311959174,0.24178302524047598,0.19495358779347824,0.4376634569170728,0.25516270322701434,0.10231638819288719,0.5402144263403195,0.12786570418124935,0.4304251040921742,0.6347410311959174
96,76,0,0.0,0.03938115330520394,2.5392212362036088e-05,1.0,456,30,1.0,MMe2,X,6,0.014730665572239546,0.1747560955937979,7,0.7382894038931025,0.6052411338388758,0.6086670156248819,0.2652248936413391,0.16435425950137153,0.6625353712820296,0.7382894038931025,0.517945578492138,0.17025371974898268,0.2991919514124642
96,77,1,0.14285714285714285,0.02390998593530239,5.974581861395595,0.16346034704206552,613,2,1.0,MMe4,X,6,0.02023937296376967,0.18232274599476078,6,0.7007942062261638,0.7007942062261638,0.20304492415017997,0.2135224008956099,0.427169918500073,0.5540400772653775,0.14536142243364197,0.4177166413351848,0.29461158800222553,0.1703792243809805
96,78,0,0.0,0.008438818565400843,0.00011848595941380948,1.0,395,14,1.0,MMe2,X,6,0.010237636084351855,0.1813330774868613,4,0.474564768650515,0.22635087567722603,0.21167723737140118,0.3536939544878726,0.474564768650515,0.42484837813907406,0.26536381373959567,0.29720458745466627,0.1077340050773977,0.36426014309127636
96,79,0,0.0,0.007032348804500703,0.00014217978203499463,1.0,341,29,1.0,MMe3,X,6,0.15794819139291053,0.18975730749868122,4,0.5073109135969793,0.1618978620831494,0.03010454261146256,0.13667322620214709,0.5073109135969793,0.3333527700671581,0.46862667844463546,0.32476398578372684,0.46043296414609053,0.47158867034535135
96,80,0,0.0,0.016877637130801686,5.9246489645488504e-05,1.0,4,4,1.0,M3Me8,M,6,0.07798167412528367,0.20283344420904612,6,0.9124107760057849,0.9124107760057849,0.09437429317450638,1.7059584221736345e-16,0.21505572807485102,4.728414822345368e-16,9.94391890499724e-16,0.2927918520970478,5.373251323782007e-16,0.554674465929293
96,81,0,0.0,0.046413502109704644,2.15449903488443e-05,1.0,420,20,1.0,MMe5,X,6,0.027277773741113603,0.26745668772755515,7,0.5844894026077914,0.5608880211865822,0.17615604630925039,0.10230882739135234,0.44086921975360815,0.5248046274812355,0.5844894026077914,0.2121929456231131,0.23129313178423977,0.22082652328814498
96,82,0,0.0,0.035161744022503515,2.8439191189402573e-05,1.0,200,2,1.0,MMe3,M,6,0.008510296141679804,0.22819978978651762,10,0.8865299666429511,0.6269552077712662,0.06417957723234785,0.32998980416950013,0.315571855905566,0.6430049119396967,0.41666340971581994,0.039769303224154826,0.15711281955518824,0.8865299666429511
96,83,0,0.0,0.0379746835443038,2.6332639907149108e-05,1.0,17,0,1.0,MMe,M,6,0.2845023577319182,0.11971022574839825,6,0.9952158119828391,0.9952158119828391,0.3028151969307796,0.02188281528129258,0.26052663579697,0.32601645702345206,0.23692750497637682,0.34424474620922046,0.06526938007494622,0.22085682971483694
96,84,0,0.0,0.005625879043600563,0.00017771841055252426,1.0,683,16,1.0,MMe4,M,6,0.167238010209539,0.24743513677565998,6,0.8765861897897421,0.8765861897897421,0.07456583456844355,0.04959725162242932,0.12064739161277477,0.24553849977151446,0.24822560456952175,0.2929333663350445,0.2587575320574332,0.19312298587155066
96,85,0,0.0,0.053445850914205346,1.8710176238544587e-05,1.0,644,0,1.0,MMe5,M,6,0.046704643579525786,0.3105884326802593,4,0.5741463056461044,0.11202104174648331,0.2275502601408296,0.1720845430583393,0.5741463056461044,0.19662265686366134,0.4848822220870047,0.3518821828118432,0.25162223317501853,0.37405556007606355
96,86,0,0.0,0.02812939521800281,3.554873624242658e-05,1.0,597,2,1.0,M7Me16,M,6,0.04294404141606215,0.31214781242793554,9,0.8317350024623754,0.22409825449413703,0.3212829697839325,0.29895427120015144,0.8306924603888983,0.5426277791672148,0.5491799646448874,0.38484315104173894,0.8317350024623754,0.03427931251856399
96,87,0,0.0,0.004219409282700422,0.0002369438443088988,1.0,615,11,1.0,M2Me3,M,6,0.027727124437099574,0.30442153253969906,4,0.9977128526176111,0.3384720528909061,0.3339056114322643,0.02926522269854555,0.9977128526176111,0.048663706063627556,0.06789509438955066,0.9908827967293373,0.08689335346221067,0.3475422710604162
96,88,0,0.0,0.011251758087201125,8.886710193631541e-05,1.0,550,16,1.0,MMe4,X,6,0.011462772143395155,0.1664645664134565,6,0.7941709604736271,0.7941709604736271,0.16009294835026314,0.2166314280287069,0.2477893959027535,0.724258798059781,0.003723363451280505,0.6504672510760653,0.49942067823387404,0.3314385802203191
96,89,1,0.14285714285714285,0.02250351617440225,6.347976635002567,0.15502262719955037,602,0,1.0,MMe4,M,6,0.3690646885296504,0.10674850706418822,6,0.8521638876951523,0.8521638876951523,0.0621958670643745,0.03803553584757042,0.16706525920477397,0.20678714133602918,0.41483728367871103,0.07605075898279856,0.2734223969492358,0.37325771437385974
96,90,0,0.0,0.012658227848101266,7.899375949300006e-05,1.0,294,9,1.0,MMe4,X,6,0.020119024467313628,0.18846188105427183,4,0.7058817340900899,0.2515703409817821,0.08206559439638522,0.21007743691054023,0.7058817340900899,0.2875650545791938,0.5950970334027212,0.1396956036155291,0.48871539667765174,0.27208284240153296
96,91,0,0.0,0.0028129395218002813,0.00035537366466221256,1.0,315,50,1.0,M5Me7,X,6,0.021159921759999444,0.2199989033534704,9,0.7094621573077731,0.6177283943978347,0.16204837788280507,0.4947974075453428,0.35766423857295804,0.299284750151806,0.10422420220768397,0.3124258252131196,0.7094621573077731,0.5338207412905429
96,92,0,0.0,0.030942334739803096,3.2317137387059895e-05,1.0,493,6,1.0,MMe2,X,6,0.06457713523421281,0.15872479848466492,6,0.692749769704569,0.692749769704569,0.15216355445090315,0.1479835461756261,0.5509264732702743,0.42011685448171804,0.42198881015353723,0.5221900880118884,0.3127716627216604,0.3983463893831999
96,93,0,0.0,0.02390998593530239,4.182178027730722e-05,1.0,351,2,1.0,MMe,X,6,3.338971543052578e-08,8.869836974954293e-17,6,0.9999999999999798,0.9999999999999798,4.722019146067661e-08,5.0909791225198976e-17,9.444037618600021e-08,2.489283157781856e-16,5.643123551273061e-16,1.8888077909136786e-07,8.094639142639403e-16,2.3610092340457337e-07
96,94,0,0.0,0.008438818565400843,0.00011848595941380948,1.0,665,28,1.0,M15Me47,X,6,0.1476381596326811,0.1508848721952193,7,0.5411947184528678,0.0687858875294394,0.5228905342527417,0.284839090042253,0.13479211580212766,0.07500489632073737,0.5411947184528678,0.38960947333068596,0.339801536172506,0.33981299080248367
96,95,0,0.0,0.004219409282700422,0.0002369438443088988,1.0,300,8,1.0,MMe2,X,6,0.14901188722611897,0.23408927537543184,5,0.8532454380263857,0.6022432122932844,0.11753711671551106,0.24629295511444055,0.0671067005375778,0.8532454380263857,0.09034181985173796,0.3389051863629673,0.16443975002166283,0.48718387718068623
